Workbook

Sheet Draft
A1: Draft Sheet | B1: Bank
A10: Captain | B10: =B23 -> Elmer | C10: =C23 -> Matt | D10: =D23 -> Taran | E10: =E23 -> Leo | F10: =F23 -> Maas | G10: =G23 -> BXu | I10: Trades Made:
A11: Keeper | B11: =B23 -> Elmer | C11: =C23 -> Matt | D11: =D23 -> Taran | E11: =E23 -> Leo | F11: Hawkins | G11: JChan
A12: 1st Round | B12: 1. Nikita S | C12: 2. Porco | D12: 3. Mike H | E12: 4. Fritz | F12: 5. Grish | G12: 6. DC
A13: 2nd Round | B13: 12. Sonne | C13: 11. Marmo | D13: 10. Madams | E13: 9. Arnav | F13: 8. Rockett | G13: 7. Schmid
A14: 3rd Round | B14: 13. Crosby | C14: 14. Swit | D14: 15. Jay S | E14: 16. Lanuza | F14: 17. Du | G14: 18. Kian
A15: 4th Round | B15: 24. Emi | C15: 23. KZ | D15: 22. Tripp | E15: 21. Samos | F15: 20. Raymond | G15: 19. Hando
A16: 5th Round | B16: 25. SoHo | C16: 26. Somil | D16: 27. Lulu | E16: 28. Kyi | F16: 29. Derek | G16: 30. Petric | I16: Future Trades:
A17: 6th Round | B17: 36. Nagle | C17: 35. Suyoag | D17: 34. Ilt | E17: 33. TC | F17: 32. Neo | G17: 31. Mike Zhou
A18: 7th Round
A19: 8th Round
A21: Teams
B22: Candice? | C22: Team C | D22: Team E | E22: Migos | F22: Gargantuan | G22: Team F
A23: Captain | B23: Elmer | C23: Matt | D23: Taran | E23: Leo | F23: Maas | G23: BXu
A24: Keeper | B24: John Y | C24: Gid | D24: Miguel F | E24: Seb | F24: Hawkins | G24: JChan
A25: Pick 1 | B25: Porco | C25: Nikita S | D25: Mike H | E25: Fritz | F25: Grish | G25: DC
A26: Pick 2 | B26: Marmo | C26: Sonne | D26: Madams | E26: Arnav | F26: Rockett | G26: Schmid | H26: =B30
A27: Pick 3 | B27: Swit | C27: Crosby | D27: Jay S | E27: Lanuza | F27: Du | G27: Kian
A28: Pick 4 | B28: Emi | C28: Kevin Zhou | D28: Tripp | E28: Samos | F28: Raymond | G28: Hando
A29: Pick 5 | B29: SoHo | C29: Somil | D29: Lulu | E29: Kyi | F29: Derek | G29: Petric
A30: Pick 6 | C30: Suyoag | D30: Ilt | E30: TC | F30: Neo | G30: Mike Zhou
A31: Pick 7 | C31: Will Ho | D31: Pasha | E31: Adi | F31: Brendan | G31: Cole
A32: Pick 8 | C32: Nagle | F32: Hanono
A35: Pledge Draft | B35: Bank
A42: Teams
B43: Candice? | C43: =C22 -> Team C | D43: =D22 -> Team E | E43: Migos | F43: =F22 -> Gargantuan | G43: =G22 -> Team F
A44: Captain | B44: =B23 -> Elmer | C44: =C23 -> Matt | D44: =D23 -> Taran | E44: =E23 -> Leo | F44: =F23 -> Maas | G44: =G23 -> BXu
A46: 1 | B46: John | C46: Gid | D46: Guel | E46: Seb | F46: Hawkins | G46: JChan | H46: =7*6+12 -> 54
A47: =A46+1 -> 2 | B47: Porco | C47: Skeet | D47: Mike Harrison | E47: Fritz | F47: Grish | G47: DC
A48: =A47+1 -> 3 | B48: Marmo | C48: Sonne | D48: Madams | E48: Arnav | F48: Rockett | G48: Schmid
A49: =A48+1 -> 4 | B49: Swit | C49: Crosby | D49: Saluja | E49: Lanuza | F49: Du | G49: Kian
A50: =A49+1 -> 5 | B50: Emi | C50: Kevin Zhou | D50: Tripp | E50: Samos | F50: Raymond | G50: Hando
A51: =A50+1 -> 6 | B51: SoHo | C51: Somil | D51: Lulu | E51: Kyi | F51: Derek | G51: Petric
A52: =A51+1 -> 7 | C52: Suyoag | D52: Ilt | E52: TC | F52: Neo | G52: Mike Zhou
A53: =A52+1 -> 8 | C53: Will Ho | D53: Pasha | E53: Adi | F53: Brendan | G53: Cole
A54: =A53+1 -> 9 | C54: Nagle | F54: Hanono
A55: =A54+1 -> 10
A56: =A55+1 -> 11

Sheet General Info
A1: Example Schedule | B1: Date | D1: Bylaws
A2: Draft | B2: August 29th | E2: Members
A3: Game 1 | B3: September 1st/2nd | F3: Candice? | G3: =Draft!C22 -> Team C | H3: =Draft!D22 -> Team E | I3: Migos | J3: =Draft!F22 -> Gargantuan | K3: =Draft!G22 -> Team F
A4: Game 2 | B4: September 8th/9th | E4: Captain | F4: =Draft!B23 -> Elmer | G4: =Draft!C23 -> Matt | H4: =Draft!D23 -> Taran | I4: =Draft!E23 -> Leo | J4: =Draft!F23 -> Maas | K4: =Draft!G23 -> BXu
A5: Combine | B5: September 15th | C5: After Pinning | E5: Keeper | F5: =Draft!B24 -> John Y | G5: =Draft!C24 -> Gid | H5: =Draft!D24 -> Miguel F | I5: =Draft!E24 -> Seb | J5: =Draft!F24 -> Hawkins | K5: =Draft!G24 -> JChan
A6: Game 3 | B6: September 15th/16th | C6: Pinning/Pledge Night | E6: Pick 1 | F6: =Draft!B25 -> Porco | G6: =Draft!C25 -> Nikita S | H6: =Draft!D25 -> Mike H | I6: =Draft!E25 -> Fritz | J6: Grish | K6: =Draft!G25 -> DC
A7: Pledge Draft | B7: September 17th | E7: Pick 2 | F7: =Draft!B26 -> Marmo | G7: =Draft!C26 -> Sonne | H7: =Draft!D26 -> Madams | I7: =Draft!E26 -> Arnav | J7: =Draft!F26 -> Rockett | K7: =Draft!G26 -> Schmid
A8: Game 4 | B8: September 22nd/23rd | E8: Pick 3 | F8: =Draft!B27 -> Swit | G8: =Draft!C27 -> Crosby | H8: =Draft!D27 -> Jay S | I8: =Draft!E27 -> Lanuza | J8: =Draft!F27 -> Du | K8: =Draft!G27 -> Kian
A9: Game 5 | B9: September 29th/30th | E9: Pick 4 | F9: =Draft!B28 -> Emi | G9: =Draft!C28 -> Kevin Zhou | H9: =Draft!D28 -> Tripp | I9: =Draft!E28 -> Samos | J9: =Draft!F28 -> Raymond | K9: =Draft!G28 -> Hando
A10: Game 6 | B10: October 6th/7th | E10: Pick 5 | F10: =Draft!B29 -> SoHo | G10: =Draft!C29 -> Somil | H10: =Draft!D29 -> Lulu | I10: =Draft!E29 -> Kyi | J10: =Draft!F29 -> Derek | K10: =Draft!G29 -> Petric
A11: Bye Week | B11: October 13th | C11: Fall Break | E11: Pick 6 | F11: =Draft!B30 | G11: =Draft!C30 -> Suyoag | H11: =Draft!D30 -> Ilt | I11: =Draft!E30 -> TC | J11: =Draft!F30 -> Neo | K11: =Draft!G30 -> Mike Zhou
A12: Bye Week | B12: October 21st | C12: Fall Break | E12: Pick 7 | F12: =Draft!B31 | G12: =Draft!C31 -> Will Ho | H12: =Draft!D31 -> Pasha | I12: =Draft!E31 -> Adi | J12: =Draft!F31 -> Brendan | K12: =Draft!G31 -> Cole
A13: Game 7 | B13: October 27th/28th | E13: Pick 8 | F13: =Draft!B32 | G13: =Draft!C32 -> Nagle | H13: =Draft!D32 | I13: =Draft!E32 | J13: =Draft!F32 -> Hanono | K13: =Draft!G32
A14: Semifinals (1) | B14: November 3rd/4th | C14: Game 1 | E14: Pledge 1
A15: Semifinals (2/3) | B15: November 10th/11th | C15: Game 2/3 | E15: Pledge 2
A16: Finals | B16: November 17th/18th | E16: Pledge 3
E17: Pledge 4
A18: Thanksgiving | B18: November 24th | E18: Pledge 5
A19: If Season Delayed | B19: December 1st
A20: Last Possible Game | B20: December 8th

Sheet Team Stats
A1: =Draft!B23 -> Elmer | G1: =Draft!D23 -> Taran
A2: =Draft!B22 -> Candice? | B2: Opponent | C2: Home/Away | D2: Result | E2: Margin | G2: =Draft!D22 -> Team E | H2: Opponent | I2: Home/Away | J2: Result | K2: Margin
A3: Game 1 | B3: =VLOOKUP(A2, 'Full Schedule'!$A$3:$B$9, 2, False) -> Team F | C3: Home | D3: =if('Week 1'!$A$1=A2, 'Week 1'!$E$1, if('Week 1'!$J$1=A2, 'Week 1'!$N$1, if('Week 1'!$A$21=A2, 'Week 1'!$E$21, if('Week 1'!$J$21=A2, 'Week 1'!$N$21, if('Week 1'!$A$41=A2, 'Week 1'!$E$41, if('Week 1'!$J$41=A2, 'Week 1'!$N$41)))))) -> Loss | E3: =if('Week 1'!$A$1=A2, 'Week 1'!$H$1, if('Week 1'!$J$1=A2, 'Week 1'!$Q$1, if('Week 1'!$A$21=A2, 'Week 1'!$H$21, if('Week 1'!$J$21=A2, 'Week 1'!$Q$21, if('Week 1'!$A$41=A2, 'Week 1'!$H$41, if('Week 1'!$J$41=A2, 'Week 1'!$Q$41)))))) -> -1 | G3: Game 1 | H3: =VLOOKUP(G2, 'Full Schedule'!$A$3:$B$9, 2, False) -> Team C | I3: Home | J3: =if('Week 1'!$A$1=G2, 'Week 1'!$E$1, if('Week 1'!$J$1=G2, 'Week 1'!$N$1, if('Week 1'!$A$21=G2, 'Week 1'!$E$21, if('Week 1'!$J$21=G2, 'Week 1'!$N$21, if('Week 1'!$A$41=G2, 'Week 1'!$E$41, if('Week 1'!$J$41=G2, 'Week 1'!$N$41)))))) -> Loss | K3: =if('Week 1'!$A$1=G2, 'Week 1'!$H$1, if('Week 1'!$J$1=G2, 'Week 1'!$Q$1, if('Week 1'!$A$21=G2, 'Week 1'!$H$21, if('Week 1'!$J$21=G2, 'Week 1'!$Q$21, if('Week 1'!$A$41=G2, 'Week 1'!$H$41, if('Week 1'!$J$41=G2, 'Week 1'!$Q$41)))))) -> -20
A4: Game 2 | B4: =vlookup(A2, 'Full Schedule'!$C$3:$D$8, 2, False) -> Gargantuan | C4: Away | D4: =if('Week 2'!$A$1=A2, 'Week 2'!$E$1, if('Week 2'!$J$1=A2, 'Week 1'!$N$1, if('Week 2'!$A$21=A2, 'Week 2'!$E$21, if('Week 2'!$J$21=A2, 'Week 2'!$N$21, if('Week 2'!$A$41=A2, 'Week 2'!$E$41, if('Week 2'!$J$41=A2, 'Week 2'!$N$41)))))) -> Win | E4: =if('Week 2'!$A$1=A2, 'Week 2'!$H$1, if('Week 2'!$J$1=A2, 'Week 2'!$Q$1, if('Week 2'!$A$21=A2, 'Week 2'!$H$21, if('Week 2'!$J$21=A2, 'Week 2'!$Q$21, if('Week 2'!$A$41=A2, 'Week 2'!$H$41, if('Week 2'!$J$41=A2, 'Week 2'!$Q$41)))))) -> 0 | G4: Game 2 | H4: =vlookup(G2, 'Full Schedule'!$C$3:$D$8, 2, False) -> Team F | I4: Away | J4: =if('Week 2'!$A$1=G2, 'Week 2'!$E$1, if('Week 2'!$J$1=G2, 'Week 1'!$N$1, if('Week 2'!$A$21=G2, 'Week 2'!$E$21, if('Week 2'!$J$21=G2, 'Week 2'!$N$21, if('Week 2'!$A$41=G2, 'Week 2'!$E$41, if('Week 2'!$J$41=G2, 'Week 2'!$N$41)))))) -> Loss | K4: =if('Week 2'!$A$1=G2, 'Week 2'!$H$1, if('Week 2'!$J$1=G2, 'Week 2'!$Q$1, if('Week 2'!$A$21=G2, 'Week 2'!$H$21, if('Week 2'!$J$21=G2, 'Week 2'!$Q$21, if('Week 2'!$A$41=G2, 'Week 2'!$H$41, if('Week 2'!$J$41=G2, 'Week 2'!$Q$41)))))) -> -15
A5: Game 3 | B5: =vlookup(A2, 'Full Schedule'!$E$3:$F$8, 2, False) -> Migos | C5: Away | D5: =if('Week 3'!$A$1=A2, 'Week 3'!$E$1, if('Week 3'!$J$1=A2, 'Week 3'!$N$1, if('Week 3'!$A$21=A2, 'Week 3'!$E$21, if('Week 3'!$J$21=A2, 'Week 3'!$N$21, if('Week 3'!$A$41=A2, 'Week 3'!$E$41, if('Week 3'!$J$41=A2, 'Week 3'!$N$41)))))) -> Win | E5: =if('Week 3'!$A$1=A2, 'Week 3'!$H$1, if('Week 3'!$J$1=A2, 'Week 3'!$Q$1, if('Week 3'!$A$21=A2, 'Week 3'!$H$21, if('Week 3'!$J$21=A2, 'Week 3'!$Q$21, if('Week 3'!$A$41=A2, 'Week 3'!$H$41, if('Week 3'!$J$41=A2, 'Week 3'!$Q$41)))))) -> 4 | G5: Game 3 | H5: =vlookup(G2, 'Full Schedule'!$E$3:$F$8, 2, False) -> Team F | I5: Home | J5: =if('Week 3'!$A$1=G2, 'Week 3'!$E$1, if('Week 3'!$J$1=G2, 'Week 3'!$N$1, if('Week 3'!$A$21=G2, 'Week 3'!$E$21, if('Week 3'!$J$21=G2, 'Week 3'!$N$21, if('Week 3'!$A$41=G2, 'Week 3'!$E$41, if('Week 3'!$J$41=G2, 'Week 3'!$N$41)))))) -> Loss | K5: =if('Week 3'!$A$1=G2, 'Week 3'!$H$1, if('Week 3'!$J$1=G2, 'Week 3'!$Q$1, if('Week 3'!$A$21=G2, 'Week 3'!$H$21, if('Week 3'!$J$21=G2, 'Week 3'!$Q$21, if('Week 3'!$A$41=G2, 'Week 3'!$H$41, if('Week 3'!$J$41=G2, 'Week 3'!$Q$41)))))) -> -7 | M5: West
A6: Game 4 | B6: =vlookup(A2, 'Full Schedule'!$G$3:$H$8, 2, False) -> Team E | C6: Home | D6: =if('Week 4'!$A$1=A2, 'Week 4'!$E$1, if('Week 4'!$J$1=A2, 'Week 4'!$N$1, if('Week 4'!$A$21=A2, 'Week 4'!$E$21, if('Week 4'!$J$21=A2, 'Week 4'!$N$21, if('Week 4'!$A$41=A2, 'Week 4'!$E$41, if('Week 4'!$J$41=A2, 'Week 4'!$N$41)))))) -> Win | E6: =if('Week 4'!$A$1=A2, 'Week 4'!$H$1, if('Week 4'!$J$1=A2, 'Week 4'!$Q$1, if('Week 4'!$A$21=A2, 'Week 4'!$H$21, if('Week 4'!$J$21=A2, 'Week 4'!$Q$21, if('Week 4'!$A$41=A2, 'Week 4'!$H$41, if('Week 4'!$J$41=A2, 'Week 4'!$Q$41)))))) -> 5 | G6: Game 4 | H6: =vlookup(G2, 'Full Schedule'!$G$3:$H$8, 2, False) -> Candice? | I6: Away | J6: =if('Week 4'!$A$1=G2, 'Week 4'!$E$1, if('Week 4'!$J$1=G2, 'Week 4'!$N$1, if('Week 4'!$A$21=G2, 'Week 4'!$E$21, if('Week 4'!$J$21=G2, 'Week 4'!$N$21, if('Week 4'!$A$41=G2, 'Week 4'!$E$41, if('Week 4'!$J$41=G2, 'Week 4'!$N$41)))))) -> Loss | K6: =if('Week 4'!$A$1=G2, 'Week 4'!$H$1, if('Week 4'!$J$1=G2, 'Week 4'!$Q$1, if('Week 4'!$A$21=G2, 'Week 4'!$H$21, if('Week 4'!$J$21=G2, 'Week 4'!$Q$21, if('Week 4'!$A$41=G2, 'Week 4'!$H$41, if('Week 4'!$J$41=G2, 'Week 4'!$Q$41)))))) -> -5 | N6: Win % | O6: Margin
A7: Game 5 | B7: =vlookup(A2, 'Full Schedule'!$I$3:$J$8, 2, False) -> Gargantuan | C7: Away | D7: =if('Week 5'!$A$1=A2, 'Week 5'!$E$1, if('Week 5'!$J$1=A2, 'Week 5'!$N$1, if('Week 5'!$A$21=A2, 'Week 5'!$E$21, if('Week 5'!$J$21=A2, 'Week 5'!$N$21, if('Week 5'!$A$41=A2, 'Week 5'!$E$41, if('Week 5'!$J$41=A2, 'Week 5'!$N$41)))))) -> Loss | E7: =if('Week 5'!$A$1=A2, 'Week 5'!$H$1, if('Week 5'!$J$1=A2, 'Week 5'!$Q$1, if('Week 5'!$A$21=A2, 'Week 5'!$H$21, if('Week 5'!$J$21=A2, 'Week 5'!$Q$21, if('Week 5'!$A$41=A2, 'Week 5'!$H$41, if('Week 5'!$J$41=A2, 'Week 5'!$Q$41)))))) -> -11 | G7: Game 5 | H7: =vlookup(G2, 'Full Schedule'!$I$3:$J$8, 2, False) -> Team C | I7: Home | J7: =if('Week 5'!$A$1=G2, 'Week 5'!$E$1, if('Week 5'!$J$1=G2, 'Week 5'!$N$1, if('Week 5'!$A$21=G2, 'Week 5'!$E$21, if('Week 5'!$J$21=G2, 'Week 5'!$N$21, if('Week 5'!$A$41=G2, 'Week 5'!$E$41, if('Week 5'!$J$41=G2, 'Week 5'!$N$41)))))) -> Loss | K7: =if('Week 5'!$A$1=G2, 'Week 5'!$H$1, if('Week 5'!$J$1=G2, 'Week 5'!$Q$1, if('Week 5'!$A$21=G2, 'Week 5'!$H$21, if('Week 5'!$J$21=G2, 'Week 5'!$Q$21, if('Week 5'!$A$41=G2, 'Week 5'!$H$41, if('Week 5'!$J$41=G2, 'Week 5'!$Q$41)))))) -> -23 | M7: =Draft!B22 -> Candice? | N7: =if($M7=$A$2, D$12, if($M7=$G$2, J$12, if($M7=$A$15, D$25, if($M7=$G$15, J$25, if($M7=$A$28, D$38, if($M7=$G$28, J$38)))))) -> 0.57142857 | O7: =if($M7=$A$2, E$12, if($M7=$G$2, K$12, if($M7=$A$15, E$25, if($M7=$G$15, K$25, if($M7=$A$28, E$38, if($M7=$G$28, K$38)))))) -> -8
A8: Game 6 | B8: =vlookup(A2, 'Full Schedule'!$K$3:$L$8, 2, False) -> Migos | C8: Home | D8: =if('Week 6'!$A$1=A2, 'Week 6'!$E$1, if('Week 6'!$J$1=A2, 'Week 6'!$N$1, if('Week 6'!$A$21=A2, 'Week 6'!$E$21, if('Week 6'!$J$21=A2, 'Week 6'!$N$21, if('Week 6'!$A$41=A2, 'Week 6'!$E$41, if('Week 6'!J$41=A2, 'Week 6'!$N$41)))))) -> Loss | E8: =if('Week 6'!$A$1=A2, 'Week 6'!$H$1, if('Week 6'!$J$1=A2, 'Week 6'!$Q$1, if('Week 6'!$A$21=A2, 'Week 6'!$H$21, if('Week 6'!$J$21=A2, 'Week 6'!$Q$21, if('Week 6'!$A$41=A2, 'Week 6'!$H$41, if('Week 6'!$J$41=A2, 'Week 6'!$Q$41)))))) -> -6 | G8: Game 6 | H8: =vlookup(G2, 'Full Schedule'!$K$3:$L$8, 2, False) -> Gargantuan | I8: Away | J8: =if('Week 6'!$A$1=G2, 'Week 6'!$E$1, if('Week 6'!$J$1=G2, 'Week 6'!$N$1, if('Week 6'!$A$21=G2, 'Week 6'!$E$21, if('Week 6'!$J$21=G2, 'Week 6'!$N$21, if('Week 6'!$A$41=G2, 'Week 6'!$E$41, if('Week 6'!$J$41=G2, 'Week 6'!$N$41)))))) -> Win | K8: =if('Week 6'!$A$1=G2, 'Week 6'!$H$1, if('Week 6'!$J$1=G2, 'Week 6'!$Q$1, if('Week 6'!$A$21=G2, 'Week 6'!$H$21, if('Week 6'!$J$21=G2, 'Week 6'!$Q$21, if('Week 6'!$A$41=G2, 'Week 6'!$H$41, if('Week 6'!$J$41=G2, 'Week 6'!$Q$41)))))) -> 4 | M8: =Draft!E22 -> Migos | N8: =if($M8=$A$2, D$12, if($M8=$G$2, J$12, if($M8=$A$15, D$25, if($M8=$G$15, J$25, if($M8=$A$28, D$38, if($M8=$G$28, J$38)))))) -> 0.71428571 | O8: =if($M8=$A$2, E$12, if($M8=$G$2, K$12, if($M8=$A$15, E$25, if($M8=$G$15, K$25, if($M8=$A$28, E$38, if($M8=$G$28, K$38)))))) -> 26.5
A9: Game 7 | B9: =vlookup(A2, 'Full Schedule'!$M$3:$N$8, 2, False) -> Team C | C9: Split | D9: =if('Week 7'!$A$1=A2, 'Week 7'!$E1, if('Week 7'!$J$1=A2, 'Week 7'!$N$1, if('Week 7'!$A$21=A2, 'Week 7'!$E$21, if('Week 7'!$J$21=A2, 'Week 7'!$N$21, if('Week 7'!$A$41=A2, 'Week 7'!$E$41, if('Week 7'!$J$41=A2, 'Week 7'!$N$41)))))) -> Win | E9: =if('Week 7'!$A$1=A2, 'Week 7'!$H$1, if('Week 7'!$J$1=A2, 'Week 7'!$Q$1, if('Week 7'!$A$21=A2, 'Week 7'!$H$21, if('Week 7'!$J$21=A2, 'Week 7'!$Q$21, if('Week 7'!$A$41=A2, 'Week 7'!$H$41, if('Week 7'!$J$41=A2, 'Week 7'!$Q$41)))))) -> 1 | G9: Game 7 | H9: =vlookup(G2, 'Full Schedule'!$M$3:$N$8, 2, False) -> Migos | I9: Split | J9: =if('Week 7'!$A$1=G2, 'Week 7'!$E1, if('Week 7'!$J$1=G2, 'Week 7'!$N$1, if('Week 7'!$A$21=G2, 'Week 7'!$E$21, if('Week 7'!$J$21=G2, 'Week 7'!$N$21, if('Week 7'!$A$41=G2, 'Week 7'!$E$41, if('Week 7'!$J$41=G2, 'Week 7'!$N$41)))))) -> Win | K9: =if('Week 7'!$A$1=G2, 'Week 7'!$H$1, if('Week 7'!$J$1=G2, 'Week 7'!$Q$1, if('Week 7'!$A$21=G2, 'Week 7'!$H$21, if('Week 7'!$J$21=G2, 'Week 7'!$Q$21, if('Week 7'!$A$41=G2, 'Week 7'!$H$41, if('Week 7'!$J$41=G2, 'Week 7'!$Q$41)))))) -> 0.5 | M9: =Draft!G22 -> Team F | N9: =if($M9=$A$2, D$12, if($M9=$G$2, J$12, if($M9=$A$15, D$25, if($M9=$G$15, J$25, if($M9=$A$28, D$38, if($M9=$G$28, J$38)))))) -> 0.71428571 | O9: =if($M9=$A$2, E$12, if($M9=$G$2, K$12, if($M9=$A$15, E$25, if($M9=$G$15, K$25, if($M9=$A$28, E$38, if($M9=$G$28, K$38)))))) -> 20
M11: East
A12: Total | D12: =countif(D3:D9, "Win")/(countif(D3:D9, "Win")+countif(D3:D9, "Loss")) -> 0.57142857 | E12: =SUM(E3:E11) -> -8 | G12: Total | J12: =countif(J3:J9, "Win")/(countif(J3:J9, "Win")+countif(J3:J9, "Loss")) -> 0.28571429 | K12: =SUM(K3:K11) -> -65.5 | N12: Win % | O12: Margin
M13: =Draft!C22 -> Team C | N13: =if($M13=$A$2, D$12, if($M13=$G$2, J$12, if($M13=$A$15, D$25, if($M13=$G$15, J$25, if($M13=$A$28, D$38, if($M13=$G$28, J$38)))))) -> 0.57142857 | O13: =if($M13=$A$2, E$12, if($M13=$G$2, K$12, if($M13=$A$15, E$25, if($M13=$G$15, K$25, if($M13=$A$28, E$38, if($M13=$G$28, K$38)))))) -> 64
A14: =Draft!C23 -> Matt | G14: =Draft!E23 -> Leo | M14: =Draft!D22 -> Team E | N14: =if($M14=$A$2, D$12, if($M14=$G$2, J$12, if($M14=$A$15, D$25, if($M14=$G$15, J$25, if($M14=$A$28, D$38, if($M14=$G$28, J$38)))))) -> 0.28571429 | O14: =if($M14=$A$2, E$12, if($M14=$G$2, K$12, if($M14=$A$15, E$25, if($M14=$G$15, K$25, if($M14=$A$28, E$38, if($M14=$G$28, K$38)))))) -> -65.5
A15: =Draft!C22 -> Team C | B15: Opponent | C15: Home/Away | D15: Result | E15: Margin | G15: =Draft!E22 -> Migos | H15: Opponent | I15: Home/Away | J15: Result | K15: Margin | M15: =Draft!F22 -> Gargantuan | N15: =if($M15=$A$2, D$12, if($M15=$G$2, J$12, if($M15=$A$15, D$25, if($M15=$G$15, J$25, if($M15=$A$28, D$38, if($M15=$G$28, J$38)))))) -> 0.14285714 | O15: =if($M15=$A$2, E$12, if($M15=$G$2, K$12, if($M15=$A$15, E$25, if($M15=$G$15, K$25, if($M15=$A$28, E$38, if($M15=$G$28, K$38)))))) -> -37
A16: Game 1 | B16: =VLOOKUP(A15, 'Full Schedule'!$A$3:$B$9, 2, False) -> Team E | C16: Away | D16: =if('Week 1'!$A$1=A15, 'Week 1'!$E$1, if('Week 1'!$J$1=A15, 'Week 1'!$N$1, if('Week 1'!$A$21=A15, 'Week 1'!$E$21, if('Week 1'!$J$21=A15, 'Week 1'!$N$21, if('Week 1'!$A$41=A15, 'Week 1'!$E$41, if('Week 1'!$J$41=A15, 'Week 1'!$N$41)))))) -> Win | E16: =if('Week 1'!$A$1=A15, 'Week 1'!$H$1, if('Week 1'!$J$1=A15, 'Week 1'!$Q$1, if('Week 1'!$A$21=A15, 'Week 1'!$H$21, if('Week 1'!$J$21=A15, 'Week 1'!$Q$21, if('Week 1'!$A$41=A15, 'Week 1'!$H$41, if('Week 1'!$J$41=A15, 'Week 1'!$Q$41)))))) -> 20 | G16: Game 1 | H16: =VLOOKUP(G15, 'Full Schedule'!$A$3:$B$9, 2, False) -> Gargantuan | I16: Away | J16: =if('Week 1'!$A$1=G15, 'Week 1'!$E$1, if('Week 1'!$J$1=G15, 'Week 1'!$N$1, if('Week 1'!$A$21=G15, 'Week 1'!$E$21, if('Week 1'!$J$21=G15, 'Week 1'!$N$21, if('Week 1'!$A$41=G15, 'Week 1'!$E$41, if('Week 1'!$J$41=G15, 'Week 1'!$N$41)))))) -> Win | K16: =if('Week 1'!$A$1=G15, 'Week 1'!$H$1, if('Week 1'!$J$1=G15, 'Week 1'!$Q$1, if('Week 1'!$A$21=G15, 'Week 1'!$H$21, if('Week 1'!$J$21=G15, 'Week 1'!$Q$21, if('Week 1'!$A$41=G15, 'Week 1'!$H$41, if('Week 1'!$J$41=G15, 'Week 1'!$Q$41)))))) -> 5
A17: Game 2 | B17: =vlookup(A15, 'Full Schedule'!$C$3:$D$8, 2, False) -> Migos | C17: Home | D17: =if('Week 2'!$A$1=A15, 'Week 2'!$E$1, if('Week 2'!$J$1=A15, 'Week 1'!$N$1, if('Week 2'!$A$21=A15, 'Week 2'!$E$21, if('Week 2'!$J$21=A15, 'Week 2'!$N$21, if('Week 2'!$A$41=A15, 'Week 2'!$E$41, if('Week 2'!$J$41=A15, 'Week 2'!$N$41)))))) -> Loss | E17: =if('Week 2'!$A$1=A15, 'Week 2'!$H$1, if('Week 2'!$J$1=A15, 'Week 2'!$Q$1, if('Week 2'!$A$21=A15, 'Week 2'!$H$21, if('Week 2'!$J$21=A15, 'Week 2'!$Q$21, if('Week 2'!$A$41=A15, 'Week 2'!$H$41, if('Week 2'!$J$41=A15, 'Week 2'!$Q$41)))))) -> -10 | G17: Game 2 | H17: =vlookup(G15, 'Full Schedule'!$C$3:$D$8, 2, False) -> Team C | I17: Away | J17: =if('Week 2'!$A$1=G15, 'Week 2'!$E$1, if('Week 2'!$J$1=G15, 'Week 1'!$N$1, if('Week 2'!$A$21=G15, 'Week 2'!$E$21, if('Week 2'!$J$21=G15, 'Week 2'!$N$21, if('Week 2'!$A$41=G15, 'Week 2'!$E$41, if('Week 2'!$J$41=G15, 'Week 2'!$N$41)))))) -> Win | K17: =if('Week 2'!$A$1=G15, 'Week 2'!$H$1, if('Week 2'!$J$1=G15, 'Week 2'!$Q$1, if('Week 2'!$A$21=G15, 'Week 2'!$H$21, if('Week 2'!$J$21=G15, 'Week 2'!$Q$21, if('Week 2'!$A$41=G15, 'Week 2'!$H$41, if('Week 2'!$J$41=G15, 'Week 2'!$Q$41)))))) -> 10
A18: Game 3 | B18: =vlookup(A15, 'Full Schedule'!$E$3:$F$8, 2, False) -> Gargantuan | C18: Home | D18: =if('Week 3'!$A$1=A15, 'Week 3'!$E$1, if('Week 3'!$J$1=A15, 'Week 3'!$N$1, if('Week 3'!$A$21=A15, 'Week 3'!$E$21, if('Week 3'!$J$21=A15, 'Week 3'!$N$21, if('Week 3'!$A$41=A15, 'Week 3'!$E$41, if('Week 3'!$J$41=A15, 'Week 3'!$N$41)))))) -> Win | E18: =if('Week 3'!$A$1=A15, 'Week 3'!$H$1, if('Week 3'!$J$1=A15, 'Week 3'!$Q$1, if('Week 3'!$A$21=A15, 'Week 3'!$H$21, if('Week 3'!$J$21=A15, 'Week 3'!$Q$21, if('Week 3'!$A$41=A15, 'Week 3'!$H$41, if('Week 3'!$J$41=A15, 'Week 3'!$Q$41)))))) -> 26 | G18: Game 3 | H18: =vlookup(G15, 'Full Schedule'!$E$3:$F$8, 2, False) -> Candice? | I18: Home | J18: =if('Week 3'!$A$1=G15, 'Week 3'!$E$1, if('Week 3'!$J$1=G15, 'Week 3'!$N$1, if('Week 3'!$A$21=G15, 'Week 3'!$E$21, if('Week 3'!$J$21=G15, 'Week 3'!$N$21, if('Week 3'!$A$41=G15, 'Week 3'!$E$41, if('Week 3'!$J$41=G15, 'Week 3'!$N$41)))))) -> Loss | K18: =if('Week 3'!$A$1=G15, 'Week 3'!$H$1, if('Week 3'!$J$1=G15, 'Week 3'!$Q$1, if('Week 3'!$A$21=G15, 'Week 3'!$H$21, if('Week 3'!$J$21=G15, 'Week 3'!$Q$21, if('Week 3'!$A$41=G15, 'Week 3'!$H$41, if('Week 3'!$J$41=G15, 'Week 3'!$Q$41)))))) -> -4
A19: Game 4 | B19: =vlookup(A15, 'Full Schedule'!$G$3:$H$8, 2, False) -> Team F | C19: Away | D19: =if('Week 4'!$A$1=A15, 'Week 4'!$E$1, if('Week 4'!$J$1=A15, 'Week 4'!$N$1, if('Week 4'!$A$21=A15, 'Week 4'!$E$21, if('Week 4'!$J$21=A15, 'Week 4'!$N$21, if('Week 4'!$A$41=A15, 'Week 4'!$E$41, if('Week 4'!$J$41=A15, 'Week 4'!$N$41)))))) -> Win | E19: =if('Week 4'!$A$1=A15, 'Week 4'!$H$1, if('Week 4'!$J$1=A15, 'Week 4'!$Q$1, if('Week 4'!$A$21=A15, 'Week 4'!$H$21, if('Week 4'!$J$21=A15, 'Week 4'!$Q$21, if('Week 4'!$A$41=A15, 'Week 4'!$H$41, if('Week 4'!$J$41=A15, 'Week 4'!$Q$41)))))) -> 9 | G19: Game 4 | H19: =vlookup(G15, 'Full Schedule'!$G$3:$H$8, 2, False) -> Gargantuan | I19: Away | J19: =if('Week 4'!$A$1=G15, 'Week 4'!$E$1, if('Week 4'!$J$1=G15, 'Week 4'!$N$1, if('Week 4'!$A$21=G15, 'Week 4'!$E$21, if('Week 4'!$J$21=G15, 'Week 4'!$N$21, if('Week 4'!$A$41=G15, 'Week 4'!$E$41, if('Week 4'!$J$41=G15, 'Week 4'!$N$41)))))) -> Win | K19: =if('Week 4'!$A$1=G15, 'Week 4'!$H$1, if('Week 4'!$J$1=G15, 'Week 4'!$Q$1, if('Week 4'!$A$21=G15, 'Week 4'!$H$21, if('Week 4'!$J$21=G15, 'Week 4'!$Q$21, if('Week 4'!$A$41=G15, 'Week 4'!$H$41, if('Week 4'!$J$41=G15, 'Week 4'!$Q$41)))))) -> 9
A20: Game 5 | B20: =vlookup(A15, 'Full Schedule'!$I$3:$J$8, 2, False) -> Team E | C20: Home | D20: =if('Week 5'!$A$1=A15, 'Week 5'!$E$1, if('Week 5'!$J$1=A15, 'Week 5'!$N$1, if('Week 5'!$A$21=A15, 'Week 5'!$E$21, if('Week 5'!$J$21=A15, 'Week 5'!$N$21, if('Week 5'!$A$41=A15, 'Week 5'!$E$41, if('Week 5'!$J$41=A15, 'Week 5'!$N$41)))))) -> Win | E20: =if('Week 5'!$A$1=A15, 'Week 5'!$H$1, if('Week 5'!$J$1=A15, 'Week 5'!$Q$1, if('Week 5'!$A$21=A15, 'Week 5'!$H$21, if('Week 5'!$J$21=A15, 'Week 5'!$Q$21, if('Week 5'!$A$41=A15, 'Week 5'!$H$41, if('Week 5'!$J$41=A15, 'Week 5'!$Q$41)))))) -> 23 | G20: Game 5 | H20: =vlookup(G15, 'Full Schedule'!$I$3:$J$8, 2, False) -> Team F | I20: Home | J20: =if('Week 5'!$A$1=G15, 'Week 5'!$E$1, if('Week 5'!$J$1=G15, 'Week 5'!$N$1, if('Week 5'!$A$21=G15, 'Week 5'!$E$21, if('Week 5'!$J$21=G15, 'Week 5'!$N$21, if('Week 5'!$A$41=G15, 'Week 5'!$E$41, if('Week 5'!$J$41=G15, 'Week 5'!$N$41)))))) -> Win | K20: =if('Week 5'!$A$1=G15, 'Week 5'!$H$1, if('Week 5'!$J$1=G15, 'Week 5'!$Q$1, if('Week 5'!$A$21=G15, 'Week 5'!$H$21, if('Week 5'!$J$21=G15, 'Week 5'!$Q$21, if('Week 5'!$A$41=G15, 'Week 5'!$H$41, if('Week 5'!$J$41=G15, 'Week 5'!$Q$41)))))) -> 1
A21: Game 6 | B21: =vlookup(A15, 'Full Schedule'!$K$3:$L$8, 2, False) -> Team F | C21: Away | D21: =if('Week 6'!$A$1=A15, 'Week 6'!$E$1, if('Week 6'!$J$1=A15, 'Week 6'!$N$1, if('Week 6'!$A$21=A15, 'Week 6'!$E$21, if('Week 6'!$J$21=A15, 'Week 6'!$N$21, if('Week 6'!$A$41=A15, 'Week 6'!$E$41, if('Week 6'!J$41=A15, 'Week 6'!$N$41)))))) -> Loss | E21: =if('Week 6'!$A$1=A15, 'Week 6'!$H$1, if('Week 6'!$J$1=A15, 'Week 6'!$Q$1, if('Week 6'!$A$21=A15, 'Week 6'!$H$21, if('Week 6'!$J$21=A15, 'Week 6'!$Q$21, if('Week 6'!$A$41=A15, 'Week 6'!$H$41, if('Week 6'!$J$41=A15, 'Week 6'!$Q$41)))))) -> -3 | G21: Game 6 | H21: =vlookup(G15, 'Full Schedule'!$K$3:$L$8, 2, False) -> Candice? | I21: Home | J21: =if('Week 6'!$A$1=G15, 'Week 6'!$E$1, if('Week 6'!$J$1=G15, 'Week 6'!$N$1, if('Week 6'!$A$21=G15, 'Week 6'!$E$21, if('Week 6'!$J$21=G15, 'Week 6'!$N$21, if('Week 6'!$A$41=G15, 'Week 6'!$E$41, if('Week 6'!$J$41=G15, 'Week 6'!$N$41)))))) -> Win | K21: =if('Week 6'!$A$1=G15, 'Week 6'!$H$1, if('Week 6'!$J$1=G15, 'Week 6'!$Q$1, if('Week 6'!$A$21=G15, 'Week 6'!$H$21, if('Week 6'!$J$21=G15, 'Week 6'!$Q$21, if('Week 6'!$A$41=G15, 'Week 6'!$H$41, if('Week 6'!$J$41=G15, 'Week 6'!$Q$41)))))) -> 6
A22: Game 7 | B22: =vlookup(A15, 'Full Schedule'!$M$3:$N$8, 2, False) -> Candice? | C22: Split | D22: =if('Week 7'!$A$1=A15, 'Week 7'!$E14, if('Week 7'!$J$1=A15, 'Week 7'!$N$1, if('Week 7'!$A$21=A15, 'Week 7'!$E$21, if('Week 7'!$J$21=A15, 'Week 7'!$N$21, if('Week 7'!$A$41=A15, 'Week 7'!$E$41, if('Week 7'!$J$41=A15, 'Week 7'!$N$41)))))) -> Loss | E22: =if('Week 7'!$A$1=A15, 'Week 7'!$H$1, if('Week 7'!$J$1=A15, 'Week 7'!$Q$1, if('Week 7'!$A$21=A15, 'Week 7'!$H$21, if('Week 7'!$J$21=A15, 'Week 7'!$Q$21, if('Week 7'!$A$41=A15, 'Week 7'!$H$41, if('Week 7'!$J$41=A15, 'Week 7'!$Q$41)))))) -> -1 | G22: Game 7 | H22: =vlookup(G15, 'Full Schedule'!$M$3:$N$8, 2, False) -> Team E | I22: Split | J22: =if('Week 7'!$A$1=G15, 'Week 7'!$E14, if('Week 7'!$J$1=G15, 'Week 7'!$N$1, if('Week 7'!$A$21=G15, 'Week 7'!$E$21, if('Week 7'!$J$21=G15, 'Week 7'!$N$21, if('Week 7'!$A$41=G15, 'Week 7'!$E$41, if('Week 7'!$J$41=G15, 'Week 7'!$N$41)))))) -> Loss | K22: =if('Week 7'!$A$1=G15, 'Week 7'!$H$1, if('Week 7'!$J$1=G15, 'Week 7'!$Q$1, if('Week 7'!$A$21=G15, 'Week 7'!$H$21, if('Week 7'!$J$21=G15, 'Week 7'!$Q$21, if('Week 7'!$A$41=G15, 'Week 7'!$H$41, if('Week 7'!$J$41=G15, 'Week 7'!$Q$41)))))) -> -0.5
A25: Total | D25: =countif(D16:D22, "Win")/(countif(D16:D22, "Win")+countif(D16:D22, "Loss")) -> 0.57142857 | E25: =SUM(E16:E24) -> 64 | G25: Total | J25: =countif(J16:J22, "Win")/(countif(J16:J22, "Win")+countif(J16:J22, "Loss")) -> 0.71428571 | K25: =SUM(K16:K24) -> 26.5
A27: =Draft!F23 -> Maas | G27: =Draft!G23 -> BXu
A28: =Draft!F22 -> Gargantuan | B28: Opponent | C28: Home/Away | D28: Result | E28: Margin | G28: =Draft!G22 -> Team F | H28: Opponent | I28: Home/Away | J28: Result | K28: Margin
A29: Game 1 | B29: =VLOOKUP(A28, 'Full Schedule'!$A$3:$B$9, 2, False) -> Migos | C29: Away | D29: =if('Week 1'!$A$1=A28, 'Week 1'!$E$1, if('Week 1'!$J$1=A28, 'Week 1'!$N$1, if('Week 1'!$A$21=A28, 'Week 1'!$E$21, if('Week 1'!$J$21=A28, 'Week 1'!$N$21, if('Week 1'!$A$41=A28, 'Week 1'!$E$41, if('Week 1'!$J$41=A28, 'Week 1'!$N$41)))))) -> Loss | E29: =if('Week 1'!$A$1=A28, 'Week 1'!$H$1, if('Week 1'!$J$1=A28, 'Week 1'!$Q$1, if('Week 1'!$A$21=A28, 'Week 1'!$H$21, if('Week 1'!$J$21=A28, 'Week 1'!$Q$21, if('Week 1'!$A$41=A28, 'Week 1'!$H$41, if('Week 1'!$J$41=A28, 'Week 1'!$Q$41)))))) -> -5 | G29: Game 1 | H29: =VLOOKUP(G28, 'Full Schedule'!$A$3:$B$9, 2, False) -> Candice? | I29: Home | J29: =if('Week 1'!$A$1=G28, 'Week 1'!$E$1, if('Week 1'!$J$1=G28, 'Week 1'!$N$1, if('Week 1'!$A$21=G28, 'Week 1'!$E$21, if('Week 1'!$J$21=G28, 'Week 1'!$N$21, if('Week 1'!$A$41=G28, 'Week 1'!$E$41, if('Week 1'!$J$41=G28, 'Week 1'!$N$41)))))) -> Win | K29: =if('Week 1'!$A$1=G28, 'Week 1'!$H$1, if('Week 1'!$J$1=G28, 'Week 1'!$Q$1, if('Week 1'!$A$21=G28, 'Week 1'!$H$21, if('Week 1'!$J$21=G28, 'Week 1'!$Q$21, if('Week 1'!$A$41=G28, 'Week 1'!$H$41, if('Week 1'!$J$41=G28, 'Week 1'!$Q$41)))))) -> 1
A30: Game 2 | B30: =vlookup(A28, 'Full Schedule'!$C$3:$D$8, 2, False) -> Candice? | C30: Home | D30: =if('Week 2'!$A$1=A28, 'Week 2'!$E$1, if('Week 2'!$J$1=A28, 'Week 1'!$N$1, if('Week 2'!$A$21=A28, 'Week 2'!$E$21, if('Week 2'!$J$21=A28, 'Week 2'!$N$21, if('Week 2'!$A$41=A28, 'Week 2'!$E$41, if('Week 2'!$J$41=A28, 'Week 2'!$N$41)))))) -> Loss | E30: =if('Week 2'!$A$1=A28, 'Week 2'!$H$1, if('Week 2'!$J$1=A28, 'Week 2'!$Q$1, if('Week 2'!$A$21=A28, 'Week 2'!$H$21, if('Week 2'!$J$21=A28, 'Week 2'!$Q$21, if('Week 2'!$A$41=A28, 'Week 2'!$H$41, if('Week 2'!$J$41=A28, 'Week 2'!$Q$41)))))) -> 0 | G30: Game 2 | H30: =vlookup(G28, 'Full Schedule'!$C$3:$D$8, 2, False) -> Team E | I30: Home | J30: =if('Week 2'!$A$1=G28, 'Week 2'!$E$1, if('Week 2'!$J$1=G28, 'Week 1'!$N$1, if('Week 2'!$A$21=G28, 'Week 2'!$E$21, if('Week 2'!$J$21=G28, 'Week 2'!$N$21, if('Week 2'!$A$41=G28, 'Week 2'!$E$41, if('Week 2'!$J$41=G28, 'Week 2'!$N$41)))))) -> Win | K30: =if('Week 2'!$A$1=G28, 'Week 2'!$H$1, if('Week 2'!$J$1=G28, 'Week 2'!$Q$1, if('Week 2'!$A$21=G28, 'Week 2'!$H$21, if('Week 2'!$J$21=G28, 'Week 2'!$Q$21, if('Week 2'!$A$41=G28, 'Week 2'!$H$41, if('Week 2'!$J$41=G28, 'Week 2'!$Q$41)))))) -> 15
A31: Game 3 | B31: =vlookup(A28, 'Full Schedule'!$E$3:$F$8, 2, False) -> Team C | C31: Away | D31: =if('Week 3'!$A$1=A28, 'Week 3'!$E$1, if('Week 3'!$J$1=A28, 'Week 3'!$N$1, if('Week 3'!$A$21=A28, 'Week 3'!$E$21, if('Week 3'!$J$21=A28, 'Week 3'!$N$21, if('Week 3'!$A$41=A28, 'Week 3'!$E$41, if('Week 3'!$J$41=A28, 'Week 3'!$N$41)))))) -> Loss | E31: =if('Week 3'!$A$1=A28, 'Week 3'!$H$1, if('Week 3'!$J$1=A28, 'Week 3'!$Q$1, if('Week 3'!$A$21=A28, 'Week 3'!$H$21, if('Week 3'!$J$21=A28, 'Week 3'!$Q$21, if('Week 3'!$A$41=A28, 'Week 3'!$H$41, if('Week 3'!$J$41=A28, 'Week 3'!$Q$41)))))) -> -26 | G31: Game 3 | H31: =vlookup(G28, 'Full Schedule'!$E$3:$F$8, 2, False) -> Team E | I31: Away | J31: =if('Week 3'!$A$1=G28, 'Week 3'!$E$1, if('Week 3'!$J$1=G28, 'Week 3'!$N$1, if('Week 3'!$A$21=G28, 'Week 3'!$E$21, if('Week 3'!$J$21=G28, 'Week 3'!$N$21, if('Week 3'!$A$41=G28, 'Week 3'!$E$41, if('Week 3'!$J$41=G28, 'Week 3'!$N$41)))))) -> Win | K31: =if('Week 3'!$A$1=G28, 'Week 3'!$H$1, if('Week 3'!$J$1=G28, 'Week 3'!$Q$1, if('Week 3'!$A$21=G28, 'Week 3'!$H$21, if('Week 3'!$J$21=G28, 'Week 3'!$Q$21, if('Week 3'!$A$41=G28, 'Week 3'!$H$41, if('Week 3'!$J$41=G28, 'Week 3'!$Q$41)))))) -> 7
A32: Game 4 | B32: =vlookup(A28, 'Full Schedule'!$G$3:$H$8, 2, False) -> Migos | C32: Home | D32: =if('Week 4'!$A$1=A28, 'Week 4'!$E$1, if('Week 4'!$J$1=A28, 'Week 4'!$N$1, if('Week 4'!$A$21=A28, 'Week 4'!$E$21, if('Week 4'!$J$21=A28, 'Week 4'!$N$21, if('Week 4'!$A$41=A28, 'Week 4'!$E$41, if('Week 4'!$J$41=A28, 'Week 4'!$N$41)))))) -> Loss | E32: =if('Week 4'!$A$1=A28, 'Week 4'!$H$1, if('Week 4'!$J$1=A28, 'Week 4'!$Q$1, if('Week 4'!$A$21=A28, 'Week 4'!$H$21, if('Week 4'!$J$21=A28, 'Week 4'!$Q$21, if('Week 4'!$A$41=A28, 'Week 4'!$H$41, if('Week 4'!$J$41=A28, 'Week 4'!$Q$41)))))) -> -9 | G32: Game 4 | H32: =vlookup(G28, 'Full Schedule'!$G$3:$H$8, 2, False) -> Team C | I32: Home | J32: =if('Week 4'!$A$1=G28, 'Week 4'!$E$1, if('Week 4'!$J$1=G28, 'Week 4'!$N$1, if('Week 4'!$A$21=G28, 'Week 4'!$E$21, if('Week 4'!$J$21=G28, 'Week 4'!$N$21, if('Week 4'!$A$41=G28, 'Week 4'!$E$41, if('Week 4'!$J$41=G28, 'Week 4'!$N$41)))))) -> Loss | K32: =if('Week 4'!$A$1=G28, 'Week 4'!$H$1, if('Week 4'!$J$1=G28, 'Week 4'!$Q$1, if('Week 4'!$A$21=G28, 'Week 4'!$H$21, if('Week 4'!$J$21=G28, 'Week 4'!$Q$21, if('Week 4'!$A$41=G28, 'Week 4'!$H$41, if('Week 4'!$J$41=G28, 'Week 4'!$Q$41)))))) -> -9
A33: Game 5 | B33: =vlookup(A28, 'Full Schedule'!$I$3:$J$8, 2, False) -> Candice? | C33: Away | D33: =if('Week 5'!$A$1=A28, 'Week 5'!$E$1, if('Week 5'!$J$1=A28, 'Week 5'!$N$1, if('Week 5'!$A$21=A28, 'Week 5'!$E$21, if('Week 5'!$J$21=A28, 'Week 5'!$N$21, if('Week 5'!$A$41=A28, 'Week 5'!$E$41, if('Week 5'!$J$41=A28, 'Week 5'!$N$41)))))) -> Win | E33: =if('Week 5'!$A$1=A28, 'Week 5'!$H$1, if('Week 5'!$J$1=A28, 'Week 5'!$Q$1, if('Week 5'!$A$21=A28, 'Week 5'!$H$21, if('Week 5'!$J$21=A28, 'Week 5'!$Q$21, if('Week 5'!$A$41=A28, 'Week 5'!$H$41, if('Week 5'!$J$41=A28, 'Week 5'!$Q$41)))))) -> 11 | G33: Game 5 | H33: =vlookup(G28, 'Full Schedule'!$I$3:$J$8, 2, False) -> Migos | I33: Away | J33: =if('Week 5'!$A$1=G28, 'Week 5'!$E$1, if('Week 5'!$J$1=G28, 'Week 5'!$N$1, if('Week 5'!$A$21=G28, 'Week 5'!$E$21, if('Week 5'!$J$21=G28, 'Week 5'!$N$21, if('Week 5'!$A$41=G28, 'Week 5'!$E$41, if('Week 5'!$J$41=G28, 'Week 5'!$N$41)))))) -> Loss | K33: =if('Week 5'!$A$1=G28, 'Week 5'!$H$1, if('Week 5'!$J$1=G28, 'Week 5'!$Q$1, if('Week 5'!$A$21=G28, 'Week 5'!$H$21, if('Week 5'!$J$21=G28, 'Week 5'!$Q$21, if('Week 5'!$A$41=G28, 'Week 5'!$H$41, if('Week 5'!$J$41=G28, 'Week 5'!$Q$41)))))) -> -1
A34: Game 6 | B34: =vlookup(A28, 'Full Schedule'!$K$3:$L$8, 2, False) -> Team E | C34: Home | D34: =if('Week 6'!$A$1=A28, 'Week 6'!$E$1, if('Week 6'!$J$1=A28, 'Week 6'!$N$1, if('Week 6'!$A$21=A28, 'Week 6'!$E$21, if('Week 6'!$J$21=A28, 'Week 6'!$N$21, if('Week 6'!$A$41=A28, 'Week 6'!$E$41, if('Week 6'!J$41=A28, 'Week 6'!$N$41)))))) -> Loss | E34: =if('Week 6'!$A$1=A28, 'Week 6'!$H$1, if('Week 6'!$J$1=A28, 'Week 6'!$Q$1, if('Week 6'!$A$21=A28, 'Week 6'!$H$21, if('Week 6'!$J$21=A28, 'Week 6'!$Q$21, if('Week 6'!$A$41=A28, 'Week 6'!$H$41, if('Week 6'!$J$41=A28, 'Week 6'!$Q$41)))))) -> -4 | G34: Game 6 | H34: =vlookup(G28, 'Full Schedule'!$K$3:$L$8, 2, False) -> Team C | I34: Away | J34: =if('Week 6'!$A$1=G28, 'Week 6'!$E$1, if('Week 6'!$J$1=G28, 'Week 6'!$N$1, if('Week 6'!$A$21=G28, 'Week 6'!$E$21, if('Week 6'!$J$21=G28, 'Week 6'!$N$21, if('Week 6'!$A$41=G28, 'Week 6'!$E$41, if('Week 6'!$J$41=G28, 'Week 6'!$N$41)))))) -> Win | K34: =if('Week 6'!$A$1=G28, 'Week 6'!$H$1, if('Week 6'!$J$1=G28, 'Week 6'!$Q$1, if('Week 6'!$A$21=G28, 'Week 6'!$H$21, if('Week 6'!$J$21=G28, 'Week 6'!$Q$21, if('Week 6'!$A$41=G28, 'Week 6'!$H$41, if('Week 6'!$J$41=G28, 'Week 6'!$Q$41)))))) -> 3
A35: Game 7 | B35: =vlookup(A28, 'Full Schedule'!$M$3:$N$8, 2, False) -> Team F | C35: Split | D35: =if('Week 7'!$A$1=A28, 'Week 7'!$E27, if('Week 7'!$J$1=A28, 'Week 7'!$N$1, if('Week 7'!$A$21=A28, 'Week 7'!$E$21, if('Week 7'!$J$21=A28, 'Week 7'!$N$21, if('Week 7'!$A$41=A28, 'Week 7'!$E$41, if('Week 7'!$J$41=A28, 'Week 7'!$N$41)))))) -> Loss | E35: =if('Week 7'!$A$1=A28, 'Week 7'!$H$1, if('Week 7'!$J$1=A28, 'Week 7'!$Q$1, if('Week 7'!$A$21=A28, 'Week 7'!$H$21, if('Week 7'!$J$21=A28, 'Week 7'!$Q$21, if('Week 7'!$A$41=A28, 'Week 7'!$H$41, if('Week 7'!$J$41=A28, 'Week 7'!$Q$41)))))) -> -4 | G35: Game 7 | H35: =vlookup(G28, 'Full Schedule'!$M$3:$N$8, 2, False) -> Gargantuan | I35: Split | J35: =if('Week 7'!$A$1=G28, 'Week 7'!$E27, if('Week 7'!$J$1=G28, 'Week 7'!$N$1, if('Week 7'!$A$21=G28, 'Week 7'!$E$21, if('Week 7'!$J$21=G28, 'Week 7'!$N$21, if('Week 7'!$A$41=G28, 'Week 7'!$E$41, if('Week 7'!$J$41=G28, 'Week 7'!$N$41)))))) -> Win | K35: =if('Week 7'!$A$1=G28, 'Week 7'!$H$1, if('Week 7'!$J$1=G28, 'Week 7'!$Q$1, if('Week 7'!$A$21=G28, 'Week 7'!$H$21, if('Week 7'!$J$21=G28, 'Week 7'!$Q$21, if('Week 7'!$A$41=G28, 'Week 7'!$H$41, if('Week 7'!$J$41=G28, 'Week 7'!$Q$41)))))) -> 4
A38: Total | D38: =countif(D29:D35, "Win")/(countif(D29:D35, "Win")+countif(D29:D35, "Loss")) -> 0.14285714 | E38: =SUM(E29:E37) -> -37 | G38: Total | J38: =countif(J29:J35, "Win")/(countif(J29:J35, "Win")+countif(J29:J35, "Loss")) -> 0.71428571 | K38: =SUM(K29:K37) -> 20

Sheet Full Schedule
A1: Home | B1: Away | C1: Home | D1: Away | E1: Home | F1: Away | G1: Home | H1: Away | I1: Home | J1: Away | K1: Home | L1: Away | M1: Home | N1: Away
A2: Week 1 | C2: Week 2 | E2: Week 3 | G2: Week 4 | I2: Week 5 | K2: Week 6 | M2: Week 7
A3: Candice? | B3: Team F | C3: Gargantuan | D3: Candice? | E3: Candice? | F3: Migos | G3: Team E | H3: Candice? | I3: Candice? | J3: Gargantuan | K3: Migos | L3: Candice? | M3: Candice? | N3: Team C
A4: Team C | B4: Team E | C4: Team E | D4: Team F | E4: Team F | F4: Team E | G4: Team C | H4: Team F | I4: Team E | J4: Team C | K4: Gargantuan | L4: Team E | M4: Team E | N4: Migos
A5: Migos | B5: Gargantuan | C5: Migos | D5: Team C | E5: Team C | F5: Gargantuan | G5: Gargantuan | H5: Migos | I5: Team F | J5: Migos | K5: Team F | L5: Team C | M5: Gargantuan | N5: Team F
A6: =B3 -> Team F | B6: =A3 -> Candice? | C6: =D3 -> Candice? | D6: =C3 -> Gargantuan | E6: =F3 -> Migos | F6: =E3 -> Candice? | G6: =H3 -> Candice? | H6: =G3 -> Team E | I6: =J3 -> Gargantuan | J6: =I3 -> Candice? | K6: =L3 -> Candice? | L6: =K3 -> Migos | M6: =N3 -> Team C | N6: =M3 -> Candice?
A7: =B4 -> Team E | B7: =A4 -> Team C | C7: =D4 -> Team F | D7: =C4 -> Team E | E7: =F4 -> Team E | F7: =E4 -> Team F | G7: =H4 -> Team F | H7: =G4 -> Team C | I7: =J4 -> Team C | J7: =I4 -> Team E | K7: =L4 -> Team E | L7: =K4 -> Gargantuan | M7: =N4 -> Migos | N7: =M4 -> Team E
A8: =B5 -> Gargantuan | B8: =A5 -> Migos | C8: =D5 -> Team C | D8: =C5 -> Migos | E8: =F5 -> Gargantuan | F8: =E5 -> Team C | G8: =H5 -> Migos | H8: =G5 -> Gargantuan | I8: =J5 -> Migos | J8: =I5 -> Team F | K8: =L5 -> Team C | L8: =K5 -> Team F | M8: =N5 -> Team F | N8: =M5 -> Gargantuan

Sheet Player Season Stats
A1: Name | B1: Games Played | C1: Win % | D1: Adjusted FGM | E1: FGM | F1: Bottom | G1: Bottom ISO | H1: Top | I1: Top ISO | J1: Misses | K1: FG% | M1: Player Rating
A2: =Draft!B44 -> Elmer | B2: =iferror(vlookup($A2, 'Player Game Stats'!$A:$J, 2, False), "") -> 7 | C2: =iferror(vlookup($A2, 'Player Game Stats'!$A:$J, 3, False), "") -> 0.42857143 | D2: =iferror(1.2*I2+1.1*H2+1.05*G2+1*F2, "") -> 15.107143 | E2: =iferror(vlookup($A2, 'Player Game Stats'!$A:$J, 4, False), "") -> 14.142857 | F2: =iferror(vlookup($A2, 'Player Game Stats'!$A:$J, 5, False), "") -> 5.2857143 | G2: =iferror(vlookup($A2, 'Player Game Stats'!$A:$J, 6, False), "") -> 1 | H2: =iferror(vlookup($A2, 'Player Game Stats'!$A:$J, 7, False), "") -> 6.5714286 | I2: =IFERROR(vlookup($A2, 'Player Game Stats'!$A:$J, 8, False), "") -> 1.2857143 | J2: =iferror(vlookup($A2, 'Player Game Stats'!$A:$J, 9, False), "") -> 26.571429 | K2: =iferror(vlookup($A2, 'Player Game Stats'!$A:$J, 10, False), "") -> 0.34736842 | L2: =K2*D2 -> 5.2477444 | M2: =iferror(L2*$L$75, "") -> 14.148508
A3: =Draft!B46 -> John | B3: =iferror(vlookup($A3, 'Player Game Stats'!$A:$J, 2, False), "") -> 0 | C3: =iferror(vlookup($A3, 'Player Game Stats'!$A:$J, 3, False), "") | D3: =iferror(1.2*I3+1.1*H3+1.05*G3+1*F3, "") -> 0 | E3: =iferror(vlookup($A3, 'Player Game Stats'!$A:$J, 4, False), "") | F3: =iferror(vlookup($A3, 'Player Game Stats'!$A:$J, 5, False), "") | G3: =iferror(vlookup($A3, 'Player Game Stats'!$A:$J, 6, False), "") | H3: =iferror(vlookup($A3, 'Player Game Stats'!$A:$J, 7, False), "") | I3: =IFERROR(vlookup($A3, 'Player Game Stats'!$A:$J, 8, False), "") | J3: =iferror(vlookup($A3, 'Player Game Stats'!$A:$J, 9, False), "") | K3: =iferror(vlookup($A3, 'Player Game Stats'!$A:$J, 10, False), "") | L3: =K3*D3 -> 0 | M3: =iferror(L3*$L$75, "") -> 0
A4: =Draft!B47 -> Porco | B4: =iferror(vlookup($A4, 'Player Game Stats'!$A:$J, 2, False), "") -> 5 | C4: =iferror(vlookup($A4, 'Player Game Stats'!$A:$J, 3, False), "") -> 0.4 | D4: =iferror(1.2*I4+1.1*H4+1.05*G4+1*F4, "") -> 19.28 | E4: =iferror(vlookup($A4, 'Player Game Stats'!$A:$J, 4, False), "") -> 18 | F4: =iferror(vlookup($A4, 'Player Game Stats'!$A:$J, 5, False), "") -> 6.4 | G4: =iferror(vlookup($A4, 'Player Game Stats'!$A:$J, 6, False), "") -> 0.8 | H4: =iferror(vlookup($A4, 'Player Game Stats'!$A:$J, 7, False), "") -> 9.2 | I4: =IFERROR(vlookup($A4, 'Player Game Stats'!$A:$J, 8, False), "") -> 1.6 | J4: =iferror(vlookup($A4, 'Player Game Stats'!$A:$J, 9, False), "") -> 25.6 | K4: =iferror(vlookup($A4, 'Player Game Stats'!$A:$J, 10, False), "") -> 0.41284404 | L4: =K4*D4 -> 7.959633 | M4: =iferror(L4*$L$75, "") -> 21.460065
A5: =Draft!B48 -> Marmo | B5: =iferror(vlookup($A5, 'Player Game Stats'!$A:$J, 2, False), "") -> 7 | C5: =iferror(vlookup($A5, 'Player Game Stats'!$A:$J, 3, False), "") -> 0.42857143 | D5: =iferror(1.2*I5+1.1*H5+1.05*G5+1*F5, "") -> 18.828571 | E5: =iferror(vlookup($A5, 'Player Game Stats'!$A:$J, 4, False), "") -> 18.571429 | F5: =iferror(vlookup($A5, 'Player Game Stats'!$A:$J, 5, False), "") -> 15.857143 | G5: =iferror(vlookup($A5, 'Player Game Stats'!$A:$J, 6, False), "") -> 0.57142857 | H5: =iferror(vlookup($A5, 'Player Game Stats'!$A:$J, 7, False), "") -> 2 | I5: =IFERROR(vlookup($A5, 'Player Game Stats'!$A:$J, 8, False), "") -> 0.14285714 | J5: =iferror(vlookup($A5, 'Player Game Stats'!$A:$J, 9, False), "") -> 25.571429 | K5: =iferror(vlookup($A5, 'Player Game Stats'!$A:$J, 10, False), "") -> 0.42071197 | L5: =K5*D5 -> 7.9214055 | M5: =iferror(L5*$L$75, "") -> 21.356999
A6: =Draft!B49 -> Swit | B6: =iferror(vlookup($A6, 'Player Game Stats'!$A:$J, 2, False), "") -> 7 | C6: =iferror(vlookup($A6, 'Player Game Stats'!$A:$J, 3, False), "") -> 0.42857143 | D6: =iferror(1.2*I6+1.1*H6+1.05*G6+1*F6, "") -> 13.378571 | E6: =iferror(vlookup($A6, 'Player Game Stats'!$A:$J, 4, False), "") -> 12.571429 | F6: =iferror(vlookup($A6, 'Player Game Stats'!$A:$J, 5, False), "") -> 4.4285714 | G6: =iferror(vlookup($A6, 'Player Game Stats'!$A:$J, 6, False), "") -> 0.42857143 | H6: =iferror(vlookup($A6, 'Player Game Stats'!$A:$J, 7, False), "") -> 7.5714286 | I6: =IFERROR(vlookup($A6, 'Player Game Stats'!$A:$J, 8, False), "") -> 0.14285714 | J6: =iferror(vlookup($A6, 'Player Game Stats'!$A:$J, 9, False), "") -> 26 | K6: =iferror(vlookup($A6, 'Player Game Stats'!$A:$J, 10, False), "") -> 0.32592593 | L6: =K6*D6 -> 4.3604233 | M6: =iferror(L6*$L$75, "") -> 11.756191
A7: =Draft!B50 -> Emi | B7: =iferror(vlookup($A7, 'Player Game Stats'!$A:$J, 2, False), "") -> 6 | C7: =iferror(vlookup($A7, 'Player Game Stats'!$A:$J, 3, False), "") -> 0.5 | D7: =iferror(1.2*I7+1.1*H7+1.05*G7+1*F7, "") -> 19.4 | E7: =iferror(vlookup($A7, 'Player Game Stats'!$A:$J, 4, False), "") -> 18.666667 | F7: =iferror(vlookup($A7, 'Player Game Stats'!$A:$J, 5, False), "") -> 12 | G7: =iferror(vlookup($A7, 'Player Game Stats'!$A:$J, 6, False), "") -> 0.66666667 | H7: =iferror(vlookup($A7, 'Player Game Stats'!$A:$J, 7, False), "") -> 5 | I7: =IFERROR(vlookup($A7, 'Player Game Stats'!$A:$J, 8, False), "") -> 1 | J7: =iferror(vlookup($A7, 'Player Game Stats'!$A:$J, 9, False), "") -> 24.666667 | K7: =iferror(vlookup($A7, 'Player Game Stats'!$A:$J, 10, False), "") -> 0.43076923 | L7: =K7*D7 -> 8.3569231 | M7: =iferror(L7*$L$75, "") -> 22.531203
A8: =Draft!B51 -> SoHo | B8: =iferror(vlookup($A8, 'Player Game Stats'!$A:$J, 2, False), "") -> 4 | C8: =iferror(vlookup($A8, 'Player Game Stats'!$A:$J, 3, False), "") -> 0.5 | D8: =iferror(1.2*I8+1.1*H8+1.05*G8+1*F8, "") -> 17.5875 | E8: =iferror(vlookup($A8, 'Player Game Stats'!$A:$J, 4, False), "") -> 16.5 | F8: =iferror(vlookup($A8, 'Player Game Stats'!$A:$J, 5, False), "") -> 5.25 | G8: =iferror(vlookup($A8, 'Player Game Stats'!$A:$J, 6, False), "") -> 0.75 | H8: =iferror(vlookup($A8, 'Player Game Stats'!$A:$J, 7, False), "") -> 10.5 | I8: =IFERROR(vlookup($A8, 'Player Game Stats'!$A:$J, 8, False), "") -> 0 | J8: =iferror(vlookup($A8, 'Player Game Stats'!$A:$J, 9, False), "") -> 27.75 | K8: =iferror(vlookup($A8, 'Player Game Stats'!$A:$J, 10, False), "") -> 0.37288136 | L8: =K8*D8 -> 6.5580508 | M8: =iferror(L8*$L$75, "") -> 17.681242
A9: =Draft!B52 | B9: =iferror(vlookup($A9, 'Player Game Stats'!$A:$J, 2, False), "") | C9: =iferror(vlookup($A9, 'Player Game Stats'!$A:$J, 3, False), "") | D9: =iferror(1.2*I9+1.1*H9+1.05*G9+1*F9, "") -> 0 | E9: =iferror(vlookup($A9, 'Player Game Stats'!$A:$J, 4, False), "") | F9: =iferror(vlookup($A9, 'Player Game Stats'!$A:$J, 5, False), "") | G9: =iferror(vlookup($A9, 'Player Game Stats'!$A:$J, 6, False), "") | H9: =iferror(vlookup($A9, 'Player Game Stats'!$A:$J, 7, False), "") | I9: =IFERROR(vlookup($A9, 'Player Game Stats'!$A:$J, 8, False), "") | J9: =iferror(vlookup($A9, 'Player Game Stats'!$A:$J, 9, False), "") | K9: =iferror(vlookup($A9, 'Player Game Stats'!$A:$J, 10, False), "") | L9: =K9*D9 -> 0 | M9: =iferror(L9*$L$75, "") -> 0
A10: =Draft!B53 | B10: =iferror(vlookup($A10, 'Player Game Stats'!$A:$J, 2, False), "") | C10: =iferror(vlookup($A10, 'Player Game Stats'!$A:$J, 3, False), "") | D10: =iferror(1.2*I10+1.1*H10+1.05*G10+1*F10, "") -> 0 | E10: =iferror(vlookup($A10, 'Player Game Stats'!$A:$J, 4, False), "") | F10: =iferror(vlookup($A10, 'Player Game Stats'!$A:$J, 5, False), "") | G10: =iferror(vlookup($A10, 'Player Game Stats'!$A:$J, 6, False), "") | H10: =iferror(vlookup($A10, 'Player Game Stats'!$A:$J, 7, False), "") | I10: =IFERROR(vlookup($A10, 'Player Game Stats'!$A:$J, 8, False), "") | J10: =iferror(vlookup($A10, 'Player Game Stats'!$A:$J, 9, False), "") | K10: =iferror(vlookup($A10, 'Player Game Stats'!$A:$J, 10, False), "") | L10: =K10*D10 -> 0 | M10: =iferror(L10*$L$75, "") -> 0
A11: =Draft!B54 | B11: =iferror(vlookup($A11, 'Player Game Stats'!$A:$J, 2, False), "") | C11: =iferror(vlookup($A11, 'Player Game Stats'!$A:$J, 3, False), "") | D11: =iferror(1.2*I11+1.1*H11+1.05*G11+1*F11, "") -> 0 | E11: =iferror(vlookup($A11, 'Player Game Stats'!$A:$J, 4, False), "") | F11: =iferror(vlookup($A11, 'Player Game Stats'!$A:$J, 5, False), "") | G11: =iferror(vlookup($A11, 'Player Game Stats'!$A:$J, 6, False), "") | H11: =iferror(vlookup($A11, 'Player Game Stats'!$A:$J, 7, False), "") | I11: =IFERROR(vlookup($A11, 'Player Game Stats'!$A:$J, 8, False), "") | J11: =iferror(vlookup($A11, 'Player Game Stats'!$A:$J, 9, False), "") | K11: =iferror(vlookup($A11, 'Player Game Stats'!$A:$J, 10, False), "") | L11: =K11*D11 -> 0 | M11: =iferror(L11*$L$75, "") -> 0
A12: =Draft!B55 | B12: =iferror(vlookup($A12, 'Player Game Stats'!$A:$J, 2, False), "") | C12: =iferror(vlookup($A12, 'Player Game Stats'!$A:$J, 3, False), "") | D12: =iferror(1.2*I12+1.1*H12+1.05*G12+1*F12, "") -> 0 | E12: =iferror(vlookup($A12, 'Player Game Stats'!$A:$J, 4, False), "") | F12: =iferror(vlookup($A12, 'Player Game Stats'!$A:$J, 5, False), "") | G12: =iferror(vlookup($A12, 'Player Game Stats'!$A:$J, 6, False), "") | H12: =iferror(vlookup($A12, 'Player Game Stats'!$A:$J, 7, False), "") | I12: =IFERROR(vlookup($A12, 'Player Game Stats'!$A:$J, 8, False), "") | J12: =iferror(vlookup($A12, 'Player Game Stats'!$A:$J, 9, False), "") | K12: =iferror(vlookup($A12, 'Player Game Stats'!$A:$J, 10, False), "") | L12: =K12*D12 -> 0 | M12: =iferror(L12*$L$75, "") -> 0
A13: =Draft!B56 | B13: =iferror(vlookup($A13, 'Player Game Stats'!$A:$J, 2, False), "") | C13: =iferror(vlookup($A13, 'Player Game Stats'!$A:$J, 3, False), "") | D13: =iferror(1.2*I13+1.1*H13+1.05*G13+1*F13, "") -> 0 | E13: =iferror(vlookup($A13, 'Player Game Stats'!$A:$J, 4, False), "") | F13: =iferror(vlookup($A13, 'Player Game Stats'!$A:$J, 5, False), "") | G13: =iferror(vlookup($A13, 'Player Game Stats'!$A:$J, 6, False), "") | H13: =iferror(vlookup($A13, 'Player Game Stats'!$A:$J, 7, False), "") | I13: =IFERROR(vlookup($A13, 'Player Game Stats'!$A:$J, 8, False), "") | J13: =iferror(vlookup($A13, 'Player Game Stats'!$A:$J, 9, False), "") | K13: =iferror(vlookup($A13, 'Player Game Stats'!$A:$J, 10, False), "") | L13: =K13*D13 -> 0 | M13: =iferror(L13*$L$75, "") -> 0
A14: =Draft!C44 -> Matt | B14: =iferror(vlookup($A14, 'Player Game Stats'!$K:$T, 2, False), "") -> 7 | C14: =iferror(vlookup($A14, 'Player Game Stats'!$K:$T, 3, False), "") -> 0.57142857 | D14: =iferror(1.2*I14+1.1*H14+1.05*G14+1*F14, "") -> 16.064286 | E14: =iferror(vlookup($A14, 'Player Game Stats'!$K:$T, 4, False), "") -> 15.285714 | F14: =iferror(vlookup($A14, 'Player Game Stats'!$K:$T, 5, False), "") -> 7.5714286 | G14: =iferror(vlookup($A14, 'Player Game Stats'!$K:$T, 6, False), "") -> 1.5714286 | H14: =iferror(vlookup($A14, 'Player Game Stats'!$K:$T, 7, False), "") -> 5.2857143 | I14: =iferror(vlookup($A14, 'Player Game Stats'!$K:$T, 8, False), "") -> 0.85714286 | J14: =iferror(vlookup($A14, 'Player Game Stats'!$K:$T, 9, False), "") -> 23.714286 | K14: =iferror(vlookup($A14, 'Player Game Stats'!$K:$T, 10, False), "") -> 0.39194139 | L14: =K14*D14 -> 6.2962585 | M14: =iferror(L14*$L$75, "") -> 16.97542
A15: =Draft!C46 -> Gid | B15: =iferror(vlookup($A15, 'Player Game Stats'!$K:$T, 2, False), "") -> 7 | C15: =iferror(vlookup($A15, 'Player Game Stats'!$K:$T, 3, False), "") -> 0.57142857 | D15: =iferror(1.2*I15+1.1*H15+1.05*G15+1*F15, "") -> 20.278571 | E15: =iferror(vlookup($A15, 'Player Game Stats'!$K:$T, 4, False), "") -> 19.285714 | F15: =iferror(vlookup($A15, 'Player Game Stats'!$K:$T, 5, False), "") -> 9.4285714 | G15: =iferror(vlookup($A15, 'Player Game Stats'!$K:$T, 6, False), "") -> 2.1428571 | H15: =iferror(vlookup($A15, 'Player Game Stats'!$K:$T, 7, False), "") -> 6.5714286 | I15: =iferror(vlookup($A15, 'Player Game Stats'!$K:$T, 8, False), "") -> 1.1428571 | J15: =iferror(vlookup($A15, 'Player Game Stats'!$K:$T, 9, False), "") -> 22.857143 | K15: =iferror(vlookup($A15, 'Player Game Stats'!$K:$T, 10, False), "") -> 0.45762712 | L15: =K15*D15 -> 9.2800242 | M15: =iferror(L15*$L$75, "") -> 25.019988
A16: =Draft!C47 -> Skeet | B16: =iferror(vlookup($A16, 'Player Game Stats'!$K:$T, 2, False), "") -> 0 | C16: =iferror(vlookup($A16, 'Player Game Stats'!$K:$T, 3, False), "") | D16: =iferror(1.2*I16+1.1*H16+1.05*G16+1*F16, "") -> 0 | E16: =iferror(vlookup($A16, 'Player Game Stats'!$K:$T, 4, False), "") | F16: =iferror(vlookup($A16, 'Player Game Stats'!$K:$T, 5, False), "") | G16: =iferror(vlookup($A16, 'Player Game Stats'!$K:$T, 6, False), "") | H16: =iferror(vlookup($A16, 'Player Game Stats'!$K:$T, 7, False), "") | I16: =iferror(vlookup($A16, 'Player Game Stats'!$K:$T, 8, False), "") | J16: =iferror(vlookup($A16, 'Player Game Stats'!$K:$T, 9, False), "") | K16: =iferror(vlookup($A16, 'Player Game Stats'!$K:$T, 10, False), "") | L16: =K16*D16 -> 0 | M16: =iferror(L16*$L$75, "") -> 0
A17: =Draft!C48 -> Sonne | B17: =iferror(vlookup($A17, 'Player Game Stats'!$K:$T, 2, False), "") -> 4 | C17: =iferror(vlookup($A17, 'Player Game Stats'!$K:$T, 3, False), "") -> 0.75 | D17: =iferror(1.2*I17+1.1*H17+1.05*G17+1*F17, "") -> 13.15 | E17: =iferror(vlookup($A17, 'Player Game Stats'!$K:$T, 4, False), "") -> 12.5 | F17: =iferror(vlookup($A17, 'Player Game Stats'!$K:$T, 5, False), "") -> 7 | G17: =iferror(vlookup($A17, 'Player Game Stats'!$K:$T, 6, False), "") -> 0 | H17: =iferror(vlookup($A17, 'Player Game Stats'!$K:$T, 7, False), "") -> 4.5 | I17: =iferror(vlookup($A17, 'Player Game Stats'!$K:$T, 8, False), "") -> 1 | J17: =iferror(vlookup($A17, 'Player Game Stats'!$K:$T, 9, False), "") -> 25.25 | K17: =iferror(vlookup($A17, 'Player Game Stats'!$K:$T, 10, False), "") -> 0.33112583 | L17: =K17*D17 -> 4.3543046 | M17: =iferror(L17*$L$75, "") -> 11.739694
A18: =Draft!C49 -> Crosby | B18: =iferror(vlookup($A18, 'Player Game Stats'!$K:$T, 2, False), "") -> 5 | C18: =iferror(vlookup($A18, 'Player Game Stats'!$K:$T, 3, False), "") -> 0.6 | D18: =iferror(1.2*I18+1.1*H18+1.05*G18+1*F18, "") -> 20.06 | E18: =iferror(vlookup($A18, 'Player Game Stats'!$K:$T, 4, False), "") -> 19.2 | F18: =iferror(vlookup($A18, 'Player Game Stats'!$K:$T, 5, False), "") -> 11 | G18: =iferror(vlookup($A18, 'Player Game Stats'!$K:$T, 6, False), "") -> 0.8 | H18: =iferror(vlookup($A18, 'Player Game Stats'!$K:$T, 7, False), "") -> 6.6 | I18: =iferror(vlookup($A18, 'Player Game Stats'!$K:$T, 8, False), "") -> 0.8 | J18: =iferror(vlookup($A18, 'Player Game Stats'!$K:$T, 9, False), "") -> 23 | K18: =iferror(vlookup($A18, 'Player Game Stats'!$K:$T, 10, False), "") -> 0.4549763 | L18: =K18*D18 -> 9.1268246 | M18: =iferror(L18*$L$75, "") -> 24.606945
A19: =Draft!C50 -> Kevin Zhou | B19: =iferror(vlookup($A19, 'Player Game Stats'!$K:$T, 2, False), "") -> 4 | C19: =iferror(vlookup($A19, 'Player Game Stats'!$K:$T, 3, False), "") -> 0.5 | D19: =iferror(1.2*I19+1.1*H19+1.05*G19+1*F19, "") -> 19.875 | E19: =iferror(vlookup($A19, 'Player Game Stats'!$K:$T, 4, False), "") -> 16.75 | F19: =iferror(vlookup($A19, 'Player Game Stats'!$K:$T, 5, False), "") -> 7.75 | G19: =iferror(vlookup($A19, 'Player Game Stats'!$K:$T, 6, False), "") -> 0.5 | H19: =iferror(vlookup($A19, 'Player Game Stats'!$K:$T, 7, False), "") -> 10 | I19: =iferror(vlookup($A19, 'Player Game Stats'!$K:$T, 8, False), "") -> 0.5 | J19: =iferror(vlookup($A19, 'Player Game Stats'!$K:$T, 9, False), "") -> 23 | K19: =iferror(vlookup($A19, 'Player Game Stats'!$K:$T, 10, False), "") -> 0.42138365 | L19: =K19*D19 -> 8.375 | M19: =iferror(L19*$L$75, "") -> 22.579941
A20: =Draft!C51 -> Somil | B20: =iferror(vlookup($A20, 'Player Game Stats'!$K:$T, 2, False), "") -> 3 | C20: =iferror(vlookup($A20, 'Player Game Stats'!$K:$T, 3, False), "") -> 0.66666667 | D20: =iferror(1.2*I20+1.1*H20+1.05*G20+1*F20, "") -> 14.333333 | E20: =iferror(vlookup($A20, 'Player Game Stats'!$K:$T, 4, False), "") -> 13.666667 | F20: =iferror(vlookup($A20, 'Player Game Stats'!$K:$T, 5, False), "") -> 7 | G20: =iferror(vlookup($A20, 'Player Game Stats'!$K:$T, 6, False), "") -> 0.66666667 | H20: =iferror(vlookup($A20, 'Player Game Stats'!$K:$T, 7, False), "") -> 5.6666667 | I20: =iferror(vlookup($A20, 'Player Game Stats'!$K:$T, 8, False), "") -> 0.33333333 | J20: =iferror(vlookup($A20, 'Player Game Stats'!$K:$T, 9, False), "") -> 25 | K20: =iferror(vlookup($A20, 'Player Game Stats'!$K:$T, 10, False), "") -> 0.35344828 | L20: =K20*D20 -> 5.066092 | M20: =iferror(L20*$L$75, "") -> 13.658753
A21: =Draft!C52 -> Suyoag | B21: =iferror(vlookup($A21, 'Player Game Stats'!$K:$T, 2, False), "") -> 2 | C21: =iferror(vlookup($A21, 'Player Game Stats'!$K:$T, 3, False), "") -> 0 | D21: =iferror(1.2*I21+1.1*H21+1.05*G21+1*F21, "") -> 14.95 | E21: =iferror(vlookup($A21, 'Player Game Stats'!$K:$T, 4, False), "") -> 14.5 | F21: =iferror(vlookup($A21, 'Player Game Stats'!$K:$T, 5, False), "") -> 10 | G21: =iferror(vlookup($A21, 'Player Game Stats'!$K:$T, 6, False), "") -> 0 | H21: =iferror(vlookup($A21, 'Player Game Stats'!$K:$T, 7, False), "") -> 4.5 | I21: =iferror(vlookup($A21, 'Player Game Stats'!$K:$T, 8, False), "") -> 0 | J21: =iferror(vlookup($A21, 'Player Game Stats'!$K:$T, 9, False), "") -> 24.5 | K21: =iferror(vlookup($A21, 'Player Game Stats'!$K:$T, 10, False), "") -> 0.37179487 | L21: =K21*D21 -> 5.5583333 | M21: =iferror(L21*$L$75, "") -> 14.985891
A22: =Draft!C53 -> Will Ho | B22: =iferror(vlookup($A22, 'Player Game Stats'!$K:$T, 2, False), "") -> 4 | C22: =iferror(vlookup($A22, 'Player Game Stats'!$K:$T, 3, False), "") -> 0.5 | D22: =iferror(1.2*I22+1.1*H22+1.05*G22+1*F22, "") -> 12.2875 | E22: =iferror(vlookup($A22, 'Player Game Stats'!$K:$T, 4, False), "") -> 11.75 | F22: =iferror(vlookup($A22, 'Player Game Stats'!$K:$T, 5, False), "") -> 6.75 | G22: =iferror(vlookup($A22, 'Player Game Stats'!$K:$T, 6, False), "") -> 0.75 | H22: =iferror(vlookup($A22, 'Player Game Stats'!$K:$T, 7, False), "") -> 3.5 | I22: =iferror(vlookup($A22, 'Player Game Stats'!$K:$T, 8, False), "") -> 0.75 | J22: =iferror(vlookup($A22, 'Player Game Stats'!$K:$T, 9, False), "") -> 25.5 | K22: =iferror(vlookup($A22, 'Player Game Stats'!$K:$T, 10, False), "") -> 0.31543624 | L22: =K22*D22 -> 3.8759228 | M22: =iferror(L22*$L$75, "") -> 10.449923
A23: =Draft!C54 -> Nagle | B23: =iferror(vlookup($A23, 'Player Game Stats'!$K:$T, 2, False), "") -> 1 | C23: =iferror(vlookup($A23, 'Player Game Stats'!$K:$T, 3, False), "") -> 1 | D23: =iferror(1.2*I23+1.1*H23+1.05*G23+1*F23, "") -> 10.6 | E23: =iferror(vlookup($A23, 'Player Game Stats'!$K:$T, 4, False), "") -> 10 | F23: =iferror(vlookup($A23, 'Player Game Stats'!$K:$T, 5, False), "") -> 4 | G23: =iferror(vlookup($A23, 'Player Game Stats'!$K:$T, 6, False), "") -> 0 | H23: =iferror(vlookup($A23, 'Player Game Stats'!$K:$T, 7, False), "") -> 6 | I23: =iferror(vlookup($A23, 'Player Game Stats'!$K:$T, 8, False), "") -> 0 | J23: =iferror(vlookup($A23, 'Player Game Stats'!$K:$T, 9, False), "") -> 27 | K23: =iferror(vlookup($A23, 'Player Game Stats'!$K:$T, 10, False), "") -> 0.27027027 | L23: =K23*D23 -> 2.8648649 | M23: =iferror(L23*$L$75, "") -> 7.7239975
A24: =Draft!C55 | B24: =iferror(vlookup($A24, 'Player Game Stats'!$K:$T, 2, False), "") | C24: =iferror(vlookup($A24, 'Player Game Stats'!$K:$T, 3, False), "") | D24: =iferror(1.2*I24+1.1*H24+1.05*G24+1*F24, "") -> 0 | E24: =iferror(vlookup($A24, 'Player Game Stats'!$K:$T, 4, False), "") | F24: =iferror(vlookup($A24, 'Player Game Stats'!$K:$T, 5, False), "") | G24: =iferror(vlookup($A24, 'Player Game Stats'!$K:$T, 6, False), "") | H24: =iferror(vlookup($A24, 'Player Game Stats'!$K:$T, 7, False), "") | I24: =iferror(vlookup($A24, 'Player Game Stats'!$K:$T, 8, False), "") | J24: =iferror(vlookup($A24, 'Player Game Stats'!$K:$T, 9, False), "") | K24: =iferror(vlookup($A24, 'Player Game Stats'!$K:$T, 10, False), "") | L24: =K24*D24 -> 0 | M24: =iferror(L24*$L$75, "") -> 0
A25: =Draft!C56 | B25: =iferror(vlookup($A25, 'Player Game Stats'!$K:$T, 2, False), "") | C25: =iferror(vlookup($A25, 'Player Game Stats'!$K:$T, 3, False), "") | D25: =iferror(1.2*I25+1.1*H25+1.05*G25+1*F25, "") -> 0 | E25: =iferror(vlookup($A25, 'Player Game Stats'!$K:$T, 4, False), "") | F25: =iferror(vlookup($A25, 'Player Game Stats'!$K:$T, 5, False), "") | G25: =iferror(vlookup($A25, 'Player Game Stats'!$K:$T, 6, False), "") | H25: =iferror(vlookup($A25, 'Player Game Stats'!$K:$T, 7, False), "") | I25: =iferror(vlookup($A25, 'Player Game Stats'!$K:$T, 8, False), "") | J25: =iferror(vlookup($A25, 'Player Game Stats'!$K:$T, 9, False), "") | K25: =iferror(vlookup($A25, 'Player Game Stats'!$K:$T, 10, False), "") | L25: =K25*D25 -> 0 | M25: =iferror(L25*$L$75, "") -> 0
A26: =Draft!D44 -> Taran | B26: =iferror(vlookup($A26, 'Player Game Stats'!$U:$AD, 2, False), "") -> 7 | C26: =iferror(vlookup($A26, 'Player Game Stats'!$U:$AD, 3, False), "") -> 0.28571429 | D26: =iferror(1.2*I26+1.1*H26+1.05*G26+1*F26, "") -> 20.178571 | E26: =iferror(vlookup($A26, 'Player Game Stats'!$U:$AD, 4, False), "") -> 18.857143 | F26: =iferror(vlookup($A26, 'Player Game Stats'!$U:$AD, 5, False), "") -> 6.5714286 | G26: =iferror(vlookup($A26, 'Player Game Stats'!$U:$AD, 6, False), "") -> 3 | H26: =iferror(vlookup($A26, 'Player Game Stats'!$U:$AD, 7, False), "") -> 6.8571429 | I26: =iferror(vlookup($A26, 'Player Game Stats'!$U:$AD, 8, False), "") -> 2.4285714 | J26: =iferror(vlookup($A26, 'Player Game Stats'!$U:$AD, 9, False), "") -> 26.714286 | K26: =iferror(vlookup($A26, 'Player Game Stats'!$U:$AD, 10, False), "") -> 0.4137931 | L26: =K26*D26 -> 8.3497537 | M26: =iferror(L26*$L$75, "") -> 22.511874
A27: =Draft!D46 -> Guel | B27: =iferror(vlookup($A27, 'Player Game Stats'!$U:$AD, 2, False), "") -> 0 | C27: =iferror(vlookup($A27, 'Player Game Stats'!$U:$AD, 3, False), "") | D27: =iferror(1.2*I27+1.1*H27+1.05*G27+1*F27, "") -> 0 | E27: =iferror(vlookup($A27, 'Player Game Stats'!$U:$AD, 4, False), "") | F27: =iferror(vlookup($A27, 'Player Game Stats'!$U:$AD, 5, False), "") | G27: =iferror(vlookup($A27, 'Player Game Stats'!$U:$AD, 6, False), "") | H27: =iferror(vlookup($A27, 'Player Game Stats'!$U:$AD, 7, False), "") | I27: =iferror(vlookup($A27, 'Player Game Stats'!$U:$AD, 8, False), "") | J27: =iferror(vlookup($A27, 'Player Game Stats'!$U:$AD, 9, False), "") | K27: =iferror(vlookup($A27, 'Player Game Stats'!$U:$AD, 10, False), "") | L27: =K27*D27 -> 0 | M27: =iferror(L27*$L$75, "") -> 0
A28: =Draft!D47 -> Mike Harrison | B28: =iferror(vlookup($A28, 'Player Game Stats'!$U:$AD, 2, False), "") -> 0 | C28: =iferror(vlookup($A28, 'Player Game Stats'!$U:$AD, 3, False), "") | D28: =iferror(1.2*I28+1.1*H28+1.05*G28+1*F28, "") -> 0 | E28: =iferror(vlookup($A28, 'Player Game Stats'!$U:$AD, 4, False), "") | F28: =iferror(vlookup($A28, 'Player Game Stats'!$U:$AD, 5, False), "") | G28: =iferror(vlookup($A28, 'Player Game Stats'!$U:$AD, 6, False), "") | H28: =iferror(vlookup($A28, 'Player Game Stats'!$U:$AD, 7, False), "") | I28: =iferror(vlookup($A28, 'Player Game Stats'!$U:$AD, 8, False), "") | J28: =iferror(vlookup($A28, 'Player Game Stats'!$U:$AD, 9, False), "") | K28: =iferror(vlookup($A28, 'Player Game Stats'!$U:$AD, 10, False), "") | L28: =K28*D28 -> 0 | M28: =iferror(L28*$L$75, "") -> 0
A29: =Draft!D48 -> Madams | B29: =iferror(vlookup($A29, 'Player Game Stats'!$U:$AD, 2, False), "") -> 7 | C29: =iferror(vlookup($A29, 'Player Game Stats'!$U:$AD, 3, False), "") -> 0.28571429 | D29: =iferror(1.2*I29+1.1*H29+1.05*G29+1*F29, "") -> 16.021429 | E29: =iferror(vlookup($A29, 'Player Game Stats'!$U:$AD, 4, False), "") -> 15.285714 | F29: =iferror(vlookup($A29, 'Player Game Stats'!$U:$AD, 5, False), "") -> 8.2857143 | G29: =iferror(vlookup($A29, 'Player Game Stats'!$U:$AD, 6, False), "") -> 1 | H29: =iferror(vlookup($A29, 'Player Game Stats'!$U:$AD, 7, False), "") -> 5.1428571 | I29: =iferror(vlookup($A29, 'Player Game Stats'!$U:$AD, 8, False), "") -> 0.85714286 | J29: =iferror(vlookup($A29, 'Player Game Stats'!$U:$AD, 9, False), "") -> 28.428571 | K29: =iferror(vlookup($A29, 'Player Game Stats'!$U:$AD, 10, False), "") -> 0.3496732 | L29: =K29*D29 -> 5.6022642 | M29: =iferror(L29*$L$75, "") -> 15.104334
A30: =Draft!D49 -> Saluja | B30: =iferror(vlookup($A30, 'Player Game Stats'!$U:$AD, 2, False), "") -> 0 | C30: =iferror(vlookup($A30, 'Player Game Stats'!$U:$AD, 3, False), "") | D30: =iferror(1.2*I30+1.1*H30+1.05*G30+1*F30, "") -> 0 | E30: =iferror(vlookup($A30, 'Player Game Stats'!$U:$AD, 4, False), "") | F30: =iferror(vlookup($A30, 'Player Game Stats'!$U:$AD, 5, False), "") | G30: =iferror(vlookup($A30, 'Player Game Stats'!$U:$AD, 6, False), "") | H30: =iferror(vlookup($A30, 'Player Game Stats'!$U:$AD, 7, False), "") | I30: =iferror(vlookup($A30, 'Player Game Stats'!$U:$AD, 8, False), "") | J30: =iferror(vlookup($A30, 'Player Game Stats'!$U:$AD, 9, False), "") | K30: =iferror(vlookup($A30, 'Player Game Stats'!$U:$AD, 10, False), "") | L30: =K30*D30 -> 0 | M30: =iferror(L30*$L$75, "") -> 0
A31: =Draft!D50 -> Tripp | B31: =iferror(vlookup($A31, 'Player Game Stats'!$U:$AD, 2, False), "") -> 2 | C31: =iferror(vlookup($A31, 'Player Game Stats'!$U:$AD, 3, False), "") -> 0 | D31: =iferror(1.2*I31+1.1*H31+1.05*G31+1*F31, "") -> 10.55 | E31: =iferror(vlookup($A31, 'Player Game Stats'!$U:$AD, 4, False), "") -> 10 | F31: =iferror(vlookup($A31, 'Player Game Stats'!$U:$AD, 5, False), "") -> 5.5 | G31: =iferror(vlookup($A31, 'Player Game Stats'!$U:$AD, 6, False), "") -> 0 | H31: =iferror(vlookup($A31, 'Player Game Stats'!$U:$AD, 7, False), "") -> 3.5 | I31: =iferror(vlookup($A31, 'Player Game Stats'!$U:$AD, 8, False), "") -> 1 | J31: =iferror(vlookup($A31, 'Player Game Stats'!$U:$AD, 9, False), "") -> 30 | K31: =iferror(vlookup($A31, 'Player Game Stats'!$U:$AD, 10, False), "") -> 0.25 | L31: =K31*D31 -> 2.6375 | M31: =iferror(L31*$L$75, "") -> 7.1109963
A32: =Draft!D51 -> Lulu | B32: =iferror(vlookup($A32, 'Player Game Stats'!$U:$AD, 2, False), "") -> 3 | C32: =iferror(vlookup($A32, 'Player Game Stats'!$U:$AD, 3, False), "") -> 0.33333333 | D32: =iferror(1.2*I32+1.1*H32+1.05*G32+1*F32, "") -> 15.533333 | E32: =iferror(vlookup($A32, 'Player Game Stats'!$U:$AD, 4, False), "") -> 14.666667 | F32: =iferror(vlookup($A32, 'Player Game Stats'!$U:$AD, 5, False), "") -> 6.3333333 | G32: =iferror(vlookup($A32, 'Player Game Stats'!$U:$AD, 6, False), "") -> 0 | H32: =iferror(vlookup($A32, 'Player Game Stats'!$U:$AD, 7, False), "") -> 8 | I32: =iferror(vlookup($A32, 'Player Game Stats'!$U:$AD, 8, False), "") -> 0.33333333 | J32: =iferror(vlookup($A32, 'Player Game Stats'!$U:$AD, 9, False), "") -> 28.333333 | K32: =iferror(vlookup($A32, 'Player Game Stats'!$U:$AD, 10, False), "") -> 0.34108527 | L32: =K32*D32 -> 5.2981912 | M32: =iferror(L32*$L$75, "") -> 14.284519
A33: =Draft!D52 -> Ilt | B33: =iferror(vlookup($A33, 'Player Game Stats'!$U:$AD, 2, False), "") -> 2 | C33: =iferror(vlookup($A33, 'Player Game Stats'!$U:$AD, 3, False), "") -> 0 | D33: =iferror(1.2*I33+1.1*H33+1.05*G33+1*F33, "") -> 13.25 | E33: =iferror(vlookup($A33, 'Player Game Stats'!$U:$AD, 4, False), "") -> 13 | F33: =iferror(vlookup($A33, 'Player Game Stats'!$U:$AD, 5, False), "") -> 10.5 | G33: =iferror(vlookup($A33, 'Player Game Stats'!$U:$AD, 6, False), "") -> 0 | H33: =iferror(vlookup($A33, 'Player Game Stats'!$U:$AD, 7, False), "") -> 2.5 | I33: =iferror(vlookup($A33, 'Player Game Stats'!$U:$AD, 8, False), "") -> 0 | J33: =iferror(vlookup($A33, 'Player Game Stats'!$U:$AD, 9, False), "") -> 25.5 | K33: =iferror(vlookup($A33, 'Player Game Stats'!$U:$AD, 10, False), "") -> 0.33766234 | L33: =K33*D33 -> 4.474026 | M33: =iferror(L33*$L$75, "") -> 12.062477
A34: =Draft!D53 -> Pasha | B34: =iferror(vlookup($A34, 'Player Game Stats'!$U:$AD, 2, False), "") -> 2 | C34: =iferror(vlookup($A34, 'Player Game Stats'!$U:$AD, 3, False), "") -> 0.5 | D34: =iferror(1.2*I34+1.1*H34+1.05*G34+1*F34, "") -> 16.525 | E34: =iferror(vlookup($A34, 'Player Game Stats'!$U:$AD, 4, False), "") -> 16 | F34: =iferror(vlookup($A34, 'Player Game Stats'!$U:$AD, 5, False), "") -> 11.5 | G34: =iferror(vlookup($A34, 'Player Game Stats'!$U:$AD, 6, False), "") -> 1.5 | H34: =iferror(vlookup($A34, 'Player Game Stats'!$U:$AD, 7, False), "") -> 1.5 | I34: =iferror(vlookup($A34, 'Player Game Stats'!$U:$AD, 8, False), "") -> 1.5 | J34: =iferror(vlookup($A34, 'Player Game Stats'!$U:$AD, 9, False), "") -> 30 | K34: =iferror(vlookup($A34, 'Player Game Stats'!$U:$AD, 10, False), "") -> 0.34782609 | L34: =K34*D34 -> 5.7478261 | M34: =iferror(L34*$L$75, "") -> 15.496785
A35: =Draft!D54 | B35: =iferror(vlookup($A35, 'Player Game Stats'!$U:$AD, 2, False), "") | C35: =iferror(vlookup($A35, 'Player Game Stats'!$U:$AD, 3, False), "") | D35: =iferror(1.2*I35+1.1*H35+1.05*G35+1*F35, "") -> 0 | E35: =iferror(vlookup($A35, 'Player Game Stats'!$U:$AD, 4, False), "") | F35: =iferror(vlookup($A35, 'Player Game Stats'!$U:$AD, 5, False), "") | G35: =iferror(vlookup($A35, 'Player Game Stats'!$U:$AD, 6, False), "") | H35: =iferror(vlookup($A35, 'Player Game Stats'!$U:$AD, 7, False), "") | I35: =iferror(vlookup($A35, 'Player Game Stats'!$U:$AD, 8, False), "") | J35: =iferror(vlookup($A35, 'Player Game Stats'!$U:$AD, 9, False), "") | K35: =iferror(vlookup($A35, 'Player Game Stats'!$U:$AD, 10, False), "") | L35: =K35*D35 -> 0 | M35: =iferror(L35*$L$75, "") -> 0
A36: =Draft!D55 | B36: =iferror(vlookup($A36, 'Player Game Stats'!$U:$AD, 2, False), "") | C36: =iferror(vlookup($A36, 'Player Game Stats'!$U:$AD, 3, False), "") | D36: =iferror(1.2*I36+1.1*H36+1.05*G36+1*F36, "") -> 0 | E36: =iferror(vlookup($A36, 'Player Game Stats'!$U:$AD, 4, False), "") | F36: =iferror(vlookup($A36, 'Player Game Stats'!$U:$AD, 5, False), "") | G36: =iferror(vlookup($A36, 'Player Game Stats'!$U:$AD, 6, False), "") | H36: =iferror(vlookup($A36, 'Player Game Stats'!$U:$AD, 7, False), "") | I36: =iferror(vlookup($A36, 'Player Game Stats'!$U:$AD, 8, False), "") | J36: =iferror(vlookup($A36, 'Player Game Stats'!$U:$AD, 9, False), "") | K36: =iferror(vlookup($A36, 'Player Game Stats'!$U:$AD, 10, False), "") | L36: =K36*D36 -> 0 | M36: =iferror(L36*$L$75, "") -> 0
A37: =Draft!D56 | B37: =iferror(vlookup($A37, 'Player Game Stats'!$U:$AD, 2, False), "") | C37: =iferror(vlookup($A37, 'Player Game Stats'!$U:$AD, 3, False), "") | D37: =iferror(1.2*I37+1.1*H37+1.05*G37+1*F37, "") -> 0 | E37: =iferror(vlookup($A37, 'Player Game Stats'!$U:$AD, 4, False), "") | F37: =iferror(vlookup($A37, 'Player Game Stats'!$U:$AD, 5, False), "") | G37: =iferror(vlookup($A37, 'Player Game Stats'!$U:$AD, 6, False), "") | H37: =iferror(vlookup($A37, 'Player Game Stats'!$U:$AD, 7, False), "") | I37: =iferror(vlookup($A37, 'Player Game Stats'!$U:$AD, 8, False), "") | J37: =iferror(vlookup($A37, 'Player Game Stats'!$U:$AD, 9, False), "") | K37: =iferror(vlookup($A37, 'Player Game Stats'!$U:$AD, 10, False), "") | L37: =K37*D37 -> 0 | M37: =iferror(L37*$L$75, "") -> 0
A38: =Draft!E44 -> Leo | B38: =iferror(vlookup($A38, 'Player Game Stats'!$AE:$AN, 2, False), "") -> 7 | C38: =iferror(vlookup($A38, 'Player Game Stats'!$AE:$AN, 3, False), "") -> 0.71428571 | D38: =iferror(1.2*I38+1.1*H38+1.05*G38+1*F38, "") -> 17.414286 | E38: =iferror(vlookup($A38, 'Player Game Stats'!$AE:$AN, 4, False), "") -> 16.285714 | F38: =iferror(vlookup($A38, 'Player Game Stats'!$AE:$AN, 5, False), "") -> 5 | G38: =iferror(vlookup($A38, 'Player Game Stats'!$AE:$AN, 6, False), "") -> 1.7142857 | H38: =iferror(vlookup($A38, 'Player Game Stats'!$AE:$AN, 7, False), "") -> 8.7142857 | I38: =iferror(vlookup($A38, 'Player Game Stats'!$AE:$AN, 8, False), "") -> 0.85714286 | J38: =iferror(vlookup($A38, 'Player Game Stats'!$AE:$AN, 9, False), "") -> 28.714286 | K38: =iferror(vlookup($A38, 'Player Game Stats'!$AE:$AN, 10, False), "") -> 0.36190476 | L38: =K38*D38 -> 6.3023129 | M38: =iferror(L38*$L$75, "") -> 16.991744
A39: =Draft!E46 -> Seb | B39: =iferror(vlookup($A39, 'Player Game Stats'!$AE:$AN, 2, False), "") -> 6 | C39: =iferror(vlookup($A39, 'Player Game Stats'!$AE:$AN, 3, False), "") -> 0.66666667 | D39: =iferror(1.2*I39+1.1*H39+1.05*G39+1*F39, "") -> 21.791667 | E39: =iferror(vlookup($A39, 'Player Game Stats'!$AE:$AN, 4, False), "") -> 20.333333 | F39: =iferror(vlookup($A39, 'Player Game Stats'!$AE:$AN, 5, False), "") -> 7.1666667 | G39: =iferror(vlookup($A39, 'Player Game Stats'!$AE:$AN, 6, False), "") -> 2.8333333 | H39: =iferror(vlookup($A39, 'Player Game Stats'!$AE:$AN, 7, False), "") -> 7.5 | I39: =iferror(vlookup($A39, 'Player Game Stats'!$AE:$AN, 8, False), "") -> 2.8333333 | J39: =iferror(vlookup($A39, 'Player Game Stats'!$AE:$AN, 9, False), "") -> 25.666667 | K39: =iferror(vlookup($A39, 'Player Game Stats'!$AE:$AN, 10, False), "") -> 0.44202899 | L39: =K39*D39 -> 9.6325483 | M39: =iferror(L39*$L$75, "") -> 25.970432
A40: =Draft!E47 -> Fritz | B40: =iferror(vlookup($A40, 'Player Game Stats'!$AE:$AN, 2, False), "") -> 6 | C40: =iferror(vlookup($A40, 'Player Game Stats'!$AE:$AN, 3, False), "") -> 0.83333333 | D40: =iferror(1.2*I40+1.1*H40+1.05*G40+1*F40, "") -> 18.125 | E40: =iferror(vlookup($A40, 'Player Game Stats'!$AE:$AN, 4, False), "") -> 17 | F40: =iferror(vlookup($A40, 'Player Game Stats'!$AE:$AN, 5, False), "") -> 6.5 | G40: =iferror(vlookup($A40, 'Player Game Stats'!$AE:$AN, 6, False), "") -> 1.5 | H40: =iferror(vlookup($A40, 'Player Game Stats'!$AE:$AN, 7, False), "") -> 7.5 | I40: =iferror(vlookup($A40, 'Player Game Stats'!$AE:$AN, 8, False), "") -> 1.5 | J40: =iferror(vlookup($A40, 'Player Game Stats'!$AE:$AN, 9, False), "") -> 27.166667 | K40: =iferror(vlookup($A40, 'Player Game Stats'!$AE:$AN, 10, False), "") -> 0.38490566 | L40: =K40*D40 -> 6.9764151 | M40: =iferror(L40*$L$75, "") -> 18.809199
A41: =Draft!E48 -> Arnav | B41: =iferror(vlookup($A41, 'Player Game Stats'!$AE:$AN, 2, False), "") -> 7 | C41: =iferror(vlookup($A41, 'Player Game Stats'!$AE:$AN, 3, False), "") -> 0.71428571 | D41: =iferror(1.2*I41+1.1*H41+1.05*G41+1*F41, "") -> 17.685714 | E41: =iferror(vlookup($A41, 'Player Game Stats'!$AE:$AN, 4, False), "") -> 16.571429 | F41: =iferror(vlookup($A41, 'Player Game Stats'!$AE:$AN, 5, False), "") -> 5.8571429 | G41: =iferror(vlookup($A41, 'Player Game Stats'!$AE:$AN, 6, False), "") -> 1.7142857 | H41: =iferror(vlookup($A41, 'Player Game Stats'!$AE:$AN, 7, False), "") -> 7.7142857 | I41: =iferror(vlookup($A41, 'Player Game Stats'!$AE:$AN, 8, False), "") -> 1.2857143 | J41: =iferror(vlookup($A41, 'Player Game Stats'!$AE:$AN, 9, False), "") -> 28 | K41: =iferror(vlookup($A41, 'Player Game Stats'!$AE:$AN, 10, False), "") -> 0.37179487 | L41: =K41*D41 -> 6.5754579 | M41: =iferror(L41*$L$75, "") -> 17.728173
A42: =Draft!E49 -> Lanuza | B42: =iferror(vlookup($A42, 'Player Game Stats'!$AE:$AN, 2, False), "") -> 3 | C42: =iferror(vlookup($A42, 'Player Game Stats'!$AE:$AN, 3, False), "") -> 0.33333333 | D42: =iferror(1.2*I42+1.1*H42+1.05*G42+1*F42, "") -> 15.766667 | E42: =iferror(vlookup($A42, 'Player Game Stats'!$AE:$AN, 4, False), "") -> 15.666667 | F42: =iferror(vlookup($A42, 'Player Game Stats'!$AE:$AN, 5, False), "") -> 14.666667 | G42: =iferror(vlookup($A42, 'Player Game Stats'!$AE:$AN, 6, False), "") -> 0 | H42: =iferror(vlookup($A42, 'Player Game Stats'!$AE:$AN, 7, False), "") -> 1 | I42: =iferror(vlookup($A42, 'Player Game Stats'!$AE:$AN, 8, False), "") -> 0 | J42: =iferror(vlookup($A42, 'Player Game Stats'!$AE:$AN, 9, False), "") -> 30.666667 | K42: =iferror(vlookup($A42, 'Player Game Stats'!$AE:$AN, 10, False), "") -> 0.3381295 | L42: =K42*D42 -> 5.3311751 | M42: =iferror(L42*$L$75, "") -> 14.373447
A43: =Draft!E50 -> Samos | B43: =iferror(vlookup($A43, 'Player Game Stats'!$AE:$AN, 2, False), "") -> 6 | C43: =iferror(vlookup($A43, 'Player Game Stats'!$AE:$AN, 3, False), "") -> 0.83333333 | D43: =iferror(1.2*I43+1.1*H43+1.05*G43+1*F43, "") -> 16.183333 | E43: =iferror(vlookup($A43, 'Player Game Stats'!$AE:$AN, 4, False), "") -> 15.5 | F43: =iferror(vlookup($A43, 'Player Game Stats'!$AE:$AN, 5, False), "") -> 9 | G43: =iferror(vlookup($A43, 'Player Game Stats'!$AE:$AN, 6, False), "") -> 1.3333333 | H43: =iferror(vlookup($A43, 'Player Game Stats'!$AE:$AN, 7, False), "") -> 4.1666667 | I43: =iferror(vlookup($A43, 'Player Game Stats'!$AE:$AN, 8, False), "") -> 1 | J43: =iferror(vlookup($A43, 'Player Game Stats'!$AE:$AN, 9, False), "") -> 27.166667 | K43: =iferror(vlookup($A43, 'Player Game Stats'!$AE:$AN, 10, False), "") -> 0.36328125 | L43: =K43*D43 -> 5.8791016 | M43: =iferror(L43*$L$75, "") -> 15.850718
A44: =Draft!E51 -> Kyi | B44: =iferror(vlookup($A44, 'Player Game Stats'!$AE:$AN, 2, False), "") -> 1 | C44: =iferror(vlookup($A44, 'Player Game Stats'!$AE:$AN, 3, False), "") -> 1 | D44: =iferror(1.2*I44+1.1*H44+1.05*G44+1*F44, "") -> 15.3 | E44: =iferror(vlookup($A44, 'Player Game Stats'!$AE:$AN, 4, False), "") -> 15 | F44: =iferror(vlookup($A44, 'Player Game Stats'!$AE:$AN, 5, False), "") -> 12 | G44: =iferror(vlookup($A44, 'Player Game Stats'!$AE:$AN, 6, False), "") -> 0 | H44: =iferror(vlookup($A44, 'Player Game Stats'!$AE:$AN, 7, False), "") -> 3 | I44: =iferror(vlookup($A44, 'Player Game Stats'!$AE:$AN, 8, False), "") -> 0 | J44: =iferror(vlookup($A44, 'Player Game Stats'!$AE:$AN, 9, False), "") -> 29 | K44: =iferror(vlookup($A44, 'Player Game Stats'!$AE:$AN, 10, False), "") -> 0.34090909 | L44: =K44*D44 -> 5.2159091 | M44: =iferror(L44*$L$75, "") -> 14.062677
A45: =Draft!E52 -> TC | B45: =iferror(vlookup($A45, 'Player Game Stats'!$AE:$AN, 2, False), "") -> 5 | C45: =iferror(vlookup($A45, 'Player Game Stats'!$AE:$AN, 3, False), "") -> 0.8 | D45: =iferror(1.2*I45+1.1*H45+1.05*G45+1*F45, "") -> 13.98 | E45: =iferror(vlookup($A45, 'Player Game Stats'!$AE:$AN, 4, False), "") -> 13.6 | F45: =iferror(vlookup($A45, 'Player Game Stats'!$AE:$AN, 5, False), "") -> 9.8 | G45: =iferror(vlookup($A45, 'Player Game Stats'!$AE:$AN, 6, False), "") -> 0 | H45: =iferror(vlookup($A45, 'Player Game Stats'!$AE:$AN, 7, False), "") -> 3.8 | I45: =iferror(vlookup($A45, 'Player Game Stats'!$AE:$AN, 8, False), "") -> 0 | J45: =iferror(vlookup($A45, 'Player Game Stats'!$AE:$AN, 9, False), "") -> 27.2 | K45: =iferror(vlookup($A45, 'Player Game Stats'!$AE:$AN, 10, False), "") -> 0.33333333 | L45: =K45*D45 -> 4.66 | M45: =iferror(L45*$L$75, "") -> 12.563883
A46: =Draft!E53 -> Adi | B46: =iferror(vlookup($A46, 'Player Game Stats'!$AE:$AN, 2, False), "") -> 1 | C46: =iferror(vlookup($A46, 'Player Game Stats'!$AE:$AN, 3, False), "") -> 0 | D46: =iferror(1.2*I46+1.1*H46+1.05*G46+1*F46, "") -> 20.2 | E46: =iferror(vlookup($A46, 'Player Game Stats'!$AE:$AN, 4, False), "") -> 19 | F46: =iferror(vlookup($A46, 'Player Game Stats'!$AE:$AN, 5, False), "") -> 8 | G46: =iferror(vlookup($A46, 'Player Game Stats'!$AE:$AN, 6, False), "") -> 0 | H46: =iferror(vlookup($A46, 'Player Game Stats'!$AE:$AN, 7, False), "") -> 10 | I46: =iferror(vlookup($A46, 'Player Game Stats'!$AE:$AN, 8, False), "") -> 1 | J46: =iferror(vlookup($A46, 'Player Game Stats'!$AE:$AN, 9, False), "") -> 30 | K46: =iferror(vlookup($A46, 'Player Game Stats'!$AE:$AN, 10, False), "") -> 0.3877551 | L46: =K46*D46 -> 7.8326531 | M46: =iferror(L46*$L$75, "") -> 21.117713
A47: =Draft!E54 | B47: =iferror(vlookup($A47, 'Player Game Stats'!$AE:$AN, 2, False), "") | C47: =iferror(vlookup($A47, 'Player Game Stats'!$AE:$AN, 3, False), "") | D47: =iferror(1.2*I47+1.1*H47+1.05*G47+1*F47, "") -> 0 | E47: =iferror(vlookup($A47, 'Player Game Stats'!$AE:$AN, 4, False), "") | F47: =iferror(vlookup($A47, 'Player Game Stats'!$AE:$AN, 5, False), "") | G47: =iferror(vlookup($A47, 'Player Game Stats'!$AE:$AN, 6, False), "") | H47: =iferror(vlookup($A47, 'Player Game Stats'!$AE:$AN, 7, False), "") | I47: =iferror(vlookup($A47, 'Player Game Stats'!$AE:$AN, 8, False), "") | J47: =iferror(vlookup($A47, 'Player Game Stats'!$AE:$AN, 9, False), "") | K47: =iferror(vlookup($A47, 'Player Game Stats'!$AE:$AN, 10, False), "") | L47: =K47*D47 -> 0 | M47: =iferror(L47*$L$75, "") -> 0
A48: =Draft!E55 | B48: =iferror(vlookup($A48, 'Player Game Stats'!$AE:$AN, 2, False), "") | C48: =iferror(vlookup($A48, 'Player Game Stats'!$AE:$AN, 3, False), "") | D48: =iferror(1.2*I48+1.1*H48+1.05*G48+1*F48, "") -> 0 | E48: =iferror(vlookup($A48, 'Player Game Stats'!$AE:$AN, 4, False), "") | F48: =iferror(vlookup($A48, 'Player Game Stats'!$AE:$AN, 5, False), "") | G48: =iferror(vlookup($A48, 'Player Game Stats'!$AE:$AN, 6, False), "") | H48: =iferror(vlookup($A48, 'Player Game Stats'!$AE:$AN, 7, False), "") | I48: =iferror(vlookup($A48, 'Player Game Stats'!$AE:$AN, 8, False), "") | J48: =iferror(vlookup($A48, 'Player Game Stats'!$AE:$AN, 9, False), "") | K48: =iferror(vlookup($A48, 'Player Game Stats'!$AE:$AN, 10, False), "") | L48: =K48*D48 -> 0 | M48: =iferror(L48*$L$75, "") -> 0
A49: =Draft!E56 | B49: =iferror(vlookup($A49, 'Player Game Stats'!$AE:$AN, 2, False), "") | C49: =iferror(vlookup($A49, 'Player Game Stats'!$AE:$AN, 3, False), "") | D49: =iferror(1.2*I49+1.1*H49+1.05*G49+1*F49, "") -> 0 | E49: =iferror(vlookup($A49, 'Player Game Stats'!$AE:$AN, 4, False), "") | F49: =iferror(vlookup($A49, 'Player Game Stats'!$AE:$AN, 5, False), "") | G49: =iferror(vlookup($A49, 'Player Game Stats'!$AE:$AN, 6, False), "") | H49: =iferror(vlookup($A49, 'Player Game Stats'!$AE:$AN, 7, False), "") | I49: =iferror(vlookup($A49, 'Player Game Stats'!$AE:$AN, 8, False), "") | J49: =iferror(vlookup($A49, 'Player Game Stats'!$AE:$AN, 9, False), "") | K49: =iferror(vlookup($A49, 'Player Game Stats'!$AE:$AN, 10, False), "") | L49: =K49*D49 -> 0 | M49: =iferror(L49*$L$75, "") -> 0
A50: =Draft!F44 -> Maas | B50: =iferror(vlookup($A50, 'Player Game Stats'!$AO:$AX, 2, False), "") -> 5 | C50: =iferror(vlookup($A50, 'Player Game Stats'!$AO:$AX, 3, False), "") -> 0.2 | D50: =iferror(1.2*I50+1.1*H50+1.05*G50+1*F50, "") -> 18.82 | E50: =iferror(vlookup($A50, 'Player Game Stats'!$AO:$AX, 4, False), "") -> 17.4 | F50: =iferror(vlookup($A50, 'Player Game Stats'!$AO:$AX, 5, False), "") -> 5 | G50: =iferror(vlookup($A50, 'Player Game Stats'!$AO:$AX, 6, False), "") -> 2 | H50: =iferror(vlookup($A50, 'Player Game Stats'!$AO:$AX, 7, False), "") -> 7.6 | I50: =iferror(vlookup($A50, 'Player Game Stats'!$AO:$AX, 8, False), "") -> 2.8 | J50: =iferror(vlookup($A50, 'Player Game Stats'!$AO:$AX, 9, False), "") -> 28.4 | K50: =iferror(vlookup($A50, 'Player Game Stats'!$AO:$AX, 10, False), "") -> 0.37991266 | L50: =K50*D50 -> 7.1499563 | M50: =iferror(L50*$L$75, "") -> 19.277085
A51: =Draft!F46 -> Hawkins | B51: =iferror(vlookup($A51, 'Player Game Stats'!$AO:$AX, 2, False), "") -> 7 | C51: =iferror(vlookup($A51, 'Player Game Stats'!$AO:$AX, 3, False), "") -> 0.14285714 | D51: =iferror(1.2*I51+1.1*H51+1.05*G51+1*F51, "") -> 21.535714 | E51: =iferror(vlookup($A51, 'Player Game Stats'!$AO:$AX, 4, False), "") -> 20.714286 | F51: =iferror(vlookup($A51, 'Player Game Stats'!$AO:$AX, 5, False), "") -> 12.857143 | G51: =iferror(vlookup($A51, 'Player Game Stats'!$AO:$AX, 6, False), "") -> 1.5714286 | H51: =iferror(vlookup($A51, 'Player Game Stats'!$AO:$AX, 7, False), "") -> 5.1428571 | I51: =iferror(vlookup($A51, 'Player Game Stats'!$AO:$AX, 8, False), "") -> 1.1428571 | J51: =iferror(vlookup($A51, 'Player Game Stats'!$AO:$AX, 9, False), "") -> 27.142857 | K51: =iferror(vlookup($A51, 'Player Game Stats'!$AO:$AX, 10, False), "") -> 0.43283582 | L51: =K51*D51 -> 9.3214286 | M51: =iferror(L51*$L$75, "") -> 25.131619
A52: =Draft!F47 -> Grish | B52: =iferror(vlookup($A52, 'Player Game Stats'!$AO:$AX, 2, False), "") -> 7 | C52: =iferror(vlookup($A52, 'Player Game Stats'!$AO:$AX, 3, False), "") -> 0.14285714 | D52: =iferror(1.2*I52+1.1*H52+1.05*G52+1*F52, "") -> 15.092857 | E52: =iferror(vlookup($A52, 'Player Game Stats'!$AO:$AX, 4, False), "") -> 14.142857 | F52: =iferror(vlookup($A52, 'Player Game Stats'!$AO:$AX, 5, False), "") -> 5.1428571 | G52: =iferror(vlookup($A52, 'Player Game Stats'!$AO:$AX, 6, False), "") -> 0.14285714 | H52: =iferror(vlookup($A52, 'Player Game Stats'!$AO:$AX, 7, False), "") -> 8.2857143 | I52: =iferror(vlookup($A52, 'Player Game Stats'!$AO:$AX, 8, False), "") -> 0.57142857 | J52: =iferror(vlookup($A52, 'Player Game Stats'!$AO:$AX, 9, False), "") -> 28.571429 | K52: =iferror(vlookup($A52, 'Player Game Stats'!$AO:$AX, 10, False), "") -> 0.33110368 | L52: =K52*D52 -> 4.9973005 | M52: =iferror(L52*$L$75, "") -> 13.473284
A53: =Draft!F48 -> Rockett | B53: =iferror(vlookup($A53, 'Player Game Stats'!$AO:$AX, 2, False), "") -> 6 | C53: =iferror(vlookup($A53, 'Player Game Stats'!$AO:$AX, 3, False), "") -> 0.16666667 | D53: =iferror(1.2*I53+1.1*H53+1.05*G53+1*F53, "") -> 15 | E53: =iferror(vlookup($A53, 'Player Game Stats'!$AO:$AX, 4, False), "") -> 14 | F53: =iferror(vlookup($A53, 'Player Game Stats'!$AO:$AX, 5, False), "") -> 5 | G53: =iferror(vlookup($A53, 'Player Game Stats'!$AO:$AX, 6, False), "") -> 0.66666667 | H53: =iferror(vlookup($A53, 'Player Game Stats'!$AO:$AX, 7, False), "") -> 7 | I53: =iferror(vlookup($A53, 'Player Game Stats'!$AO:$AX, 8, False), "") -> 1.3333333 | J53: =iferror(vlookup($A53, 'Player Game Stats'!$AO:$AX, 9, False), "") -> 29.5 | K53: =iferror(vlookup($A53, 'Player Game Stats'!$AO:$AX, 10, False), "") -> 0.32183908 | L53: =K53*D53 -> 4.8275862 | M53: =iferror(L53*$L$75, "") -> 13.015715
A54: =Draft!F49 -> Du | B54: =iferror(vlookup($A54, 'Player Game Stats'!$AO:$AX, 2, False), "") -> 4 | C54: =iferror(vlookup($A54, 'Player Game Stats'!$AO:$AX, 3, False), "") -> 0 | D54: =iferror(1.2*I54+1.1*H54+1.05*G54+1*F54, "") -> 14 | E54: =iferror(vlookup($A54, 'Player Game Stats'!$AO:$AX, 4, False), "") -> 13.25 | F54: =iferror(vlookup($A54, 'Player Game Stats'!$AO:$AX, 5, False), "") -> 6 | G54: =iferror(vlookup($A54, 'Player Game Stats'!$AO:$AX, 6, False), "") -> 0 | H54: =iferror(vlookup($A54, 'Player Game Stats'!$AO:$AX, 7, False), "") -> 7 | I54: =iferror(vlookup($A54, 'Player Game Stats'!$AO:$AX, 8, False), "") -> 0.25 | J54: =iferror(vlookup($A54, 'Player Game Stats'!$AO:$AX, 9, False), "") -> 30 | K54: =iferror(vlookup($A54, 'Player Game Stats'!$AO:$AX, 10, False), "") -> 0.30635838 | L54: =K54*D54 -> 4.2890173 | M54: =iferror(L54*$L$75, "") -> 11.563673
A55: =Draft!F50 -> Raymond | B55: =iferror(vlookup($A55, 'Player Game Stats'!$AO:$AX, 2, False), "") -> 2 | C55: =iferror(vlookup($A55, 'Player Game Stats'!$AO:$AX, 3, False), "") -> 0 | D55: =iferror(1.2*I55+1.1*H55+1.05*G55+1*F55, "") -> 12.75 | E55: =iferror(vlookup($A55, 'Player Game Stats'!$AO:$AX, 4, False), "") -> 12 | F55: =iferror(vlookup($A55, 'Player Game Stats'!$AO:$AX, 5, False), "") -> 6 | G55: =iferror(vlookup($A55, 'Player Game Stats'!$AO:$AX, 6, False), "") -> 0 | H55: =iferror(vlookup($A55, 'Player Game Stats'!$AO:$AX, 7, False), "") -> 4.5 | I55: =iferror(vlookup($A55, 'Player Game Stats'!$AO:$AX, 8, False), "") -> 1.5 | J55: =iferror(vlookup($A55, 'Player Game Stats'!$AO:$AX, 9, False), "") -> 32.5 | K55: =iferror(vlookup($A55, 'Player Game Stats'!$AO:$AX, 10, False), "") -> 0.26966292 | L55: =K55*D55 -> 3.4382022 | M55: =iferror(L55*$L$75, "") -> 9.2697795
A56: =Draft!F51 -> Derek | B56: =iferror(vlookup($A56, 'Player Game Stats'!$AO:$AX, 2, False), "") -> 5 | C56: =iferror(vlookup($A56, 'Player Game Stats'!$AO:$AX, 3, False), "") -> 0.2 | D56: =iferror(1.2*I56+1.1*H56+1.05*G56+1*F56, "") -> 16.08 | E56: =iferror(vlookup($A56, 'Player Game Stats'!$AO:$AX, 4, False), "") -> 15.6 | F56: =iferror(vlookup($A56, 'Player Game Stats'!$AO:$AX, 5, False), "") -> 10.6 | G56: =iferror(vlookup($A56, 'Player Game Stats'!$AO:$AX, 6, False), "") -> 0.8 | H56: =iferror(vlookup($A56, 'Player Game Stats'!$AO:$AX, 7, False), "") -> 4 | I56: =iferror(vlookup($A56, 'Player Game Stats'!$AO:$AX, 8, False), "") -> 0.2 | J56: =iferror(vlookup($A56, 'Player Game Stats'!$AO:$AX, 9, False), "") -> 28.6 | K56: =iferror(vlookup($A56, 'Player Game Stats'!$AO:$AX, 10, False), "") -> 0.35294118 | L56: =K56*D56 -> 5.6752941 | M56: =iferror(L56*$L$75, "") -> 15.30123
A57: =Draft!F52 -> Neo | B57: =iferror(vlookup($A57, 'Player Game Stats'!$AO:$AX, 2, False), "") -> 2 | C57: =iferror(vlookup($A57, 'Player Game Stats'!$AO:$AX, 3, False), "") -> 0 | D57: =iferror(1.2*I57+1.1*H57+1.05*G57+1*F57, "") -> 9.3 | E57: =iferror(vlookup($A57, 'Player Game Stats'!$AO:$AX, 4, False), "") -> 9 | F57: =iferror(vlookup($A57, 'Player Game Stats'!$AO:$AX, 5, False), "") -> 6.5 | G57: =iferror(vlookup($A57, 'Player Game Stats'!$AO:$AX, 6, False), "") -> 0 | H57: =iferror(vlookup($A57, 'Player Game Stats'!$AO:$AX, 7, False), "") -> 2 | I57: =iferror(vlookup($A57, 'Player Game Stats'!$AO:$AX, 8, False), "") -> 0.5 | J57: =iferror(vlookup($A57, 'Player Game Stats'!$AO:$AX, 9, False), "") -> 26 | K57: =iferror(vlookup($A57, 'Player Game Stats'!$AO:$AX, 10, False), "") -> 0.25714286 | L57: =K57*D57 -> 2.3914286 | M57: =iferror(L57*$L$75, "") -> 6.4475601
A58: =Draft!F53 -> Brendan | B58: =iferror(vlookup($A58, 'Player Game Stats'!$AO:$AX, 2, False), "") -> 3 | C58: =iferror(vlookup($A58, 'Player Game Stats'!$AO:$AX, 3, False), "") -> 0.33333333 | D58: =iferror(1.2*I58+1.1*H58+1.05*G58+1*F58, "") -> 16.5 | E58: =iferror(vlookup($A58, 'Player Game Stats'!$AO:$AX, 4, False), "") -> 15.333333 | F58: =iferror(vlookup($A58, 'Player Game Stats'!$AO:$AX, 5, False), "") -> 5.6666667 | G58: =iferror(vlookup($A58, 'Player Game Stats'!$AO:$AX, 6, False), "") -> 0 | H58: =iferror(vlookup($A58, 'Player Game Stats'!$AO:$AX, 7, False), "") -> 7.6666667 | I58: =iferror(vlookup($A58, 'Player Game Stats'!$AO:$AX, 8, False), "") -> 2 | J58: =iferror(vlookup($A58, 'Player Game Stats'!$AO:$AX, 9, False), "") -> 26.666667 | K58: =iferror(vlookup($A58, 'Player Game Stats'!$AO:$AX, 10, False), "") -> 0.36507937 | L58: =K58*D58 -> 6.0238095 | M58: =iferror(L58*$L$75, "") -> 16.240867
A59: =Draft!F54 -> Hanono | B59: =iferror(vlookup($A59, 'Player Game Stats'!$AO:$AX, 2, False), "") -> 1 | C59: =iferror(vlookup($A59, 'Player Game Stats'!$AO:$AX, 3, False), "") -> 0 | D59: =iferror(1.2*I59+1.1*H59+1.05*G59+1*F59, "") -> 12.7 | E59: =iferror(vlookup($A59, 'Player Game Stats'!$AO:$AX, 4, False), "") -> 12 | F59: =iferror(vlookup($A59, 'Player Game Stats'!$AO:$AX, 5, False), "") -> 6 | G59: =iferror(vlookup($A59, 'Player Game Stats'!$AO:$AX, 6, False), "") -> 0 | H59: =iferror(vlookup($A59, 'Player Game Stats'!$AO:$AX, 7, False), "") -> 5 | I59: =iferror(vlookup($A59, 'Player Game Stats'!$AO:$AX, 8, False), "") -> 1 | J59: =iferror(vlookup($A59, 'Player Game Stats'!$AO:$AX, 9, False), "") -> 27 | K59: =iferror(vlookup($A59, 'Player Game Stats'!$AO:$AX, 10, False), "") -> 0.30769231 | L59: =K59*D59 -> 3.9076923 | M59: =iferror(L59*$L$75, "") -> 10.535577
A60: =Draft!F55 | B60: =iferror(vlookup($A60, 'Player Game Stats'!$AO:$AX, 2, False), "") | C60: =iferror(vlookup($A60, 'Player Game Stats'!$AO:$AX, 3, False), "") | D60: =iferror(1.2*I60+1.1*H60+1.05*G60+1*F60, "") -> 0 | E60: =iferror(vlookup($A60, 'Player Game Stats'!$AO:$AX, 4, False), "") | F60: =iferror(vlookup($A60, 'Player Game Stats'!$AO:$AX, 5, False), "") | G60: =iferror(vlookup($A60, 'Player Game Stats'!$AO:$AX, 6, False), "") | H60: =iferror(vlookup($A60, 'Player Game Stats'!$AO:$AX, 7, False), "") | I60: =iferror(vlookup($A60, 'Player Game Stats'!$AO:$AX, 8, False), "") | J60: =iferror(vlookup($A60, 'Player Game Stats'!$AO:$AX, 9, False), "") | K60: =iferror(vlookup($A60, 'Player Game Stats'!$AO:$AX, 10, False), "") | L60: =K60*D60 -> 0 | M60: =iferror(L60*$L$75, "") -> 0
A61: =Draft!F56 | B61: =iferror(vlookup($A61, 'Player Game Stats'!$AO:$AX, 2, False), "") | C61: =iferror(vlookup($A61, 'Player Game Stats'!$AO:$AX, 3, False), "") | D61: =iferror(1.2*I61+1.1*H61+1.05*G61+1*F61, "") -> 0 | E61: =iferror(vlookup($A61, 'Player Game Stats'!$AO:$AX, 4, False), "") | F61: =iferror(vlookup($A61, 'Player Game Stats'!$AO:$AX, 5, False), "") | G61: =iferror(vlookup($A61, 'Player Game Stats'!$AO:$AX, 6, False), "") | H61: =iferror(vlookup($A61, 'Player Game Stats'!$AO:$AX, 7, False), "") | I61: =iferror(vlookup($A61, 'Player Game Stats'!$AO:$AX, 8, False), "") | J61: =iferror(vlookup($A61, 'Player Game Stats'!$AO:$AX, 9, False), "") | K61: =iferror(vlookup($A61, 'Player Game Stats'!$AO:$AX, 10, False), "") | L61: =K61*D61 -> 0 | M61: =iferror(L61*$L$75, "") -> 0
A62: =Draft!G44 -> BXu | B62: =iferror(vlookup($A62, 'Player Game Stats'!$AY:$BH, 2, False), "") -> 6 | C62: =iferror(vlookup($A62, 'Player Game Stats'!$AY:$BH, 3, False), "") -> 0.66666667 | D62: =iferror(1.2*I62+1.1*H62+1.05*G62+1*F62, "") -> 16.633333 | E62: =iferror(vlookup($A62, 'Player Game Stats'!$AY:$BH, 4, False), "") -> 15.5 | F62: =iferror(vlookup($A62, 'Player Game Stats'!$AY:$BH, 5, False), "") -> 5.1666667 | G62: =iferror(vlookup($A62, 'Player Game Stats'!$AY:$BH, 6, False), "") -> 1.6666667 | H62: =iferror(vlookup($A62, 'Player Game Stats'!$AY:$BH, 7, False), "") -> 6.8333333 | I62: =iferror(vlookup($A62, 'Player Game Stats'!$AY:$BH, 8, False), "") -> 1.8333333 | J62: =iferror(vlookup($A62, 'Player Game Stats'!$AY:$BH, 9, False), "") -> 27.333333 | K62: =iferror(vlookup($A62, 'Player Game Stats'!$AY:$BH, 10, False), "") -> 0.3618677 | L62: =K62*D62 -> 6.0190661 | M62: =iferror(L62*$L$75, "") -> 16.228078
A63: =Draft!G46 -> JChan | B63: =iferror(vlookup($A63, 'Player Game Stats'!$AY:$BH, 2, False), "") -> 7 | C63: =iferror(vlookup($A63, 'Player Game Stats'!$AY:$BH, 3, False), "") -> 0.71428571 | D63: =iferror(1.2*I63+1.1*H63+1.05*G63+1*F63, "") -> 14.942857 | E63: =iferror(vlookup($A63, 'Player Game Stats'!$AY:$BH, 4, False), "") -> 13.714286 | F63: =iferror(vlookup($A63, 'Player Game Stats'!$AY:$BH, 5, False), "") -> 4 | G63: =iferror(vlookup($A63, 'Player Game Stats'!$AY:$BH, 6, False), "") -> 1.4285714 | H63: =iferror(vlookup($A63, 'Player Game Stats'!$AY:$BH, 7, False), "") -> 5 | I63: =iferror(vlookup($A63, 'Player Game Stats'!$AY:$BH, 8, False), "") -> 3.2857143 | J63: =iferror(vlookup($A63, 'Player Game Stats'!$AY:$BH, 9, False), "") -> 26.857143 | K63: =iferror(vlookup($A63, 'Player Game Stats'!$AY:$BH, 10, False), "") -> 0.33802817 | L63: =K63*D63 -> 5.0511066 | M63: =iferror(L63*$L$75, "") -> 13.618351
A64: =Draft!G47 -> DC | B64: =iferror(vlookup($A64, 'Player Game Stats'!$AY:$BH, 2, False), "") -> 6 | C64: =iferror(vlookup($A64, 'Player Game Stats'!$AY:$BH, 3, False), "") -> 0.83333333 | D64: =iferror(1.2*I64+1.1*H64+1.05*G64+1*F64, "") -> 16.533333 | E64: =iferror(vlookup($A64, 'Player Game Stats'!$AY:$BH, 4, False), "") -> 15.5 | F64: =iferror(vlookup($A64, 'Player Game Stats'!$AY:$BH, 5, False), "") -> 5.6666667 | G64: =iferror(vlookup($A64, 'Player Game Stats'!$AY:$BH, 6, False), "") -> 0.33333333 | H64: =iferror(vlookup($A64, 'Player Game Stats'!$AY:$BH, 7, False), "") -> 8.8333333 | I64: =iferror(vlookup($A64, 'Player Game Stats'!$AY:$BH, 8, False), "") -> 0.66666667 | J64: =iferror(vlookup($A64, 'Player Game Stats'!$AY:$BH, 9, False), "") -> 26 | K64: =iferror(vlookup($A64, 'Player Game Stats'!$AY:$BH, 10, False), "") -> 0.37349398 | L64: =K64*D64 -> 6.1751004 | M64: =iferror(L64*$L$75, "") -> 16.648764
A65: =Draft!G48 -> Schmid | B65: =iferror(vlookup($A65, 'Player Game Stats'!$AY:$BH, 2, False), "") -> 7 | C65: =iferror(vlookup($A65, 'Player Game Stats'!$AY:$BH, 3, False), "") -> 0.71428571 | D65: =iferror(1.2*I65+1.1*H65+1.05*G65+1*F65, "") -> 25.292857 | E65: =iferror(vlookup($A65, 'Player Game Stats'!$AY:$BH, 4, False), "") -> 24.571429 | F65: =iferror(vlookup($A65, 'Player Game Stats'!$AY:$BH, 5, False), "") -> 16.571429 | G65: =iferror(vlookup($A65, 'Player Game Stats'!$AY:$BH, 6, False), "") -> 2.7142857 | H65: =iferror(vlookup($A65, 'Player Game Stats'!$AY:$BH, 7, False), "") -> 4.7142857 | I65: =iferror(vlookup($A65, 'Player Game Stats'!$AY:$BH, 8, False), "") -> 0.57142857 | J65: =iferror(vlookup($A65, 'Player Game Stats'!$AY:$BH, 9, False), "") -> 23.571429 | K65: =iferror(vlookup($A65, 'Player Game Stats'!$AY:$BH, 10, False), "") -> 0.51038576 | L65: =K65*D65 -> 12.909114 | M65: =iferror(L65*$L$75, "") -> 34.804422
A66: =Draft!G49 -> Kian | B66: =iferror(vlookup($A66, 'Player Game Stats'!$AY:$BH, 2, False), "") -> 7 | C66: =iferror(vlookup($A66, 'Player Game Stats'!$AY:$BH, 3, False), "") -> 0.71428571 | D66: =iferror(1.2*I66+1.1*H66+1.05*G66+1*F66, "") -> 14.55 | E66: =iferror(vlookup($A66, 'Player Game Stats'!$AY:$BH, 4, False), "") -> 13.571429 | F66: =iferror(vlookup($A66, 'Player Game Stats'!$AY:$BH, 5, False), "") -> 5 | G66: =iferror(vlookup($A66, 'Player Game Stats'!$AY:$BH, 6, False), "") -> 1.2857143 | H66: =iferror(vlookup($A66, 'Player Game Stats'!$AY:$BH, 7, False), "") -> 5.4285714 | I66: =iferror(vlookup($A66, 'Player Game Stats'!$AY:$BH, 8, False), "") -> 1.8571429 | J66: =iferror(vlookup($A66, 'Player Game Stats'!$AY:$BH, 9, False), "") -> 28.428571 | K66: =iferror(vlookup($A66, 'Player Game Stats'!$AY:$BH, 10, False), "") -> 0.32312925 | L66: =K66*D66 -> 4.7015306 | M66: =iferror(L66*$L$75, "") -> 12.675855
A67: =Draft!G50 -> Hando | B67: =iferror(vlookup($A67, 'Player Game Stats'!$AY:$BH, 2, False), "") -> 6 | C67: =iferror(vlookup($A67, 'Player Game Stats'!$AY:$BH, 3, False), "") -> 0.83333333 | D67: =iferror(1.2*I67+1.1*H67+1.05*G67+1*F67, "") -> 16.566667 | E67: =iferror(vlookup($A67, 'Player Game Stats'!$AY:$BH, 4, False), "") -> 15.666667 | F67: =iferror(vlookup($A67, 'Player Game Stats'!$AY:$BH, 5, False), "") -> 6.5 | G67: =iferror(vlookup($A67, 'Player Game Stats'!$AY:$BH, 6, False), "") -> 0.66666667 | H67: =iferror(vlookup($A67, 'Player Game Stats'!$AY:$BH, 7, False), "") -> 8.3333333 | I67: =iferror(vlookup($A67, 'Player Game Stats'!$AY:$BH, 8, False), "") -> 0.16666667 | J67: =iferror(vlookup($A67, 'Player Game Stats'!$AY:$BH, 9, False), "") -> 26.333333 | K67: =iferror(vlookup($A67, 'Player Game Stats'!$AY:$BH, 10, False), "") -> 0.37301587 | L67: =K67*D67 -> 6.1796296 | M67: =iferror(L67*$L$75, "") -> 16.660976
A68: =Draft!G51 -> Petric | B68: =iferror(vlookup($A68, 'Player Game Stats'!$AY:$BH, 2, False), "") -> 2 | C68: =iferror(vlookup($A68, 'Player Game Stats'!$AY:$BH, 3, False), "") -> 0.5 | D68: =iferror(1.2*I68+1.1*H68+1.05*G68+1*F68, "") -> 12.8 | E68: =iferror(vlookup($A68, 'Player Game Stats'!$AY:$BH, 4, False), "") -> 12.5 | F68: =iferror(vlookup($A68, 'Player Game Stats'!$AY:$BH, 5, False), "") -> 9.5 | G68: =iferror(vlookup($A68, 'Player Game Stats'!$AY:$BH, 6, False), "") -> 0 | H68: =iferror(vlookup($A68, 'Player Game Stats'!$AY:$BH, 7, False), "") -> 3 | I68: =iferror(vlookup($A68, 'Player Game Stats'!$AY:$BH, 8, False), "") -> 0 | J68: =iferror(vlookup($A68, 'Player Game Stats'!$AY:$BH, 9, False), "") -> 25.5 | K68: =iferror(vlookup($A68, 'Player Game Stats'!$AY:$BH, 10, False), "") -> 0.32894737 | L68: =K68*D68 -> 4.2105263 | M68: =iferror(L68*$L$75, "") -> 11.352052
A69: =Draft!G52 -> Mike Zhou | B69: =iferror(vlookup($A69, 'Player Game Stats'!$AY:$BH, 2, False), "") -> 0 | C69: =iferror(vlookup($A69, 'Player Game Stats'!$AY:$BH, 3, False), "") | D69: =iferror(1.2*I69+1.1*H69+1.05*G69+1*F69, "") -> 0 | E69: =iferror(vlookup($A69, 'Player Game Stats'!$AY:$BH, 4, False), "") | F69: =iferror(vlookup($A69, 'Player Game Stats'!$AY:$BH, 5, False), "") | G69: =iferror(vlookup($A69, 'Player Game Stats'!$AY:$BH, 6, False), "") | H69: =iferror(vlookup($A69, 'Player Game Stats'!$AY:$BH, 7, False), "") | I69: =iferror(vlookup($A69, 'Player Game Stats'!$AY:$BH, 8, False), "") | J69: =iferror(vlookup($A69, 'Player Game Stats'!$AY:$BH, 9, False), "") | K69: =iferror(vlookup($A69, 'Player Game Stats'!$AY:$BH, 10, False), "") | L69: =K69*D69 -> 0 | M69: =iferror(L69*$L$75, "") -> 0
A70: =Draft!G53 -> Cole | B70: =iferror(vlookup($A70, 'Player Game Stats'!$AY:$BH, 2, False), "") -> 1 | C70: =iferror(vlookup($A70, 'Player Game Stats'!$AY:$BH, 3, False), "") -> 0 | D70: =iferror(1.2*I70+1.1*H70+1.05*G70+1*F70, "") -> 18.3 | E70: =iferror(vlookup($A70, 'Player Game Stats'!$AY:$BH, 4, False), "") -> 18 | F70: =iferror(vlookup($A70, 'Player Game Stats'!$AY:$BH, 5, False), "") -> 15 | G70: =iferror(vlookup($A70, 'Player Game Stats'!$AY:$BH, 6, False), "") -> 0 | H70: =iferror(vlookup($A70, 'Player Game Stats'!$AY:$BH, 7, False), "") -> 3 | I70: =iferror(vlookup($A70, 'Player Game Stats'!$AY:$BH, 8, False), "") -> 0 | J70: =iferror(vlookup($A70, 'Player Game Stats'!$AY:$BH, 9, False), "") -> 31 | K70: =iferror(vlookup($A70, 'Player Game Stats'!$AY:$BH, 10, False), "") -> 0.36734694 | L70: =K70*D70 -> 6.722449 | M70: =iferror(L70*$L$75, "") -> 18.124478
A71: =Draft!G54 | B71: =iferror(vlookup($A71, 'Player Game Stats'!$AY:$BH, 2, False), "") | C71: =iferror(vlookup($A71, 'Player Game Stats'!$AY:$BH, 3, False), "") | D71: =iferror(1.2*I71+1.1*H71+1.05*G71+1*F71, "") -> 0 | E71: =iferror(vlookup($A71, 'Player Game Stats'!$AY:$BH, 4, False), "") | F71: =iferror(vlookup($A71, 'Player Game Stats'!$AY:$BH, 5, False), "") | G71: =iferror(vlookup($A71, 'Player Game Stats'!$AY:$BH, 6, False), "") | H71: =iferror(vlookup($A71, 'Player Game Stats'!$AY:$BH, 7, False), "") | I71: =iferror(vlookup($A71, 'Player Game Stats'!$AY:$BH, 8, False), "") | J71: =iferror(vlookup($A71, 'Player Game Stats'!$AY:$BH, 9, False), "") | K71: =iferror(vlookup($A71, 'Player Game Stats'!$AY:$BH, 10, False), "") | L71: =K71*D71 -> 0 | M71: =iferror(L71*$L$75, "") -> 0
A72: =Draft!G55 | B72: =iferror(vlookup($A72, 'Player Game Stats'!$AY:$BH, 2, False), "") | C72: =iferror(vlookup($A72, 'Player Game Stats'!$AY:$BH, 3, False), "") | D72: =iferror(1.2*I72+1.1*H72+1.05*G72+1*F72, "") -> 0 | E72: =iferror(vlookup($A72, 'Player Game Stats'!$AY:$BH, 4, False), "") | F72: =iferror(vlookup($A72, 'Player Game Stats'!$AY:$BH, 5, False), "") | G72: =iferror(vlookup($A72, 'Player Game Stats'!$AY:$BH, 6, False), "") | H72: =iferror(vlookup($A72, 'Player Game Stats'!$AY:$BH, 7, False), "") | I72: =iferror(vlookup($A72, 'Player Game Stats'!$AY:$BH, 8, False), "") | J72: =iferror(vlookup($A72, 'Player Game Stats'!$AY:$BH, 9, False), "") | K72: =iferror(vlookup($A72, 'Player Game Stats'!$AY:$BH, 10, False), "") | L72: =K72*D72 -> 0 | M72: =iferror(L72*$L$75, "") -> 0
A73: =Draft!G56 | B73: =iferror(vlookup($A73, 'Player Game Stats'!$AY:$BH, 2, False), "") | C73: =iferror(vlookup($A73, 'Player Game Stats'!$AY:$BH, 3, False), "") | D73: =iferror(1.2*I73+1.1*H73+1.05*G73+1*F73, "") -> 0 | E73: =iferror(vlookup($A73, 'Player Game Stats'!$AY:$BH, 4, False), "") | F73: =iferror(vlookup($A73, 'Player Game Stats'!$AY:$BH, 5, False), "") | G73: =iferror(vlookup($A73, 'Player Game Stats'!$AY:$BH, 6, False), "") | H73: =iferror(vlookup($A73, 'Player Game Stats'!$AY:$BH, 7, False), "") | I73: =iferror(vlookup($A73, 'Player Game Stats'!$AY:$BH, 8, False), "") | J73: =iferror(vlookup($A73, 'Player Game Stats'!$AY:$BH, 9, False), "") | K73: =iferror(vlookup($A73, 'Player Game Stats'!$AY:$BH, 10, False), "") | L73: =K73*D73 -> 0 | M73: =iferror(L73*$L$75, "") -> 0
D74: =averageif(D2:D73, ">0") -> 16.272564 | L74: =averageif(L2:L73, ">0") -> 6.0355662
L75: =D74/L74 -> 2.6961123

Sheet Top-10 Lists
A1: Season Leaders | B1: Adjusted FGM | C1: Name | D1: FGM | E1: Name | F1: Bottom | G1: Name | H1: Bottom Iso | I1: Name | J1: Top | K1: Name | L1: Top Iso | M1: Name | N1: FG % | O1: Name | P1: Player Rating | Q1: Name
A2: 1 | B2: =IFERROR(__xludf.DUMMYFUNCTION("query({'Player Season Stats'!$A2:$A65,'Player Season Stats'!D2:D65}, ""select Col2, Col1 order by Col2 desc limit 10"") "),25.292857142857144) -> 25.292857 | C2: =IFERROR(__xludf.DUMMYFUNCTION("""COMPUTED_VALUE"""),"Schmid") -> Schmid | D2: =IFERROR(__xludf.DUMMYFUNCTION("query({'Player Season Stats'!$A2:$A65,'Player Season Stats'!E2:E65}, ""select Col2, Col1 order by Col2 desc limit 10"") "),24.571428571428573) -> 24.571429 | E2: =IFERROR(__xludf.DUMMYFUNCTION("""COMPUTED_VALUE"""),"Schmid") -> Schmid | F2: =IFERROR(__xludf.DUMMYFUNCTION("query({'Player Season Stats'!$A2:$A65,'Player Season Stats'!F2:F65}, ""select Col2, Col1 order by Col2 desc limit 10"") "),16.571428571428573) -> 16.571429 | G2: =IFERROR(__xludf.DUMMYFUNCTION("""COMPUTED_VALUE"""),"Schmid") -> Schmid | H2: =IFERROR(__xludf.DUMMYFUNCTION("query({'Player Season Stats'!$A2:$A65,'Player Season Stats'!G2:G65}, ""select Col2, Col1 order by Col2 desc limit 10"") "),3.0) -> 3 | I2: =IFERROR(__xludf.DUMMYFUNCTION("""COMPUTED_VALUE"""),"Taran") -> Taran | J2: =IFERROR(__xludf.DUMMYFUNCTION("query({'Player Season Stats'!$A2:$A65,'Player Season Stats'!H2:H65}, ""select Col2, Col1 order by Col2 desc limit 10"") "),10.5) -> 10.5 | K2: =IFERROR(__xludf.DUMMYFUNCTION("""COMPUTED_VALUE"""),"SoHo") -> SoHo | L2: =IFERROR(__xludf.DUMMYFUNCTION("query({'Player Season Stats'!$A2:$A65,'Player Season Stats'!I2:I65}, ""select Col2, Col1 order by Col2 desc limit 10"") "),3.2857142857142856) -> 3.2857143 | M2: =IFERROR(__xludf.DUMMYFUNCTION("""COMPUTED_VALUE"""),"JChan") -> JChan | N2: =IFERROR(__xludf.DUMMYFUNCTION("query({'Player Season Stats'!$A2:$A65,'Player Season Stats'!K2:K65}, ""select Col2, Col1 order by Col2 desc limit 10"") "),0.5103857566765578) -> 0.51038576 | O2: =IFERROR(__xludf.DUMMYFUNCTION("""COMPUTED_VALUE"""),"Schmid") -> Schmid | P2: =IFERROR(__xludf.DUMMYFUNCTION("query({'Player Season Stats'!$A2:$A65,'Player Season Stats'!M2:M65}, ""select Col2, Col1 order by Col2 desc limit 10"") "),34.80442156877116) -> 34.804422 | Q2: =IFERROR(__xludf.DUMMYFUNCTION("""COMPUTED_VALUE"""),"Schmid") -> Schmid
A3: =A2+1 -> 2 | B3: =IFERROR(__xludf.DUMMYFUNCTION("""COMPUTED_VALUE"""),21.791666666666668) -> 21.791667 | C3: =IFERROR(__xludf.DUMMYFUNCTION("""COMPUTED_VALUE"""),"Seb") -> Seb | D3: =IFERROR(__xludf.DUMMYFUNCTION("""COMPUTED_VALUE"""),20.714285714285715) -> 20.714286 | E3: =IFERROR(__xludf.DUMMYFUNCTION("""COMPUTED_VALUE"""),"Hawkins") -> Hawkins | F3: =IFERROR(__xludf.DUMMYFUNCTION("""COMPUTED_VALUE"""),15.857142857142858) -> 15.857143 | G3: =IFERROR(__xludf.DUMMYFUNCTION("""COMPUTED_VALUE"""),"Marmo") -> Marmo | H3: =IFERROR(__xludf.DUMMYFUNCTION("""COMPUTED_VALUE"""),2.8333333333333335) -> 2.8333333 | I3: =IFERROR(__xludf.DUMMYFUNCTION("""COMPUTED_VALUE"""),"Seb") -> Seb | J3: =IFERROR(__xludf.DUMMYFUNCTION("""COMPUTED_VALUE"""),10.0) -> 10 | K3: =IFERROR(__xludf.DUMMYFUNCTION("""COMPUTED_VALUE"""),"Kevin Zhou") -> Kevin Zhou | L3: =IFERROR(__xludf.DUMMYFUNCTION("""COMPUTED_VALUE"""),2.8333333333333335) -> 2.8333333 | M3: =IFERROR(__xludf.DUMMYFUNCTION("""COMPUTED_VALUE"""),"Seb") -> Seb | N3: =IFERROR(__xludf.DUMMYFUNCTION("""COMPUTED_VALUE"""),0.4576271186440678) -> 0.45762712 | O3: =IFERROR(__xludf.DUMMYFUNCTION("""COMPUTED_VALUE"""),"Gid") -> Gid | P3: =IFERROR(__xludf.DUMMYFUNCTION("""COMPUTED_VALUE"""),25.97043231003603) -> 25.970432 | Q3: =IFERROR(__xludf.DUMMYFUNCTION("""COMPUTED_VALUE"""),"Seb") -> Seb
A4: =A3+1 -> 3 | B4: =IFERROR(__xludf.DUMMYFUNCTION("""COMPUTED_VALUE"""),21.535714285714285) -> 21.535714 | C4: =IFERROR(__xludf.DUMMYFUNCTION("""COMPUTED_VALUE"""),"Hawkins") -> Hawkins | D4: =IFERROR(__xludf.DUMMYFUNCTION("""COMPUTED_VALUE"""),20.333333333333332) -> 20.333333 | E4: =IFERROR(__xludf.DUMMYFUNCTION("""COMPUTED_VALUE"""),"Seb") -> Seb | F4: =IFERROR(__xludf.DUMMYFUNCTION("""COMPUTED_VALUE"""),14.666666666666666) -> 14.666667 | G4: =IFERROR(__xludf.DUMMYFUNCTION("""COMPUTED_VALUE"""),"Lanuza") -> Lanuza | H4: =IFERROR(__xludf.DUMMYFUNCTION("""COMPUTED_VALUE"""),2.7142857142857144) -> 2.7142857 | I4: =IFERROR(__xludf.DUMMYFUNCTION("""COMPUTED_VALUE"""),"Schmid") -> Schmid | J4: =IFERROR(__xludf.DUMMYFUNCTION("""COMPUTED_VALUE"""),10.0) -> 10 | K4: =IFERROR(__xludf.DUMMYFUNCTION("""COMPUTED_VALUE"""),"Adi") -> Adi | L4: =IFERROR(__xludf.DUMMYFUNCTION("""COMPUTED_VALUE"""),2.8) -> 2.8 | M4: =IFERROR(__xludf.DUMMYFUNCTION("""COMPUTED_VALUE"""),"Maas") -> Maas | N4: =IFERROR(__xludf.DUMMYFUNCTION("""COMPUTED_VALUE"""),0.4549763033175355) -> 0.4549763 | O4: =IFERROR(__xludf.DUMMYFUNCTION("""COMPUTED_VALUE"""),"Crosby") -> Crosby | P4: =IFERROR(__xludf.DUMMYFUNCTION("""COMPUTED_VALUE"""),25.131618547549344) -> 25.131619 | Q4: =IFERROR(__xludf.DUMMYFUNCTION("""COMPUTED_VALUE"""),"Hawkins") -> Hawkins
A5: =A4+1 -> 4 | B5: =IFERROR(__xludf.DUMMYFUNCTION("""COMPUTED_VALUE"""),20.27857142857143) -> 20.278571 | C5: =IFERROR(__xludf.DUMMYFUNCTION("""COMPUTED_VALUE"""),"Gid") -> Gid | D5: =IFERROR(__xludf.DUMMYFUNCTION("""COMPUTED_VALUE"""),19.285714285714285) -> 19.285714 | E5: =IFERROR(__xludf.DUMMYFUNCTION("""COMPUTED_VALUE"""),"Gid") -> Gid | F5: =IFERROR(__xludf.DUMMYFUNCTION("""COMPUTED_VALUE"""),12.857142857142858) -> 12.857143 | G5: =IFERROR(__xludf.DUMMYFUNCTION("""COMPUTED_VALUE"""),"Hawkins") -> Hawkins | H5: =IFERROR(__xludf.DUMMYFUNCTION("""COMPUTED_VALUE"""),2.142857142857143) -> 2.1428571 | I5: =IFERROR(__xludf.DUMMYFUNCTION("""COMPUTED_VALUE"""),"Gid") -> Gid | J5: =IFERROR(__xludf.DUMMYFUNCTION("""COMPUTED_VALUE"""),9.2) -> 9.2 | K5: =IFERROR(__xludf.DUMMYFUNCTION("""COMPUTED_VALUE"""),"Porco") -> Porco | L5: =IFERROR(__xludf.DUMMYFUNCTION("""COMPUTED_VALUE"""),2.4285714285714284) -> 2.4285714 | M5: =IFERROR(__xludf.DUMMYFUNCTION("""COMPUTED_VALUE"""),"Taran") -> Taran | N5: =IFERROR(__xludf.DUMMYFUNCTION("""COMPUTED_VALUE"""),0.44202898550724634) -> 0.44202899 | O5: =IFERROR(__xludf.DUMMYFUNCTION("""COMPUTED_VALUE"""),"Seb") -> Seb | P5: =IFERROR(__xludf.DUMMYFUNCTION("""COMPUTED_VALUE"""),25.019987746286123) -> 25.019988 | Q5: =IFERROR(__xludf.DUMMYFUNCTION("""COMPUTED_VALUE"""),"Gid") -> Gid
A6: =A5+1 -> 5 | B6: =IFERROR(__xludf.DUMMYFUNCTION("""COMPUTED_VALUE"""),20.2) -> 20.2 | C6: =IFERROR(__xludf.DUMMYFUNCTION("""COMPUTED_VALUE"""),"Adi") -> Adi | D6: =IFERROR(__xludf.DUMMYFUNCTION("""COMPUTED_VALUE"""),19.2) -> 19.2 | E6: =IFERROR(__xludf.DUMMYFUNCTION("""COMPUTED_VALUE"""),"Crosby") -> Crosby | F6: =IFERROR(__xludf.DUMMYFUNCTION("""COMPUTED_VALUE"""),12.0) -> 12 | G6: =IFERROR(__xludf.DUMMYFUNCTION("""COMPUTED_VALUE"""),"Emi") -> Emi | H6: =IFERROR(__xludf.DUMMYFUNCTION("""COMPUTED_VALUE"""),2.0) -> 2 | I6: =IFERROR(__xludf.DUMMYFUNCTION("""COMPUTED_VALUE"""),"Maas") -> Maas | J6: =IFERROR(__xludf.DUMMYFUNCTION("""COMPUTED_VALUE"""),8.833333333333334) -> 8.8333333 | K6: =IFERROR(__xludf.DUMMYFUNCTION("""COMPUTED_VALUE"""),"DC") -> DC | L6: =IFERROR(__xludf.DUMMYFUNCTION("""COMPUTED_VALUE"""),2.0) -> 2 | M6: =IFERROR(__xludf.DUMMYFUNCTION("""COMPUTED_VALUE"""),"Brendan") -> Brendan | N6: =IFERROR(__xludf.DUMMYFUNCTION("""COMPUTED_VALUE"""),0.43283582089552236) -> 0.43283582 | O6: =IFERROR(__xludf.DUMMYFUNCTION("""COMPUTED_VALUE"""),"Hawkins") -> Hawkins | P6: =IFERROR(__xludf.DUMMYFUNCTION("""COMPUTED_VALUE"""),24.60694449992921) -> 24.606945 | Q6: =IFERROR(__xludf.DUMMYFUNCTION("""COMPUTED_VALUE"""),"Crosby") -> Crosby
A7: =A6+1 -> 6 | B7: =IFERROR(__xludf.DUMMYFUNCTION("""COMPUTED_VALUE"""),20.17857142857143) -> 20.178571 | C7: =IFERROR(__xludf.DUMMYFUNCTION("""COMPUTED_VALUE"""),"Taran") -> Taran | D7: =IFERROR(__xludf.DUMMYFUNCTION("""COMPUTED_VALUE"""),19.0) -> 19 | E7: =IFERROR(__xludf.DUMMYFUNCTION("""COMPUTED_VALUE"""),"Adi") -> Adi | F7: =IFERROR(__xludf.DUMMYFUNCTION("""COMPUTED_VALUE"""),12.0) -> 12 | G7: =IFERROR(__xludf.DUMMYFUNCTION("""COMPUTED_VALUE"""),"Kyi") -> Kyi | H7: =IFERROR(__xludf.DUMMYFUNCTION("""COMPUTED_VALUE"""),1.7142857142857142) -> 1.7142857 | I7: =IFERROR(__xludf.DUMMYFUNCTION("""COMPUTED_VALUE"""),"Leo") -> Leo | J7: =IFERROR(__xludf.DUMMYFUNCTION("""COMPUTED_VALUE"""),8.714285714285714) -> 8.7142857 | K7: =IFERROR(__xludf.DUMMYFUNCTION("""COMPUTED_VALUE"""),"Leo") -> Leo | L7: =IFERROR(__xludf.DUMMYFUNCTION("""COMPUTED_VALUE"""),1.8333333333333333) -> 1.8333333 | M7: =IFERROR(__xludf.DUMMYFUNCTION("""COMPUTED_VALUE"""),"BXu") -> BXu | N7: =IFERROR(__xludf.DUMMYFUNCTION("""COMPUTED_VALUE"""),0.4307692307692308) -> 0.43076923 | O7: =IFERROR(__xludf.DUMMYFUNCTION("""COMPUTED_VALUE"""),"Emi") -> Emi | P7: =IFERROR(__xludf.DUMMYFUNCTION("""COMPUTED_VALUE"""),22.579940802300083) -> 22.579941 | Q7: =IFERROR(__xludf.DUMMYFUNCTION("""COMPUTED_VALUE"""),"Kevin Zhou") -> Kevin Zhou
A8: =A7+1 -> 7 | B8: =IFERROR(__xludf.DUMMYFUNCTION("""COMPUTED_VALUE"""),20.06) -> 20.06 | C8: =IFERROR(__xludf.DUMMYFUNCTION("""COMPUTED_VALUE"""),"Crosby") -> Crosby | D8: =IFERROR(__xludf.DUMMYFUNCTION("""COMPUTED_VALUE"""),18.857142857142858) -> 18.857143 | E8: =IFERROR(__xludf.DUMMYFUNCTION("""COMPUTED_VALUE"""),"Taran") -> Taran | F8: =IFERROR(__xludf.DUMMYFUNCTION("""COMPUTED_VALUE"""),11.5) -> 11.5 | G8: =IFERROR(__xludf.DUMMYFUNCTION("""COMPUTED_VALUE"""),"Pasha") -> Pasha | H8: =IFERROR(__xludf.DUMMYFUNCTION("""COMPUTED_VALUE"""),1.7142857142857142) -> 1.7142857 | I8: =IFERROR(__xludf.DUMMYFUNCTION("""COMPUTED_VALUE"""),"Arnav") -> Arnav | J8: =IFERROR(__xludf.DUMMYFUNCTION("""COMPUTED_VALUE"""),8.285714285714286) -> 8.2857143 | K8: =IFERROR(__xludf.DUMMYFUNCTION("""COMPUTED_VALUE"""),"Grish") -> Grish | L8: =IFERROR(__xludf.DUMMYFUNCTION("""COMPUTED_VALUE"""),1.6) -> 1.6 | M8: =IFERROR(__xludf.DUMMYFUNCTION("""COMPUTED_VALUE"""),"Porco") -> Porco | N8: =IFERROR(__xludf.DUMMYFUNCTION("""COMPUTED_VALUE"""),0.42138364779874216) -> 0.42138365 | O8: =IFERROR(__xludf.DUMMYFUNCTION("""COMPUTED_VALUE"""),"Kevin Zhou") -> Kevin Zhou | P8: =IFERROR(__xludf.DUMMYFUNCTION("""COMPUTED_VALUE"""),22.531203387020717) -> 22.531203 | Q8: =IFERROR(__xludf.DUMMYFUNCTION("""COMPUTED_VALUE"""),"Emi") -> Emi
A9: =A8+1 -> 8 | B9: =IFERROR(__xludf.DUMMYFUNCTION("""COMPUTED_VALUE"""),19.875) -> 19.875 | C9: =IFERROR(__xludf.DUMMYFUNCTION("""COMPUTED_VALUE"""),"Kevin Zhou") -> Kevin Zhou | D9: =IFERROR(__xludf.DUMMYFUNCTION("""COMPUTED_VALUE"""),18.666666666666668) -> 18.666667 | E9: =IFERROR(__xludf.DUMMYFUNCTION("""COMPUTED_VALUE"""),"Emi") -> Emi | F9: =IFERROR(__xludf.DUMMYFUNCTION("""COMPUTED_VALUE"""),11.0) -> 11 | G9: =IFERROR(__xludf.DUMMYFUNCTION("""COMPUTED_VALUE"""),"Crosby") -> Crosby | H9: =IFERROR(__xludf.DUMMYFUNCTION("""COMPUTED_VALUE"""),1.6666666666666667) -> 1.6666667 | I9: =IFERROR(__xludf.DUMMYFUNCTION("""COMPUTED_VALUE"""),"BXu") -> BXu | J9: =IFERROR(__xludf.DUMMYFUNCTION("""COMPUTED_VALUE"""),8.0) -> 8 | K9: =IFERROR(__xludf.DUMMYFUNCTION("""COMPUTED_VALUE"""),"Lulu") -> Lulu | L9: =IFERROR(__xludf.DUMMYFUNCTION("""COMPUTED_VALUE"""),1.5) -> 1.5 | M9: =IFERROR(__xludf.DUMMYFUNCTION("""COMPUTED_VALUE"""),"Pasha") -> Pasha | N9: =IFERROR(__xludf.DUMMYFUNCTION("""COMPUTED_VALUE"""),0.42071197411003236) -> 0.42071197 | O9: =IFERROR(__xludf.DUMMYFUNCTION("""COMPUTED_VALUE"""),"Marmo") -> Marmo | P9: =IFERROR(__xludf.DUMMYFUNCTION("""COMPUTED_VALUE"""),22.511873926857525) -> 22.511874 | Q9: =IFERROR(__xludf.DUMMYFUNCTION("""COMPUTED_VALUE"""),"Taran") -> Taran
A10: =A9+1 -> 9 | B10: =IFERROR(__xludf.DUMMYFUNCTION("""COMPUTED_VALUE"""),19.4) -> 19.4 | C10: =IFERROR(__xludf.DUMMYFUNCTION("""COMPUTED_VALUE"""),"Emi") -> Emi | D10: =IFERROR(__xludf.DUMMYFUNCTION("""COMPUTED_VALUE"""),18.571428571428573) -> 18.571429 | E10: =IFERROR(__xludf.DUMMYFUNCTION("""COMPUTED_VALUE"""),"Marmo") -> Marmo | F10: =IFERROR(__xludf.DUMMYFUNCTION("""COMPUTED_VALUE"""),10.6) -> 10.6 | G10: =IFERROR(__xludf.DUMMYFUNCTION("""COMPUTED_VALUE"""),"Derek") -> Derek | H10: =IFERROR(__xludf.DUMMYFUNCTION("""COMPUTED_VALUE"""),1.5714285714285714) -> 1.5714286 | I10: =IFERROR(__xludf.DUMMYFUNCTION("""COMPUTED_VALUE"""),"Matt") -> Matt | J10: =IFERROR(__xludf.DUMMYFUNCTION("""COMPUTED_VALUE"""),7.714285714285714) -> 7.7142857 | K10: =IFERROR(__xludf.DUMMYFUNCTION("""COMPUTED_VALUE"""),"Arnav") -> Arnav | L10: =IFERROR(__xludf.DUMMYFUNCTION("""COMPUTED_VALUE"""),1.5) -> 1.5 | M10: =IFERROR(__xludf.DUMMYFUNCTION("""COMPUTED_VALUE"""),"Fritz") -> Fritz | N10: =IFERROR(__xludf.DUMMYFUNCTION("""COMPUTED_VALUE"""),0.4137931034482759) -> 0.4137931 | O10: =IFERROR(__xludf.DUMMYFUNCTION("""COMPUTED_VALUE"""),"Taran") -> Taran | P10: =IFERROR(__xludf.DUMMYFUNCTION("""COMPUTED_VALUE"""),21.460064784417966) -> 21.460065 | Q10: =IFERROR(__xludf.DUMMYFUNCTION("""COMPUTED_VALUE"""),"Porco") -> Porco
A11: =A10+1 -> 10 | B11: =IFERROR(__xludf.DUMMYFUNCTION("""COMPUTED_VALUE"""),19.28) -> 19.28 | C11: =IFERROR(__xludf.DUMMYFUNCTION("""COMPUTED_VALUE"""),"Porco") -> Porco | D11: =IFERROR(__xludf.DUMMYFUNCTION("""COMPUTED_VALUE"""),18.0) -> 18 | E11: =IFERROR(__xludf.DUMMYFUNCTION("""COMPUTED_VALUE"""),"Porco") -> Porco | F11: =IFERROR(__xludf.DUMMYFUNCTION("""COMPUTED_VALUE"""),10.5) -> 10.5 | G11: =IFERROR(__xludf.DUMMYFUNCTION("""COMPUTED_VALUE"""),"Ilt") -> Ilt | H11: =IFERROR(__xludf.DUMMYFUNCTION("""COMPUTED_VALUE"""),1.5714285714285714) -> 1.5714286 | I11: =IFERROR(__xludf.DUMMYFUNCTION("""COMPUTED_VALUE"""),"Hawkins") -> Hawkins | J11: =IFERROR(__xludf.DUMMYFUNCTION("""COMPUTED_VALUE"""),7.666666666666667) -> 7.6666667 | K11: =IFERROR(__xludf.DUMMYFUNCTION("""COMPUTED_VALUE"""),"Brendan") -> Brendan | L11: =IFERROR(__xludf.DUMMYFUNCTION("""COMPUTED_VALUE"""),1.5) -> 1.5 | M11: =IFERROR(__xludf.DUMMYFUNCTION("""COMPUTED_VALUE"""),"Raymond") -> Raymond | N11: =IFERROR(__xludf.DUMMYFUNCTION("""COMPUTED_VALUE"""),0.4128440366972477) -> 0.41284404 | O11: =IFERROR(__xludf.DUMMYFUNCTION("""COMPUTED_VALUE"""),"Porco") -> Porco | P11: =IFERROR(__xludf.DUMMYFUNCTION("""COMPUTED_VALUE"""),21.35699895565775) -> 21.356999 | Q11: =IFERROR(__xludf.DUMMYFUNCTION("""COMPUTED_VALUE"""),"Marmo") -> Marmo

Sheet Player Game Stats
A1: =Draft!B22 -> Candice? | B1: Game Played | C1: Result | D1: FGM | E1: Bottom | F1: Bottom ISO | G1: Top | H1: Top ISO | I1: Misses | J1: FG% | K1: =Draft!C22 -> Team C | L1: Game Played | M1: Result | N1: FGM | O1: Bottom | P1: Bottom ISO | Q1: Top | R1: Top ISO | S1: Misses | T1: FG% | U1: =Draft!D22 -> Team E | V1: Game Played | W1: Result | X1: FGM | Y1: Bottom | Z1: Bottom ISO | AA1: Top | AB1: Top ISO | AC1: Misses | AD1: FG% | AE1: =Draft!E22 -> Migos | AF1: Game Played | AG1: Result | AH1: FGM | AI1: Bottom | AJ1: Bottom ISO | AK1: Top | AL1: Top ISO | AM1: Misses | AN1: FG% | AO1: =Draft!F22 -> Gargantuan | AP1: Game Played | AQ1: Result | AR1: FGM | AS1: Bottom | AT1: Bottom ISO | AU1: Top | AV1: Top ISO | AW1: Misses | AX1: FG% | AY1: =Draft!G22 -> Team F | AZ1: Game Played | BA1: Result | BB1: FGM | BC1: Bottom | BD1: Bottom ISO | BE1: Top | BF1: Top ISO | BG1: Misses | BH1: FG%
A2: =Draft!B44 -> Elmer | B2: =B12 -> 7 | C2: =C12 -> 0.42857143 | D2: =D12 -> 14.142857 | E2: =E12 -> 5.2857143 | F2: =F12 -> 1 | G2: =G12 -> 6.5714286 | H2: =H12 -> 1.2857143 | I2: =I12 -> 26.571429 | J2: =J12 -> 0.34736842 | K2: =Draft!C44 -> Matt | L2: =L12 -> 7 | M2: =M12 -> 0.57142857 | N2: =N12 -> 15.285714 | O2: =O12 -> 7.5714286 | P2: =P12 -> 1.5714286 | Q2: =Q12 -> 5.2857143 | R2: =R12 -> 0.85714286 | S2: =S12 -> 23.714286 | T2: =T12 -> 0.39194139 | U2: =Draft!D44 -> Taran | V2: =V12 -> 7 | W2: =W12 -> 0.28571429 | X2: =X12 -> 18.857143 | Y2: =Y12 -> 6.5714286 | Z2: =Z12 -> 3 | AA2: =AA12 -> 6.8571429 | AB2: =AB12 -> 2.4285714 | AC2: =AC12 -> 26.714286 | AD2: =AD12 -> 0.4137931 | AE2: =Draft!E44 -> Leo | AF2: =AF12 -> 7 | AG2: =AG12 -> 0.71428571 | AH2: =AH12 -> 16.285714 | AI2: =AI12 -> 5 | AJ2: =AJ12 -> 1.7142857 | AK2: =AK12 -> 8.7142857 | AL2: =AL12 -> 0.85714286 | AM2: =AM12 -> 28.714286 | AN2: =AN12 -> 0.36190476 | AO2: =Draft!F44 -> Maas | AP2: =AP12 -> 5 | AQ2: =AQ12 -> 0.2 | AR2: =AR12 -> 17.4 | AS2: =AS12 -> 5 | AT2: =AT12 -> 2 | AU2: =AU12 -> 7.6 | AV2: =AV12 -> 2.8 | AW2: =AW12 -> 28.4 | AX2: =AX12 -> 0.37991266 | AY2: =Draft!G44 -> BXu | AZ2: =AZ12 -> 6 | BA2: =BA12 -> 0.66666667 | BB2: =BB12 -> 15.5 | BC2: =BC12 -> 5.1666667 | BD2: =BD12 -> 1.6666667 | BE2: =BE12 -> 6.8333333 | BF2: =BF12 -> 1.8333333 | BG2: =BG12 -> 27.333333 | BH2: =BH12 -> 0.3618677
A3: Game 1 | B3: =if(I3>0, "Yes", "") -> Yes | C3: =if(B3="Yes", vlookup(A$1, 'Week 1'!$A$1:$H$119, 5, False), "") -> Loss | D3: =vlookup(A2, 'Week 1'!$A$2:$H$119, 3, False) -> 21 | E3: =vlookup(A2, 'Week 1'!$A$2:$H$119, 6, False) -> 7 | F3: =vlookup(A2, 'Week 1'!$A$2:$H$119, 7, False) -> 0 | G3: =vlookup(A2, 'Week 1'!$A$2:$H$119, 4, False) -> 13 | H3: =vlookup(A2, 'Week 1'!$A$2:$H$119, 5, False) -> 1 | I3: =vlookup(A2, 'Week 1'!$A$2:$H$119, 8, False) -> 26 | J3: =if(D3>0, (D3/(D3+I3)), "") -> 0.44680851 | K3: Game 1 | L3: =if(S3>0, "Yes", "") -> Yes | M3: =if(L3="Yes", vlookup(K$1, 'Week 1'!$A$1:$H$119, 5, False), "") -> Win | N3: =vlookup(K2, 'Week 1'!$A$2:$H$119, 3, False) -> 14 | O3: =vlookup(K2, 'Week 1'!$A$2:$H$119, 6, False) -> 6 | P3: =vlookup(K2, 'Week 1'!$A$2:$H$119, 7, False) -> 2 | Q3: =vlookup(K2, 'Week 1'!$A$2:$H$119, 4, False) -> 6 | R3: =vlookup(K2, 'Week 1'!$A$2:$H$119, 5, False) -> 0 | S3: =vlookup(K2, 'Week 1'!$A$2:$H$119, 8, False) -> 27 | T3: =if(N3>0, (N3/(N3+S3)), "") -> 0.34146341 | U3: Game 1 | V3: =if(AC3>0, "Yes", "") -> Yes | W3: =if(V3="Yes", vlookup(U$1, 'Week 1'!$A$1:$H$119, 5, False), "") -> Loss | X3: =vlookup(U2, 'Week 1'!$A$2:$H$119, 3, False) -> 17 | Y3: =vlookup(U2, 'Week 1'!$A$2:$H$119, 6, False) -> 5 | Z3: =vlookup(U2, 'Week 1'!$A$2:$H$119, 7, False) -> 2 | AA3: =vlookup(U2, 'Week 1'!$A$2:$H$119, 4, False) -> 9 | AB3: =vlookup(U2, 'Week 1'!$A$2:$H$119, 5, False) -> 1 | AC3: =vlookup(U2, 'Week 1'!$A$2:$H$119, 8, False) -> 24 | AD3: =if(X3>0, (X3/(X3+AC3)), "") -> 0.41463415 | AE3: Game 1 | AF3: =if(AM3>0, "Yes", "") -> Yes | AG3: =if(AF3="Yes", vlookup(AE$1, 'Week 1'!$A$1:$H$119, 5, False), "") -> Win | AH3: =vlookup(AE2, 'Week 1'!$A$2:$H$119, 3, False) -> 15 | AI3: =vlookup(AE2, 'Week 1'!$A$2:$H$119, 6, False) -> 2 | AJ3: =vlookup(AE2, 'Week 1'!$A$2:$H$119, 7, False) -> 3 | AK3: =vlookup(AE2, 'Week 1'!$A$2:$H$119, 4, False) -> 9 | AL3: =vlookup(AE2, 'Week 1'!$A$2:$H$119, 5, False) -> 1 | AM3: =vlookup(AE2, 'Week 1'!$A$2:$H$119, 8, False) -> 37 | AN3: =if(AH3>0, (AH3/(AH3+AM3)), "") -> 0.28846154 | AO3: Game 1 | AP3: =if(AW3>0, "Yes", "") -> Yes | AQ3: =if(AP3="Yes", vlookup(AO$1, 'Week 1'!$A$1:$H$119, 5, False), "") -> Loss | AR3: =vlookup(AO2, 'Week 1'!$A$2:$H$119, 3, False) -> 14 | AS3: =vlookup(AO2, 'Week 1'!$A$2:$H$119, 6, False) -> 4 | AT3: =vlookup(AO2, 'Week 1'!$A$2:$H$119, 7, False) -> 0 | AU3: =vlookup(AO2, 'Week 1'!$A$2:$H$119, 4, False) -> 6 | AV3: =vlookup(AO2, 'Week 1'!$A$2:$H$119, 5, False) -> 4 | AW3: =vlookup(AO2, 'Week 1'!$A$2:$H$119, 8, False) -> 34 | AX3: =if(AR3>0, (AR3/(AR3+AW3)), "") -> 0.29166667 | AY3: Game 1 | AZ3: =if(BG3>0, "Yes", "") -> Yes | BA3: =if(AZ3="Yes", vlookup(AY$1, 'Week 1'!$A$1:$H$119, 5, False), "") -> Win | BB3: =vlookup(AY2, 'Week 1'!$A$2:$H$119, 3, False) -> 19 | BC3: =vlookup(AY2, 'Week 1'!$A$2:$H$119, 6, False) -> 3 | BD3: =vlookup(AY2, 'Week 1'!$A$2:$H$119, 7, False) -> 1 | BE3: =vlookup(AY2, 'Week 1'!$A$2:$H$119, 4, False) -> 13 | BF3: =vlookup(AY2, 'Week 1'!$A$2:$H$119, 5, False) -> 2 | BG3: =vlookup(AY2, 'Week 1'!$A$2:$H$119, 8, False) -> 26 | BH3: =if(BB3>0, (BB3/(BB3+BG3)), "") -> 0.42222222
A4: Game 2 | B4: =if(I4>0, "Yes", "") -> Yes | C4: =if(B4="Yes", vlookup(A$1, 'Week 2'!$A$1:$H$119, 5, False), "") -> Loss | D4: =vlookup(A2, 'Week 2'!$A$2:$H$119, 3, False) -> 17 | E4: =vlookup(A2, 'Week 2'!$A$2:$H$119, 6, False) -> 8 | F4: =vlookup(A2, 'Week 2'!$A$2:$H$119, 7, False) -> 2 | G4: =vlookup(A2, 'Week 2'!$A$2:$H$119, 4, False) -> 7 | H4: =vlookup(A2, 'Week 2'!$A$2:$H$119, 5, False) -> 0 | I4: =vlookup(A2, 'Week 2'!$A$2:$H$119, 8, False) -> 27 | J4: =if(D4>0, (D4/(D4+I4)), "") -> 0.38636364 | K4: Game 2 | L4: =if(S4>0, "Yes", "") -> Yes | M4: =if(L4="Yes", vlookup(K$1, 'Week 2'!$A$1:$H$119, 5, False), "") -> Loss | N4: =vlookup(K2, 'Week 2'!$A$2:$H$119, 3, False) -> 10 | O4: =vlookup(K2, 'Week 2'!$A$2:$H$119, 6, False) -> 7 | P4: =vlookup(K2, 'Week 2'!$A$2:$H$119, 7, False) -> 1 | Q4: =vlookup(K2, 'Week 2'!$A$2:$H$119, 4, False) -> 2 | R4: =vlookup(K2, 'Week 2'!$A$2:$H$119, 5, False) -> 0 | S4: =vlookup(K2, 'Week 2'!$A$2:$H$119, 8, False) -> 20 | T4: =if(N4>0, (N4/(N4+S4)), "") -> 0.33333333 | U4: Game 2 | V4: =if(AC4>0, "Yes", "") -> Yes | W4: =if(V4="Yes", vlookup(U$1, 'Week 2'!$A$1:$H$119, 5, False), "") -> Loss | X4: =vlookup(U2, 'Week 2'!$A$2:$H$119, 3, False) -> 23 | Y4: =vlookup(U2, 'Week 2'!$A$2:$H$119, 6, False) -> 12 | Z4: =vlookup(U2, 'Week 2'!$A$2:$H$119, 7, False) -> 1 | AA4: =vlookup(U2, 'Week 2'!$A$2:$H$119, 4, False) -> 5 | AB4: =vlookup(U2, 'Week 2'!$A$2:$H$119, 5, False) -> 5 | AC4: =vlookup(U2, 'Week 2'!$A$2:$H$119, 8, False) -> 28 | AD4: =if(X4>0, (X4/(X4+AC4)), "") -> 0.45098039 | AE4: Game 2 | AF4: =if(AM4>0, "Yes", "") -> Yes | AG4: =if(AF4="Yes", vlookup(AE$1, 'Week 2'!$A$1:$H$119, 5, False), "") -> Win | AH4: =vlookup(AE2, 'Week 2'!$A$2:$H$119, 3, False) -> 13 | AI4: =vlookup(AE2, 'Week 2'!$A$2:$H$119, 6, False) -> 5 | AJ4: =vlookup(AE2, 'Week 2'!$A$2:$H$119, 7, False) -> 3 | AK4: =vlookup(AE2, 'Week 2'!$A$2:$H$119, 4, False) -> 5 | AL4: =vlookup(AE2, 'Week 2'!$A$2:$H$119, 5, False) -> 0 | AM4: =vlookup(AE2, 'Week 2'!$A$2:$H$119, 8, False) -> 21 | AN4: =if(AH4>0, (AH4/(AH4+AM4)), "") -> 0.38235294 | AO4: Game 2 | AP4: =if(AW4>0, "Yes", "") -> Yes | AQ4: =if(AP4="Yes", vlookup(AO$1, 'Week 2'!$A$1:$H$119, 5, False), "") -> Loss | AR4: =vlookup(AO2, 'Week 2'!$A$2:$H$119, 3, False) -> 27 | AS4: =vlookup(AO2, 'Week 2'!$A$2:$H$119, 6, False) -> 7 | AT4: =vlookup(AO2, 'Week 2'!$A$2:$H$119, 7, False) -> 3 | AU4: =vlookup(AO2, 'Week 2'!$A$2:$H$119, 4, False) -> 12 | AV4: =vlookup(AO2, 'Week 2'!$A$2:$H$119, 5, False) -> 5 | AW4: =vlookup(AO2, 'Week 2'!$A$2:$H$119, 8, False) -> 28 | AX4: =if(AR4>0, (AR4/(AR4+AW4)), "") -> 0.49090909 | AY4: Game 2 | AZ4: =if(BG4>0, "Yes", "") -> Yes | BA4: =if(AZ4="Yes", vlookup(AY$1, 'Week 2'!$A$1:$H$119, 5, False), "") -> Win | BB4: =vlookup(AY2, 'Week 2'!$A$2:$H$119, 3, False) -> 16 | BC4: =vlookup(AY2, 'Week 2'!$A$2:$H$119, 6, False) -> 6 | BD4: =vlookup(AY2, 'Week 2'!$A$2:$H$119, 7, False) -> 2 | BE4: =vlookup(AY2, 'Week 2'!$A$2:$H$119, 4, False) -> 5 | BF4: =vlookup(AY2, 'Week 2'!$A$2:$H$119, 5, False) -> 3 | BG4: =vlookup(AY2, 'Week 2'!$A$2:$H$119, 8, False) -> 31 | BH4: =if(BB4>0, (BB4/(BB4+BG4)), "") -> 0.34042553
A5: Game 3 | B5: =if(I5>0, "Yes", "") -> Yes | C5: =if(B5="Yes", vlookup(A$1, 'Week 3'!$A$1:$H$119, 5, False), "") -> Win | D5: =vlookup(A2, 'Week 3'!$A$2:$H$119, 3, False) -> 11 | E5: =vlookup(A2, 'Week 3'!$A$2:$H$119, 6, False) -> 4 | F5: =vlookup(A2, 'Week 3'!$A$2:$H$119, 7, False) -> 1 | G5: =vlookup(A2, 'Week 3'!$A$2:$H$119, 4, False) -> 5 | H5: =vlookup(A2, 'Week 3'!$A$2:$H$119, 5, False) -> 1 | I5: =vlookup(A2, 'Week 3'!$A$2:$H$119, 8, False) -> 25 | J5: =if(D5>0, (D5/(D5+I5)), "") -> 0.30555556 | K5: Game 3 | L5: =if(S5>0, "Yes", "") -> Yes | M5: =if(L5="Yes", vlookup(K$1, 'Week 3'!$A$1:$H$119, 5, False), "") -> Win | N5: =vlookup(K2, 'Week 3'!$A$2:$H$119, 3, False) -> 24 | O5: =vlookup(K2, 'Week 3'!$A$2:$H$119, 6, False) -> 16 | P5: =vlookup(K2, 'Week 3'!$A$2:$H$119, 7, False) -> 3 | Q5: =vlookup(K2, 'Week 3'!$A$2:$H$119, 4, False) -> 4 | R5: =vlookup(K2, 'Week 3'!$A$2:$H$119, 5, False) -> 1 | S5: =vlookup(K2, 'Week 3'!$A$2:$H$119, 8, False) -> 18 | T5: =if(N5>0, (N5/(N5+S5)), "") -> 0.57142857 | U5: Game 3 | V5: =if(AC5>0, "Yes", "") -> Yes | W5: =if(V5="Yes", vlookup(U$1, 'Week 3'!$A$1:$H$119, 5, False), "") -> Loss | X5: =vlookup(U2, 'Week 3'!$A$2:$H$119, 3, False) -> 18 | Y5: =vlookup(U2, 'Week 3'!$A$2:$H$119, 6, False) -> 6 | Z5: =vlookup(U2, 'Week 3'!$A$2:$H$119, 7, False) -> 3 | AA5: =vlookup(U2, 'Week 3'!$A$2:$H$119, 4, False) -> 8 | AB5: =vlookup(U2, 'Week 3'!$A$2:$H$119, 5, False) -> 1 | AC5: =vlookup(U2, 'Week 3'!$A$2:$H$119, 8, False) -> 26 | AD5: =if(X5>0, (X5/(X5+AC5)), "") -> 0.40909091 | AE5: Game 3 | AF5: =if(AM5>0, "Yes", "") -> Yes | AG5: =if(AF5="Yes", vlookup(AE$1, 'Week 3'!$A$1:$H$119, 5, False), "") -> Loss | AH5: =vlookup(AE2, 'Week 3'!$A$2:$H$119, 3, False) -> 12 | AI5: =vlookup(AE2, 'Week 3'!$A$2:$H$119, 6, False) -> 5 | AJ5: =vlookup(AE2, 'Week 3'!$A$2:$H$119, 7, False) -> 0 | AK5: =vlookup(AE2, 'Week 3'!$A$2:$H$119, 4, False) -> 6 | AL5: =vlookup(AE2, 'Week 3'!$A$2:$H$119, 5, False) -> 1 | AM5: =vlookup(AE2, 'Week 3'!$A$2:$H$119, 8, False) -> 25 | AN5: =if(AH5>0, (AH5/(AH5+AM5)), "") -> 0.32432432 | AO5: Game 3 | AP5: =if(AW5>0, "Yes", "") -> Yes | AQ5: =if(AP5="Yes", vlookup(AO$1, 'Week 3'!$A$1:$H$119, 5, False), "") -> Loss | AR5: =vlookup(AO2, 'Week 3'!$A$2:$H$119, 3, False) -> 12 | AS5: =vlookup(AO2, 'Week 3'!$A$2:$H$119, 6, False) -> 2 | AT5: =vlookup(AO2, 'Week 3'!$A$2:$H$119, 7, False) -> 0 | AU5: =vlookup(AO2, 'Week 3'!$A$2:$H$119, 4, False) -> 9 | AV5: =vlookup(AO2, 'Week 3'!$A$2:$H$119, 5, False) -> 1 | AW5: =vlookup(AO2, 'Week 3'!$A$2:$H$119, 8, False) -> 23 | AX5: =if(AR5>0, (AR5/(AR5+AW5)), "") -> 0.34285714 | AY5: Game 3 | AZ5: =if(BG5>0, "Yes", "") -> Yes | BA5: =if(AZ5="Yes", vlookup(AY$1, 'Week 3'!$A$1:$H$119, 5, False), "") -> Win | BB5: =vlookup(AY2, 'Week 3'!$A$2:$H$119, 3, False) -> 18 | BC5: =vlookup(AY2, 'Week 3'!$A$2:$H$119, 6, False) -> 8 | BD5: =vlookup(AY2, 'Week 3'!$A$2:$H$119, 7, False) -> 2 | BE5: =vlookup(AY2, 'Week 3'!$A$2:$H$119, 4, False) -> 6 | BF5: =vlookup(AY2, 'Week 3'!$A$2:$H$119, 5, False) -> 2 | BG5: =vlookup(AY2, 'Week 3'!$A$2:$H$119, 8, False) -> 24 | BH5: =if(BB5>0, (BB5/(BB5+BG5)), "") -> 0.42857143
A6: Game 4 | B6: =if(I6>0, "Yes", "") -> Yes | C6: =if(B6="Yes", vlookup(A$1, 'Week 4'!$A$1:$H$119, 5, False), "") -> Win | D6: =vlookup(A2, 'Week 4'!$A$2:$H$119, 3, False) -> 11 | E6: =vlookup(A2, 'Week 4'!$A$2:$H$119, 6, False) -> 6 | F6: =vlookup(A2, 'Week 4'!$A$2:$H$119, 7, False) -> 1 | G6: =vlookup(A2, 'Week 4'!$A$2:$H$119, 4, False) -> 3 | H6: =vlookup(A2, 'Week 4'!$A$2:$H$119, 5, False) -> 1 | I6: =vlookup(A2, 'Week 4'!$A$2:$H$119, 8, False) -> 29 | J6: =if(D6>0, (D6/(D6+I6)), "") -> 0.275 | K6: Game 4 | L6: =if(S6>0, "Yes", "") -> Yes | M6: =if(L6="Yes", vlookup(K$1, 'Week 4'!$A$1:$H$119, 5, False), "") -> Win | N6: =vlookup(K2, 'Week 4'!$A$2:$H$119, 3, False) -> 22 | O6: =vlookup(K2, 'Week 4'!$A$2:$H$119, 6, False) -> 10 | P6: =vlookup(K2, 'Week 4'!$A$2:$H$119, 7, False) -> 1 | Q6: =vlookup(K2, 'Week 4'!$A$2:$H$119, 4, False) -> 9 | R6: =vlookup(K2, 'Week 4'!$A$2:$H$119, 5, False) -> 2 | S6: =vlookup(K2, 'Week 4'!$A$2:$H$119, 8, False) -> 24 | T6: =if(N6>0, (N6/(N6+S6)), "") -> 0.47826087 | U6: Game 4 | V6: =if(AC6>0, "Yes", "") -> Yes | W6: =if(V6="Yes", vlookup(U$1, 'Week 4'!$A$1:$H$119, 5, False), "") -> Loss | X6: =vlookup(U2, 'Week 4'!$A$2:$H$119, 3, False) -> 18 | Y6: =vlookup(U2, 'Week 4'!$A$2:$H$119, 6, False) -> 7 | Z6: =vlookup(U2, 'Week 4'!$A$2:$H$119, 7, False) -> 2 | AA6: =vlookup(U2, 'Week 4'!$A$2:$H$119, 4, False) -> 5 | AB6: =vlookup(U2, 'Week 4'!$A$2:$H$119, 5, False) -> 4 | AC6: =vlookup(U2, 'Week 4'!$A$2:$H$119, 8, False) -> 26 | AD6: =if(X6>0, (X6/(X6+AC6)), "") -> 0.40909091 | AE6: Game 4 | AF6: =if(AM6>0, "Yes", "") -> Yes | AG6: =if(AF6="Yes", vlookup(AE$1, 'Week 4'!$A$1:$H$119, 5, False), "") -> Win | AH6: =vlookup(AE2, 'Week 4'!$A$2:$H$119, 3, False) -> 25 | AI6: =vlookup(AE2, 'Week 4'!$A$2:$H$119, 6, False) -> 9 | AJ6: =vlookup(AE2, 'Week 4'!$A$2:$H$119, 7, False) -> 3 | AK6: =vlookup(AE2, 'Week 4'!$A$2:$H$119, 4, False) -> 12 | AL6: =vlookup(AE2, 'Week 4'!$A$2:$H$119, 5, False) -> 1 | AM6: =vlookup(AE2, 'Week 4'!$A$2:$H$119, 8, False) -> 26 | AN6: =if(AH6>0, (AH6/(AH6+AM6)), "") -> 0.49019608 | AO6: Game 4 | AP6: =if(AW6>0, "Yes", "") | AQ6: =if(AP6="Yes", vlookup(AO$1, 'Week 4'!$A$1:$H$119, 5, False), "") | AR6: =vlookup(AO2, 'Week 4'!$A$2:$H$119, 3, False) | AS6: =vlookup(AO2, 'Week 4'!$A$2:$H$119, 6, False) | AT6: =vlookup(AO2, 'Week 4'!$A$2:$H$119, 7, False) | AU6: =vlookup(AO2, 'Week 4'!$A$2:$H$119, 4, False) | AV6: =vlookup(AO2, 'Week 4'!$A$2:$H$119, 5, False) | AW6: =vlookup(AO2, 'Week 4'!$A$2:$H$119, 8, False) | AX6: =if(AR6>0, (AR6/(AR6+AW6)), "") -> #DIV/0! | AY6: Game 4 | AZ6: =if(BG6>0, "Yes", "") -> Yes | BA6: =if(AZ6="Yes", vlookup(AY$1, 'Week 4'!$A$1:$H$119, 5, False), "") -> Loss | BB6: =vlookup(AY2, 'Week 4'!$A$2:$H$119, 3, False) -> 16 | BC6: =vlookup(AY2, 'Week 4'!$A$2:$H$119, 6, False) -> 7 | BD6: =vlookup(AY2, 'Week 4'!$A$2:$H$119, 7, False) -> 0 | BE6: =vlookup(AY2, 'Week 4'!$A$2:$H$119, 4, False) -> 7 | BF6: =vlookup(AY2, 'Week 4'!$A$2:$H$119, 5, False) -> 2 | BG6: =vlookup(AY2, 'Week 4'!$A$2:$H$119, 8, False) -> 26 | BH6: =if(BB6>0, (BB6/(BB6+BG6)), "") -> 0.38095238
A7: Game 5 | B7: =if(I7>0, "Yes", "") -> Yes | C7: =if(B7="Yes", vlookup(A$1, 'Week 5'!$A$1:$H$119, 5, False), "") -> Loss | D7: =vlookup(A2, 'Week 5'!$A$2:$H$119, 3, False) -> 15 | E7: =vlookup(A2, 'Week 5'!$A$2:$H$119, 6, False) -> 5 | F7: =vlookup(A2, 'Week 5'!$A$2:$H$119, 7, False) -> 1 | G7: =vlookup(A2, 'Week 5'!$A$2:$H$119, 4, False) -> 8 | H7: =vlookup(A2, 'Week 5'!$A$2:$H$119, 5, False) -> 1 | I7: =vlookup(A2, 'Week 5'!$A$2:$H$119, 8, False) -> 28 | J7: =if(D7>0, (D7/(D7+I7)), "") -> 0.34883721 | K7: Game 5 | L7: =if(S7>0, "Yes", "") -> Yes | M7: =if(L7="Yes", vlookup(K$1, 'Week 5'!$A$1:$H$119, 5, False), "") -> Win | N7: =vlookup(K2, 'Week 5'!$A$2:$H$119, 3, False) -> 8 | O7: =vlookup(K2, 'Week 5'!$A$2:$H$119, 6, False) -> 2 | P7: =vlookup(K2, 'Week 5'!$A$2:$H$119, 7, False) -> 0 | Q7: =vlookup(K2, 'Week 5'!$A$2:$H$119, 4, False) -> 6 | R7: =vlookup(K2, 'Week 5'!$A$2:$H$119, 5, False) -> 0 | S7: =vlookup(K2, 'Week 5'!$A$2:$H$119, 8, False) -> 22 | T7: =if(N7>0, (N7/(N7+S7)), "") -> 0.26666667 | U7: Game 5 | V7: =if(AC7>0, "Yes", "") -> Yes | W7: =if(V7="Yes", vlookup(U$1, 'Week 5'!$A$1:$H$119, 5, False), "") -> Loss | X7: =vlookup(U2, 'Week 5'!$A$2:$H$119, 3, False) -> 17 | Y7: =vlookup(U2, 'Week 5'!$A$2:$H$119, 6, False) -> 5 | Z7: =vlookup(U2, 'Week 5'!$A$2:$H$119, 7, False) -> 1 | AA7: =vlookup(U2, 'Week 5'!$A$2:$H$119, 4, False) -> 9 | AB7: =vlookup(U2, 'Week 5'!$A$2:$H$119, 5, False) -> 2 | AC7: =vlookup(U2, 'Week 5'!$A$2:$H$119, 8, False) -> 20 | AD7: =if(X7>0, (X7/(X7+AC7)), "") -> 0.45945946 | AE7: Game 5 | AF7: =if(AM7>0, "Yes", "") -> Yes | AG7: =if(AF7="Yes", vlookup(AE$1, 'Week 5'!$A$1:$H$119, 5, False), "") -> Win | AH7: =vlookup(AE2, 'Week 5'!$A$2:$H$119, 3, False) -> 16 | AI7: =vlookup(AE2, 'Week 5'!$A$2:$H$119, 6, False) -> 7 | AJ7: =vlookup(AE2, 'Week 5'!$A$2:$H$119, 7, False) -> 0 | AK7: =vlookup(AE2, 'Week 5'!$A$2:$H$119, 4, False) -> 9 | AL7: =vlookup(AE2, 'Week 5'!$A$2:$H$119, 5, False) -> 0 | AM7: =vlookup(AE2, 'Week 5'!$A$2:$H$119, 8, False) -> 33 | AN7: =if(AH7>0, (AH7/(AH7+AM7)), "") -> 0.32653061 | AO7: Game 5 | AP7: =if(AW7>0, "Yes", "") -> Yes | AQ7: =if(AP7="Yes", vlookup(AO$1, 'Week 5'!$A$1:$H$119, 5, False), "") -> Win | AR7: =vlookup(AO2, 'Week 5'!$A$2:$H$119, 3, False) -> 19 | AS7: =vlookup(AO2, 'Week 5'!$A$2:$H$119, 6, False) -> 5 | AT7: =vlookup(AO2, 'Week 5'!$A$2:$H$119, 7, False) -> 6 | AU7: =vlookup(AO2, 'Week 5'!$A$2:$H$119, 4, False) -> 6 | AV7: =vlookup(AO2, 'Week 5'!$A$2:$H$119, 5, False) -> 2 | AW7: =vlookup(AO2, 'Week 5'!$A$2:$H$119, 8, False) -> 23 | AX7: =if(AR7>0, (AR7/(AR7+AW7)), "") -> 0.45238095 | AY7: Game 5 | AZ7: =if(BG7>0, "Yes", "") -> Yes | BA7: =if(AZ7="Yes", vlookup(AY$1, 'Week 5'!$A$1:$H$119, 5, False), "") -> Loss | BB7: =vlookup(AY2, 'Week 5'!$A$2:$H$119, 3, False) -> 14 | BC7: =vlookup(AY2, 'Week 5'!$A$2:$H$119, 6, False) -> 5 | BD7: =vlookup(AY2, 'Week 5'!$A$2:$H$119, 7, False) -> 3 | BE7: =vlookup(AY2, 'Week 5'!$A$2:$H$119, 4, False) -> 6 | BF7: =vlookup(AY2, 'Week 5'!$A$2:$H$119, 5, False) -> 0 | BG7: =vlookup(AY2, 'Week 5'!$A$2:$H$119, 8, False) -> 31 | BH7: =if(BB7>0, (BB7/(BB7+BG7)), "") -> 0.31111111
A8: Game 6 | B8: =if(I8>0, "Yes", "") -> Yes | C8: =if(B8="Yes", vlookup(A$1, 'Week 6'!$A$1:$H$119, 5, False), "") -> Loss | D8: =vlookup(A2, 'Week 6'!$A$2:$H$119, 3, False) -> 10 | E8: =vlookup(A2, 'Week 6'!$A$2:$H$119, 6, False) -> 4 | F8: =vlookup(A2, 'Week 6'!$A$2:$H$119, 7, False) -> 0 | G8: =vlookup(A2, 'Week 6'!$A$2:$H$119, 4, False) -> 6 | H8: =vlookup(A2, 'Week 6'!$A$2:$H$119, 5, False) -> 0 | I8: =vlookup(A2, 'Week 6'!$A$2:$H$119, 8, False) -> 24 | J8: =if(D8>0, (D8/(D8+I8)), "") -> 0.29411765 | K8: Game 6 | L8: =if(S8>0, "Yes", "") -> Yes | M8: =if(L8="Yes", vlookup(K$1, 'Week 6'!$A$1:$H$119, 5, False), "") -> Loss | N8: =vlookup(K2, 'Week 6'!$A$2:$H$119, 3, False) -> 16 | O8: =vlookup(K2, 'Week 6'!$A$2:$H$119, 6, False) -> 8 | P8: =vlookup(K2, 'Week 6'!$A$2:$H$119, 7, False) -> 1 | Q8: =vlookup(K2, 'Week 6'!$A$2:$H$119, 4, False) -> 5 | R8: =vlookup(K2, 'Week 6'!$A$2:$H$119, 5, False) -> 2 | S8: =vlookup(K2, 'Week 6'!$A$2:$H$119, 8, False) -> 24 | T8: =if(N8>0, (N8/(N8+S8)), "") -> 0.4 | U8: Game 6 | V8: =if(AC8>0, "Yes", "") -> Yes | W8: =if(V8="Yes", vlookup(U$1, 'Week 6'!$A$1:$H$119, 5, False), "") -> Win | X8: =vlookup(U2, 'Week 6'!$A$2:$H$119, 3, False) -> 16 | Y8: =vlookup(U2, 'Week 6'!$A$2:$H$119, 6, False) -> 5 | Z8: =vlookup(U2, 'Week 6'!$A$2:$H$119, 7, False) -> 4 | AA8: =vlookup(U2, 'Week 6'!$A$2:$H$119, 4, False) -> 4 | AB8: =vlookup(U2, 'Week 6'!$A$2:$H$119, 5, False) -> 3 | AC8: =vlookup(U2, 'Week 6'!$A$2:$H$119, 8, False) -> 33 | AD8: =if(X8>0, (X8/(X8+AC8)), "") -> 0.32653061 | AE8: Game 6 | AF8: =if(AM8>0, "Yes", "") -> Yes | AG8: =if(AF8="Yes", vlookup(AE$1, 'Week 6'!$A$1:$H$119, 5, False), "") -> Win | AH8: =vlookup(AE2, 'Week 6'!$A$2:$H$119, 3, False) -> 17 | AI8: =vlookup(AE2, 'Week 6'!$A$2:$H$119, 6, False) -> 2 | AJ8: =vlookup(AE2, 'Week 6'!$A$2:$H$119, 7, False) -> 1 | AK8: =vlookup(AE2, 'Week 6'!$A$2:$H$119, 4, False) -> 13 | AL8: =vlookup(AE2, 'Week 6'!$A$2:$H$119, 5, False) -> 1 | AM8: =vlookup(AE2, 'Week 6'!$A$2:$H$119, 8, False) -> 25 | AN8: =if(AH8>0, (AH8/(AH8+AM8)), "") -> 0.4047619 | AO8: Game 6 | AP8: =if(AW8>0, "Yes", "") -> Yes | AQ8: =if(AP8="Yes", vlookup(AO$1, 'Week 6'!$A$1:$H$119, 5, False), "") -> Loss | AR8: =vlookup(AO2, 'Week 6'!$A$2:$H$119, 3, False) -> 15 | AS8: =vlookup(AO2, 'Week 6'!$A$2:$H$119, 6, False) -> 7 | AT8: =vlookup(AO2, 'Week 6'!$A$2:$H$119, 7, False) -> 1 | AU8: =vlookup(AO2, 'Week 6'!$A$2:$H$119, 4, False) -> 5 | AV8: =vlookup(AO2, 'Week 6'!$A$2:$H$119, 5, False) -> 2 | AW8: =vlookup(AO2, 'Week 6'!$A$2:$H$119, 8, False) -> 34 | AX8: =if(AR8>0, (AR8/(AR8+AW8)), "") -> 0.30612245 | AY8: Game 6 | AZ8: =if(BG8>0, "Yes", "") -> Yes | BA8: =if(AZ8="Yes", vlookup(AY$1, 'Week 6'!$A$1:$H$119, 5, False), "") -> Win | BB8: =vlookup(AY2, 'Week 6'!$A$2:$H$119, 3, False) -> 10 | BC8: =vlookup(AY2, 'Week 6'!$A$2:$H$119, 6, False) -> 2 | BD8: =vlookup(AY2, 'Week 6'!$A$2:$H$119, 7, False) -> 2 | BE8: =vlookup(AY2, 'Week 6'!$A$2:$H$119, 4, False) -> 4 | BF8: =vlookup(AY2, 'Week 6'!$A$2:$H$119, 5, False) -> 2 | BG8: =vlookup(AY2, 'Week 6'!$A$2:$H$119, 8, False) -> 26 | BH8: =if(BB8>0, (BB8/(BB8+BG8)), "") -> 0.27777778
A9: Game 7 | B9: =if(I9>0, "Yes", "") -> Yes | C9: =if(B9="Yes", vlookup(A$1, 'Week 7'!$A$1:$H$119, 5, False), "") -> Win | D9: =vlookup(A2, 'Week 7'!$A$2:$H$119, 3, False) -> 14 | E9: =vlookup(A2, 'Week 7'!$A$2:$H$119, 6, False) -> 3 | F9: =vlookup(A2, 'Week 7'!$A$2:$H$119, 7, False) -> 2 | G9: =vlookup(A2, 'Week 7'!$A$2:$H$119, 4, False) -> 4 | H9: =vlookup(A2, 'Week 7'!$A$2:$H$119, 5, False) -> 5 | I9: =vlookup(A2, 'Week 7'!$A$2:$H$119, 8, False) -> 27 | J9: =if(D9>0, (D9/(D9+I9)), "") -> 0.34146341 | K9: Game 7 | L9: =if(S9>0, "Yes", "") -> Yes | M9: =if(L9="Yes", vlookup(K$1, 'Week 7'!$A$1:$H$119, 5, False), "") -> Loss | N9: =vlookup(K2, 'Week 7'!$A$2:$H$119, 3, False) -> 13 | O9: =vlookup(K2, 'Week 7'!$A$2:$H$119, 6, False) -> 4 | P9: =vlookup(K2, 'Week 7'!$A$2:$H$119, 7, False) -> 3 | Q9: =vlookup(K2, 'Week 7'!$A$2:$H$119, 4, False) -> 5 | R9: =vlookup(K2, 'Week 7'!$A$2:$H$119, 5, False) -> 1 | S9: =vlookup(K2, 'Week 7'!$A$2:$H$119, 8, False) -> 31 | T9: =if(N9>0, (N9/(N9+S9)), "") -> 0.29545455 | U9: Game 7 | V9: =if(AC9>0, "Yes", "") -> Yes | W9: =if(V9="Yes", vlookup(U$1, 'Week 7'!$A$1:$H$119, 5, False), "") -> Win | X9: =vlookup(U2, 'Week 7'!$A$2:$H$119, 3, False) -> 23 | Y9: =vlookup(U2, 'Week 7'!$A$2:$H$119, 6, False) -> 6 | Z9: =vlookup(U2, 'Week 7'!$A$2:$H$119, 7, False) -> 8 | AA9: =vlookup(U2, 'Week 7'!$A$2:$H$119, 4, False) -> 8 | AB9: =vlookup(U2, 'Week 7'!$A$2:$H$119, 5, False) -> 1 | AC9: =vlookup(U2, 'Week 7'!$A$2:$H$119, 8, False) -> 30 | AD9: =if(X9>0, (X9/(X9+AC9)), "") -> 0.43396226 | AE9: Game 7 | AF9: =if(AM9>0, "Yes", "") -> Yes | AG9: =if(AF9="Yes", vlookup(AE$1, 'Week 7'!$A$1:$H$119, 5, False), "") -> Loss | AH9: =vlookup(AE2, 'Week 7'!$A$2:$H$119, 3, False) -> 16 | AI9: =vlookup(AE2, 'Week 7'!$A$2:$H$119, 6, False) -> 5 | AJ9: =vlookup(AE2, 'Week 7'!$A$2:$H$119, 7, False) -> 2 | AK9: =vlookup(AE2, 'Week 7'!$A$2:$H$119, 4, False) -> 7 | AL9: =vlookup(AE2, 'Week 7'!$A$2:$H$119, 5, False) -> 2 | AM9: =vlookup(AE2, 'Week 7'!$A$2:$H$119, 8, False) -> 34 | AN9: =if(AH9>0, (AH9/(AH9+AM9)), "") -> 0.32 | AO9: Game 7 | AP9: =if(AW9>0, "Yes", "") | AQ9: =if(AP9="Yes", vlookup(AO$1, 'Week 7'!$A$1:$H$119, 5, False), "") | AR9: =vlookup(AO2, 'Week 7'!$A$2:$H$119, 3, False) | AS9: =vlookup(AO2, 'Week 7'!$A$2:$H$119, 6, False) | AT9: =vlookup(AO2, 'Week 7'!$A$2:$H$119, 7, False) | AU9: =vlookup(AO2, 'Week 7'!$A$2:$H$119, 4, False) | AV9: =vlookup(AO2, 'Week 7'!$A$2:$H$119, 5, False) | AW9: =vlookup(AO2, 'Week 7'!$A$2:$H$119, 8, False) | AX9: =if(AR9>0, (AR9/(AR9+AW9)), "") -> #DIV/0! | AY9: Game 7 | AZ9: =if(BG9>0, "Yes", "") | BA9: =if(AZ9="Yes", vlookup(AY$1, 'Week 7'!$A$1:$H$119, 5, False), "") | BB9: =vlookup(AY2, 'Week 7'!$A$2:$H$119, 3, False) | BC9: =vlookup(AY2, 'Week 7'!$A$2:$H$119, 6, False) | BD9: =vlookup(AY2, 'Week 7'!$A$2:$H$119, 7, False) | BE9: =vlookup(AY2, 'Week 7'!$A$2:$H$119, 4, False) | BF9: =vlookup(AY2, 'Week 7'!$A$2:$H$119, 5, False) | BG9: =vlookup(AY2, 'Week 7'!$A$2:$H$119, 8, False) | BH9: =if(BB9>0, (BB9/(BB9+BG9)), "") -> #DIV/0!
A10: Game 8 | B10: =if(I10>0, "Yes", "") | C10: =if(B10="Yes", vlookup(A$1, 'Week 1'!$A$1:$H$119, 5, False), "") | K10: Game 8 | L10: =if(S10>0, "Yes", "") | M10: =if(L10="Yes", vlookup(K$1, 'Week 1'!$A$1:$H$119, 5, False), "") | U10: Game 8 | V10: =if(AC10>0, "Yes", "") | W10: =if(V10="Yes", vlookup(U$1, 'Week 1'!$A$1:$H$119, 5, False), "") | AE10: Game 8 | AF10: =if(AM10>0, "Yes", "") | AG10: =if(AF10="Yes", vlookup(AE$1, 'Week 1'!$A$1:$H$119, 5, False), "") | AO10: Game 8 | AP10: =if(AW10>0, "Yes", "") | AQ10: =if(AP10="Yes", vlookup(AO$1, 'Week 1'!$A$1:$H$119, 5, False), "") | AY10: Game 8 | AZ10: =if(BG10>0, "Yes", "") | BA10: =if(AZ10="Yes", vlookup(AY$1, 'Week 1'!$A$1:$H$119, 5, False), "")
A11: Game 9 | B11: =if(I11>0, "Yes", "") | C11: =if(B11="Yes", vlookup(A$1, 'Week 1'!$A$1:$H$119, 5, False), "") | K11: Game 9 | L11: =if(S11>0, "Yes", "") | M11: =if(L11="Yes", vlookup(K$1, 'Week 1'!$A$1:$H$119, 5, False), "") | U11: Game 9 | V11: =if(AC11>0, "Yes", "") | W11: =if(V11="Yes", vlookup(U$1, 'Week 1'!$A$1:$H$119, 5, False), "") | AE11: Game 9 | AF11: =if(AM11>0, "Yes", "") | AG11: =if(AF11="Yes", vlookup(AE$1, 'Week 1'!$A$1:$H$119, 5, False), "") | AO11: Game 9 | AP11: =if(AW11>0, "Yes", "") | AQ11: =if(AP11="Yes", vlookup(AO$1, 'Week 1'!$A$1:$H$119, 5, False), "") | AY11: Game 9 | AZ11: =if(BG11>0, "Yes", "") | BA11: =if(AZ11="Yes", vlookup(AY$1, 'Week 1'!$A$1:$H$119, 5, False), "")
A12: average | B12: =countif(B3:B11, "Yes") -> 7 | C12: =countif(C3:C11, "Win")/(countif(C3:C11, "Win")+countif(C3:C11, "Loss")) -> 0.42857143 | D12: =average(D3:D11) -> 14.142857 | E12: =average(E3:E11) -> 5.2857143 | F12: =average(F3:F11) -> 1 | G12: =average(G3:G11) -> 6.5714286 | H12: =average(H3:H11) -> 1.2857143 | I12: =average(I3:I11) -> 26.571429 | J12: =D12/(I12+D12) -> 0.34736842 | K12: average | L12: =countif(L3:L11, "Yes") -> 7 | M12: =countif(M3:M11, "Win")/(countif(M3:M11, "Win")+countif(M3:M11, "Loss")) -> 0.57142857 | N12: =average(N3:N11) -> 15.285714 | O12: =average(O3:O11) -> 7.5714286 | P12: =average(P3:P11) -> 1.5714286 | Q12: =average(Q3:Q11) -> 5.2857143 | R12: =average(R3:R11) -> 0.85714286 | S12: =average(S3:S11) -> 23.714286 | T12: =N12/(S12+N12) -> 0.39194139 | U12: average | V12: =countif(V3:V11, "Yes") -> 7 | W12: =countif(W3:W11, "Win")/(countif(W3:W11, "Win")+countif(W3:W11, "Loss")) -> 0.28571429 | X12: =average(X3:X11) -> 18.857143 | Y12: =average(Y3:Y11) -> 6.5714286 | Z12: =average(Z3:Z11) -> 3 | AA12: =average(AA3:AA11) -> 6.8571429 | AB12: =average(AB3:AB11) -> 2.4285714 | AC12: =average(AC3:AC11) -> 26.714286 | AD12: =X12/(AC12+X12) -> 0.4137931 | AE12: average | AF12: =countif(AF3:AF11, "Yes") -> 7 | AG12: =countif(AG3:AG11, "Win")/(countif(AG3:AG11, "Win")+countif(AG3:AG11, "Loss")) -> 0.71428571 | AH12: =average(AH3:AH11) -> 16.285714 | AI12: =average(AI3:AI11) -> 5 | AJ12: =average(AJ3:AJ11) -> 1.7142857 | AK12: =average(AK3:AK11) -> 8.7142857 | AL12: =average(AL3:AL11) -> 0.85714286 | AM12: =average(AM3:AM11) -> 28.714286 | AN12: =AH12/(AM12+AH12) -> 0.36190476 | AO12: average | AP12: =countif(AP3:AP11, "Yes") -> 5 | AQ12: =countif(AQ3:AQ11, "Win")/(countif(AQ3:AQ11, "Win")+countif(AQ3:AQ11, "Loss")) -> 0.2 | AR12: =average(AR3:AR11) -> 17.4 | AS12: =average(AS3:AS11) -> 5 | AT12: =average(AT3:AT11) -> 2 | AU12: =average(AU3:AU11) -> 7.6 | AV12: =average(AV3:AV11) -> 2.8 | AW12: =average(AW3:AW11) -> 28.4 | AX12: =AR12/(AW12+AR12) -> 0.37991266 | AY12: average | AZ12: =countif(AZ3:AZ11, "Yes") -> 6 | BA12: =countif(BA3:BA11, "Win")/(countif(BA3:BA11, "Win")+countif(BA3:BA11, "Loss")) -> 0.66666667 | BB12: =average(BB3:BB11) -> 15.5 | BC12: =average(BC3:BC11) -> 5.1666667 | BD12: =average(BD3:BD11) -> 1.6666667 | BE12: =average(BE3:BE11) -> 6.8333333 | BF12: =average(BF3:BF11) -> 1.8333333 | BG12: =average(BG3:BG11) -> 27.333333 | BH12: =BB12/(BG12+BB12) -> 0.3618677
A13: =Draft!B46 -> John | B13: =B23 -> 0 | C13: =C23 -> #DIV/0! | D13: =D23 -> #N/A | E13: =E23 -> #N/A | F13: =F23 -> #N/A | G13: =G23 -> #N/A | H13: =H23 -> #N/A | I13: =I23 -> #N/A | J13: =J23 -> #N/A | K13: =Draft!C46 -> Gid | L13: =L23 -> 7 | M13: =M23 -> 0.57142857 | N13: =N23 -> 19.285714 | O13: =O23 -> 9.4285714 | P13: =P23 -> 2.1428571 | Q13: =Q23 -> 6.5714286 | R13: =R23 -> 1.1428571 | S13: =S23 -> 22.857143 | T13: =T23 -> 0.45762712 | U13: =Draft!D46 -> Guel | V13: =V23 -> 0 | W13: =W23 -> #DIV/0! | X13: =X23 -> #N/A | Y13: =Y23 -> #N/A | Z13: =Z23 -> #N/A | AA13: =AA23 -> #N/A | AB13: =AB23 -> #N/A | AC13: =AC23 -> #N/A | AD13: =AD23 -> #N/A | AE13: =Draft!E46 -> Seb | AF13: =AF23 -> 6 | AG13: =AG23 -> 0.66666667 | AH13: =AH23 -> 20.333333 | AI13: =AI23 -> 7.1666667 | AJ13: =AJ23 -> 2.8333333 | AK13: =AK23 -> 7.5 | AL13: =AL23 -> 2.8333333 | AM13: =AM23 -> 25.666667 | AN13: =AN23 -> 0.44202899 | AO13: =Draft!F46 -> Hawkins | AP13: =AP23 -> 7 | AQ13: =AQ23 -> 0.14285714 | AR13: =AR23 -> 20.714286 | AS13: =AS23 -> 12.857143 | AT13: =AT23 -> 1.5714286 | AU13: =AU23 -> 5.1428571 | AV13: =AV23 -> 1.1428571 | AW13: =AW23 -> 27.142857 | AX13: =AX23 -> 0.43283582 | AY13: =Draft!G46 -> JChan | AZ13: =AZ23 -> 7 | BA13: =BA23 -> 0.71428571 | BB13: =BB23 -> 13.714286 | BC13: =BC23 -> 4 | BD13: =BD23 -> 1.4285714 | BE13: =BE23 -> 5 | BF13: =BF23 -> 3.2857143 | BG13: =BG23 -> 26.857143 | BH13: =BH23 -> 0.33802817
A14: Game 1 | B14: =if(I14>0, "Yes", "") -> #N/A | C14: =if(B14="Yes", vlookup(A$1, 'Week 1'!$A$1:$H$119, 5, False), "") -> #N/A | D14: =vlookup(A13, 'Week 1'!$A$2:$H$119, 3, False) -> #N/A | E14: =vlookup(A13, 'Week 1'!$A$2:$H$119, 6, False) -> #N/A | F14: =vlookup(A13, 'Week 1'!$A$2:$H$119, 7, False) -> #N/A | G14: =vlookup(A13, 'Week 1'!$A$2:$H$119, 4, False) -> #N/A | H14: =vlookup(A13, 'Week 1'!$A$2:$H$119, 5, False) -> #N/A | I14: =vlookup(A13, 'Week 1'!$A$2:$H$119, 8, False) -> #N/A | J14: =if(D14>0, (D14/(D14+I14)), "") -> #N/A | K14: Game 1 | L14: =if(S14>0, "Yes", "") -> Yes | M14: =if(L14="Yes", vlookup(K$1, 'Week 1'!$A$1:$H$119, 5, False), "") -> Win | N14: =vlookup(K13, 'Week 1'!$A$2:$H$119, 3, False) -> 20 | O14: =vlookup(K13, 'Week 1'!$A$2:$H$119, 6, False) -> 9 | P14: =vlookup(K13, 'Week 1'!$A$2:$H$119, 7, False) -> 0 | Q14: =vlookup(K13, 'Week 1'!$A$2:$H$119, 4, False) -> 10 | R14: =vlookup(K13, 'Week 1'!$A$2:$H$119, 5, False) -> 1 | S14: =vlookup(K13, 'Week 1'!$A$2:$H$119, 8, False) -> 25 | T14: =if(N14>0, (N14/(N14+S14)), "") -> 0.44444444 | U14: Game 1 | V14: =if(AC14>0, "Yes", "") -> #N/A | W14: =if(V14="Yes", vlookup(U$1, 'Week 1'!$A$1:$H$119, 5, False), "") -> #N/A | X14: =vlookup(U13, 'Week 1'!$A$2:$H$119, 3, False) -> #N/A | Y14: =vlookup(U13, 'Week 1'!$A$2:$H$119, 6, False) -> #N/A | Z14: =vlookup(U13, 'Week 1'!$A$2:$H$119, 7, False) -> #N/A | AA14: =vlookup(U13, 'Week 1'!$A$2:$H$119, 4, False) -> #N/A | AB14: =vlookup(U13, 'Week 1'!$A$2:$H$119, 5, False) -> #N/A | AC14: =vlookup(U13, 'Week 1'!$A$2:$H$119, 8, False) -> #N/A | AD14: =if(X14>0, (X14/(X14+AC14)), "") -> #N/A | AE14: Game 1 | AF14: =if(AM14>0, "Yes", "") -> Yes | AG14: =if(AF14="Yes", vlookup(AE$1, 'Week 1'!$A$1:$H$119, 5, False), "") -> Win | AH14: =vlookup(AE13, 'Week 1'!$A$2:$H$119, 3, False) -> 20 | AI14: =vlookup(AE13, 'Week 1'!$A$2:$H$119, 6, False) -> 7 | AJ14: =vlookup(AE13, 'Week 1'!$A$2:$H$119, 7, False) -> 4 | AK14: =vlookup(AE13, 'Week 1'!$A$2:$H$119, 4, False) -> 7 | AL14: =vlookup(AE13, 'Week 1'!$A$2:$H$119, 5, False) -> 2 | AM14: =vlookup(AE13, 'Week 1'!$A$2:$H$119, 8, False) -> 33 | AN14: =if(AH14>0, (AH14/(AH14+AM14)), "") -> 0.37735849 | AO14: Game 1 | AP14: =if(AW14>0, "Yes", "") -> Yes | AQ14: =if(AP14="Yes", vlookup(AO$1, 'Week 1'!$A$1:$H$119, 5, False), "") -> Loss | AR14: =vlookup(AO13, 'Week 1'!$A$2:$H$119, 3, False) -> 25 | AS14: =vlookup(AO13, 'Week 1'!$A$2:$H$119, 6, False) -> 15 | AT14: =vlookup(AO13, 'Week 1'!$A$2:$H$119, 7, False) -> 2 | AU14: =vlookup(AO13, 'Week 1'!$A$2:$H$119, 4, False) -> 7 | AV14: =vlookup(AO13, 'Week 1'!$A$2:$H$119, 5, False) -> 1 | AW14: =vlookup(AO13, 'Week 1'!$A$2:$H$119, 8, False) -> 32 | AX14: =if(AR14>0, (AR14/(AR14+AW14)), "") -> 0.43859649 | AY14: Game 1 | AZ14: =if(BG14>0, "Yes", "") -> Yes | BA14: =if(AZ14="Yes", vlookup(AY$1, 'Week 1'!$A$1:$H$119, 5, False), "") -> Win | BB14: =vlookup(AY13, 'Week 1'!$A$2:$H$119, 3, False) -> 13 | BC14: =vlookup(AY13, 'Week 1'!$A$2:$H$119, 6, False) -> 2 | BD14: =vlookup(AY13, 'Week 1'!$A$2:$H$119, 7, False) -> 0 | BE14: =vlookup(AY13, 'Week 1'!$A$2:$H$119, 4, False) -> 8 | BF14: =vlookup(AY13, 'Week 1'!$A$2:$H$119, 5, False) -> 3 | BG14: =vlookup(AY13, 'Week 1'!$A$2:$H$119, 8, False) -> 26 | BH14: =if(BB14>0, (BB14/(BB14+BG14)), "") -> 0.33333333
A15: Game 2 | B15: =if(I15>0, "Yes", "") -> #N/A | C15: =if(B15="Yes", vlookup(A$1, 'Week 2'!$A$1:$H$119, 5, False), "") -> #N/A | D15: =vlookup(A13, 'Week 2'!$A$2:$H$119, 3, False) -> #N/A | E15: =vlookup(A13, 'Week 2'!$A$2:$H$119, 6, False) -> #N/A | F15: =vlookup(A13, 'Week 2'!$A$2:$H$119, 7, False) -> #N/A | G15: =vlookup(A13, 'Week 2'!$A$2:$H$119, 4, False) -> #N/A | H15: =vlookup(A13, 'Week 2'!$A$2:$H$119, 5, False) -> #N/A | I15: =vlookup(A13, 'Week 2'!$A$2:$H$119, 8, False) -> #N/A | J15: =if(D15>0, (D15/(D15+I15)), "") -> #N/A | K15: Game 2 | L15: =if(S15>0, "Yes", "") -> Yes | M15: =if(L15="Yes", vlookup(K$1, 'Week 2'!$A$1:$H$119, 5, False), "") -> Loss | N15: =vlookup(K13, 'Week 2'!$A$2:$H$119, 3, False) -> 14 | O15: =vlookup(K13, 'Week 2'!$A$2:$H$119, 6, False) -> 4 | P15: =vlookup(K13, 'Week 2'!$A$2:$H$119, 7, False) -> 1 | Q15: =vlookup(K13, 'Week 2'!$A$2:$H$119, 4, False) -> 6 | R15: =vlookup(K13, 'Week 2'!$A$2:$H$119, 5, False) -> 3 | S15: =vlookup(K13, 'Week 2'!$A$2:$H$119, 8, False) -> 21 | T15: =if(N15>0, (N15/(N15+S15)), "") -> 0.4 | U15: Game 2 | V15: =if(AC15>0, "Yes", "") -> #N/A | W15: =if(V15="Yes", vlookup(U$1, 'Week 2'!$A$1:$H$119, 5, False), "") -> #N/A | X15: =vlookup(U13, 'Week 2'!$A$2:$H$119, 3, False) -> #N/A | Y15: =vlookup(U13, 'Week 2'!$A$2:$H$119, 6, False) -> #N/A | Z15: =vlookup(U13, 'Week 2'!$A$2:$H$119, 7, False) -> #N/A | AA15: =vlookup(U13, 'Week 2'!$A$2:$H$119, 4, False) -> #N/A | AB15: =vlookup(U13, 'Week 2'!$A$2:$H$119, 5, False) -> #N/A | AC15: =vlookup(U13, 'Week 2'!$A$2:$H$119, 8, False) -> #N/A | AD15: =if(X15>0, (X15/(X15+AC15)), "") -> #N/A | AE15: Game 2 | AF15: =if(AM15>0, "Yes", "") -> Yes | AG15: =if(AF15="Yes", vlookup(AE$1, 'Week 2'!$A$1:$H$119, 5, False), "") -> Win | AH15: =vlookup(AE13, 'Week 2'!$A$2:$H$119, 3, False) -> 24 | AI15: =vlookup(AE13, 'Week 2'!$A$2:$H$119, 6, False) -> 7 | AJ15: =vlookup(AE13, 'Week 2'!$A$2:$H$119, 7, False) -> 4 | AK15: =vlookup(AE13, 'Week 2'!$A$2:$H$119, 4, False) -> 9 | AL15: =vlookup(AE13, 'Week 2'!$A$2:$H$119, 5, False) -> 4 | AM15: =vlookup(AE13, 'Week 2'!$A$2:$H$119, 8, False) -> 18 | AN15: =if(AH15>0, (AH15/(AH15+AM15)), "") -> 0.57142857 | AO15: Game 2 | AP15: =if(AW15>0, "Yes", "") -> Yes | AQ15: =if(AP15="Yes", vlookup(AO$1, 'Week 2'!$A$1:$H$119, 5, False), "") -> Loss | AR15: =vlookup(AO13, 'Week 2'!$A$2:$H$119, 3, False) -> 26 | AS15: =vlookup(AO13, 'Week 2'!$A$2:$H$119, 6, False) -> 18 | AT15: =vlookup(AO13, 'Week 2'!$A$2:$H$119, 7, False) -> 2 | AU15: =vlookup(AO13, 'Week 2'!$A$2:$H$119, 4, False) -> 4 | AV15: =vlookup(AO13, 'Week 2'!$A$2:$H$119, 5, False) -> 2 | AW15: =vlookup(AO13, 'Week 2'!$A$2:$H$119, 8, False) -> 25 | AX15: =if(AR15>0, (AR15/(AR15+AW15)), "") -> 0.50980392 | AY15: Game 2 | AZ15: =if(BG15>0, "Yes", "") -> Yes | BA15: =if(AZ15="Yes", vlookup(AY$1, 'Week 2'!$A$1:$H$119, 5, False), "") -> Win | BB15: =vlookup(AY13, 'Week 2'!$A$2:$H$119, 3, False) -> 18 | BC15: =vlookup(AY13, 'Week 2'!$A$2:$H$119, 6, False) -> 6 | BD15: =vlookup(AY13, 'Week 2'!$A$2:$H$119, 7, False) -> 4 | BE15: =vlookup(AY13, 'Week 2'!$A$2:$H$119, 4, False) -> 3 | BF15: =vlookup(AY13, 'Week 2'!$A$2:$H$119, 5, False) -> 5 | BG15: =vlookup(AY13, 'Week 2'!$A$2:$H$119, 8, False) -> 29 | BH15: =if(BB15>0, (BB15/(BB15+BG15)), "") -> 0.38297872
A16: Game 3 | B16: =if(I16>0, "Yes", "") -> #N/A | C16: =if(B16="Yes", vlookup(A$1, 'Week 3'!$A$1:$H$119, 5, False), "") -> #N/A | D16: =vlookup(A13, 'Week 3'!$A$2:$H$119, 3, False) -> #N/A | E16: =vlookup(A13, 'Week 3'!$A$2:$H$119, 6, False) -> #N/A | F16: =vlookup(A13, 'Week 3'!$A$2:$H$119, 7, False) -> #N/A | G16: =vlookup(A13, 'Week 3'!$A$2:$H$119, 4, False) -> #N/A | H16: =vlookup(A13, 'Week 3'!$A$2:$H$119, 5, False) -> #N/A | I16: =vlookup(A13, 'Week 3'!$A$2:$H$119, 8, False) -> #N/A | J16: =if(D16>0, (D16/(D16+I16)), "") -> #N/A | K16: Game 3 | L16: =if(S16>0, "Yes", "") -> Yes | M16: =if(L16="Yes", vlookup(K$1, 'Week 3'!$A$1:$H$119, 5, False), "") -> Win | N16: =vlookup(K13, 'Week 3'!$A$2:$H$119, 3, False) -> 20 | O16: =vlookup(K13, 'Week 3'!$A$2:$H$119, 6, False) -> 10 | P16: =vlookup(K13, 'Week 3'!$A$2:$H$119, 7, False) -> 2 | Q16: =vlookup(K13, 'Week 3'!$A$2:$H$119, 4, False) -> 7 | R16: =vlookup(K13, 'Week 3'!$A$2:$H$119, 5, False) -> 1 | S16: =vlookup(K13, 'Week 3'!$A$2:$H$119, 8, False) -> 22 | T16: =if(N16>0, (N16/(N16+S16)), "") -> 0.47619048 | U16: Game 3 | V16: =if(AC16>0, "Yes", "") -> #N/A | W16: =if(V16="Yes", vlookup(U$1, 'Week 3'!$A$1:$H$119, 5, False), "") -> #N/A | X16: =vlookup(U13, 'Week 3'!$A$2:$H$119, 3, False) -> #N/A | Y16: =vlookup(U13, 'Week 3'!$A$2:$H$119, 6, False) -> #N/A | Z16: =vlookup(U13, 'Week 3'!$A$2:$H$119, 7, False) -> #N/A | AA16: =vlookup(U13, 'Week 3'!$A$2:$H$119, 4, False) -> #N/A | AB16: =vlookup(U13, 'Week 3'!$A$2:$H$119, 5, False) -> #N/A | AC16: =vlookup(U13, 'Week 3'!$A$2:$H$119, 8, False) -> #N/A | AD16: =if(X16>0, (X16/(X16+AC16)), "") -> #N/A | AE16: Game 3 | AF16: =if(AM16>0, "Yes", "") -> Yes | AG16: =if(AF16="Yes", vlookup(AE$1, 'Week 3'!$A$1:$H$119, 5, False), "") -> Loss | AH16: =vlookup(AE13, 'Week 3'!$A$2:$H$119, 3, False) -> 25 | AI16: =vlookup(AE13, 'Week 3'!$A$2:$H$119, 6, False) -> 9 | AJ16: =vlookup(AE13, 'Week 3'!$A$2:$H$119, 7, False) -> 0 | AK16: =vlookup(AE13, 'Week 3'!$A$2:$H$119, 4, False) -> 11 | AL16: =vlookup(AE13, 'Week 3'!$A$2:$H$119, 5, False) -> 5 | AM16: =vlookup(AE13, 'Week 3'!$A$2:$H$119, 8, False) -> 23 | AN16: =if(AH16>0, (AH16/(AH16+AM16)), "") -> 0.52083333 | AO16: Game 3 | AP16: =if(AW16>0, "Yes", "") -> Yes | AQ16: =if(AP16="Yes", vlookup(AO$1, 'Week 3'!$A$1:$H$119, 5, False), "") -> Loss | AR16: =vlookup(AO13, 'Week 3'!$A$2:$H$119, 3, False) -> 18 | AS16: =vlookup(AO13, 'Week 3'!$A$2:$H$119, 6, False) -> 7 | AT16: =vlookup(AO13, 'Week 3'!$A$2:$H$119, 7, False) -> 2 | AU16: =vlookup(AO13, 'Week 3'!$A$2:$H$119, 4, False) -> 7 | AV16: =vlookup(AO13, 'Week 3'!$A$2:$H$119, 5, False) -> 2 | AW16: =vlookup(AO13, 'Week 3'!$A$2:$H$119, 8, False) -> 25 | AX16: =if(AR16>0, (AR16/(AR16+AW16)), "") -> 0.41860465 | AY16: Game 3 | AZ16: =if(BG16>0, "Yes", "") -> Yes | BA16: =if(AZ16="Yes", vlookup(AY$1, 'Week 3'!$A$1:$H$119, 5, False), "") -> Win | BB16: =vlookup(AY13, 'Week 3'!$A$2:$H$119, 3, False) -> 13 | BC16: =vlookup(AY13, 'Week 3'!$A$2:$H$119, 6, False) -> 3 | BD16: =vlookup(AY13, 'Week 3'!$A$2:$H$119, 7, False) -> 2 | BE16: =vlookup(AY13, 'Week 3'!$A$2:$H$119, 4, False) -> 1 | BF16: =vlookup(AY13, 'Week 3'!$A$2:$H$119, 5, False) -> 7 | BG16: =vlookup(AY13, 'Week 3'!$A$2:$H$119, 8, False) -> 24 | BH16: =if(BB16>0, (BB16/(BB16+BG16)), "") -> 0.35135135
A17: Game 4 | B17: =if(I17>0, "Yes", "") -> #N/A | C17: =if(B17="Yes", vlookup(A$1, 'Week 4'!$A$1:$H$119, 5, False), "") -> #N/A | D17: =vlookup(A13, 'Week 4'!$A$2:$H$119, 3, False) -> #N/A | E17: =vlookup(A13, 'Week 4'!$A$2:$H$119, 6, False) -> #N/A | F17: =vlookup(A13, 'Week 4'!$A$2:$H$119, 7, False) -> #N/A | G17: =vlookup(A13, 'Week 4'!$A$2:$H$119, 4, False) -> #N/A | H17: =vlookup(A13, 'Week 4'!$A$2:$H$119, 5, False) -> #N/A | I17: =vlookup(A13, 'Week 4'!$A$2:$H$119, 8, False) -> #N/A | J17: =if(D17>0, (D17/(D17+I17)), "") -> #N/A | K17: Game 4 | L17: =if(S17>0, "Yes", "") -> Yes | M17: =if(L17="Yes", vlookup(K$1, 'Week 4'!$A$1:$H$119, 5, False), "") -> Win | N17: =vlookup(K13, 'Week 4'!$A$2:$H$119, 3, False) -> 15 | O17: =vlookup(K13, 'Week 4'!$A$2:$H$119, 6, False) -> 10 | P17: =vlookup(K13, 'Week 4'!$A$2:$H$119, 7, False) -> 3 | Q17: =vlookup(K13, 'Week 4'!$A$2:$H$119, 4, False) -> 2 | R17: =vlookup(K13, 'Week 4'!$A$2:$H$119, 5, False) -> 0 | S17: =vlookup(K13, 'Week 4'!$A$2:$H$119, 8, False) -> 26 | T17: =if(N17>0, (N17/(N17+S17)), "") -> 0.36585366 | U17: Game 4 | V17: =if(AC17>0, "Yes", "") -> #N/A | W17: =if(V17="Yes", vlookup(U$1, 'Week 4'!$A$1:$H$119, 5, False), "") -> #N/A | X17: =vlookup(U13, 'Week 4'!$A$2:$H$119, 3, False) -> #N/A | Y17: =vlookup(U13, 'Week 4'!$A$2:$H$119, 6, False) -> #N/A | Z17: =vlookup(U13, 'Week 4'!$A$2:$H$119, 7, False) -> #N/A | AA17: =vlookup(U13, 'Week 4'!$A$2:$H$119, 4, False) -> #N/A | AB17: =vlookup(U13, 'Week 4'!$A$2:$H$119, 5, False) -> #N/A | AC17: =vlookup(U13, 'Week 4'!$A$2:$H$119, 8, False) -> #N/A | AD17: =if(X17>0, (X17/(X17+AC17)), "") -> #N/A | AE17: Game 4 | AF17: =if(AM17>0, "Yes", "") | AG17: =if(AF17="Yes", vlookup(AE$1, 'Week 4'!$A$1:$H$119, 5, False), "") | AH17: =vlookup(AE13, 'Week 4'!$A$2:$H$119, 3, False) | AI17: =vlookup(AE13, 'Week 4'!$A$2:$H$119, 6, False) | AJ17: =vlookup(AE13, 'Week 4'!$A$2:$H$119, 7, False) | AK17: =vlookup(AE13, 'Week 4'!$A$2:$H$119, 4, False) | AL17: =vlookup(AE13, 'Week 4'!$A$2:$H$119, 5, False) | AM17: =vlookup(AE13, 'Week 4'!$A$2:$H$119, 8, False) | AN17: =if(AH17>0, (AH17/(AH17+AM17)), "") -> #DIV/0! | AO17: Game 4 | AP17: =if(AW17>0, "Yes", "") -> Yes | AQ17: =if(AP17="Yes", vlookup(AO$1, 'Week 4'!$A$1:$H$119, 5, False), "") -> Loss | AR17: =vlookup(AO13, 'Week 4'!$A$2:$H$119, 3, False) -> 16 | AS17: =vlookup(AO13, 'Week 4'!$A$2:$H$119, 6, False) -> 13 | AT17: =vlookup(AO13, 'Week 4'!$A$2:$H$119, 7, False) -> 1 | AU17: =vlookup(AO13, 'Week 4'!$A$2:$H$119, 4, False) -> 2 | AV17: =vlookup(AO13, 'Week 4'!$A$2:$H$119, 5, False) -> 0 | AW17: =vlookup(AO13, 'Week 4'!$A$2:$H$119, 8, False) -> 28 | AX17: =if(AR17>0, (AR17/(AR17+AW17)), "") -> 0.36363636 | AY17: Game 4 | AZ17: =if(BG17>0, "Yes", "") -> Yes | BA17: =if(AZ17="Yes", vlookup(AY$1, 'Week 4'!$A$1:$H$119, 5, False), "") -> Loss | BB17: =vlookup(AY13, 'Week 4'!$A$2:$H$119, 3, False) -> 13 | BC17: =vlookup(AY13, 'Week 4'!$A$2:$H$119, 6, False) -> 6 | BD17: =vlookup(AY13, 'Week 4'!$A$2:$H$119, 7, False) -> 0 | BE17: =vlookup(AY13, 'Week 4'!$A$2:$H$119, 4, False) -> 5 | BF17: =vlookup(AY13, 'Week 4'!$A$2:$H$119, 5, False) -> 2 | BG17: =vlookup(AY13, 'Week 4'!$A$2:$H$119, 8, False) -> 27 | BH17: =if(BB17>0, (BB17/(BB17+BG17)), "") -> 0.325
A18: Game 5 | B18: =if(I18>0, "Yes", "") -> #N/A | C18: =if(B18="Yes", vlookup(A$1, 'Week 5'!$A$1:$H$119, 5, False), "") -> #N/A | D18: =vlookup(A13, 'Week 5'!$A$2:$H$119, 3, False) -> #N/A | E18: =vlookup(A13, 'Week 5'!$A$2:$H$119, 6, False) -> #N/A | F18: =vlookup(A13, 'Week 5'!$A$2:$H$119, 7, False) -> #N/A | G18: =vlookup(A13, 'Week 5'!$A$2:$H$119, 4, False) -> #N/A | H18: =vlookup(A13, 'Week 5'!$A$2:$H$119, 5, False) -> #N/A | I18: =vlookup(A13, 'Week 5'!$A$2:$H$119, 8, False) -> #N/A | J18: =if(D18>0, (D18/(D18+I18)), "") -> #N/A | K18: Game 5 | L18: =if(S18>0, "Yes", "") -> Yes | M18: =if(L18="Yes", vlookup(K$1, 'Week 5'!$A$1:$H$119, 5, False), "") -> Win | N18: =vlookup(K13, 'Week 5'!$A$2:$H$119, 3, False) -> 27 | O18: =vlookup(K13, 'Week 5'!$A$2:$H$119, 6, False) -> 15 | P18: =vlookup(K13, 'Week 5'!$A$2:$H$119, 7, False) -> 4 | Q18: =vlookup(K13, 'Week 5'!$A$2:$H$119, 4, False) -> 6 | R18: =vlookup(K13, 'Week 5'!$A$2:$H$119, 5, False) -> 2 | S18: =vlookup(K13, 'Week 5'!$A$2:$H$119, 8, False) -> 17 | T18: =if(N18>0, (N18/(N18+S18)), "") -> 0.61363636 | U18: Game 5 | V18: =if(AC18>0, "Yes", "") -> #N/A | W18: =if(V18="Yes", vlookup(U$1, 'Week 5'!$A$1:$H$119, 5, False), "") -> #N/A | X18: =vlookup(U13, 'Week 5'!$A$2:$H$119, 3, False) -> #N/A | Y18: =vlookup(U13, 'Week 5'!$A$2:$H$119, 6, False) -> #N/A | Z18: =vlookup(U13, 'Week 5'!$A$2:$H$119, 7, False) -> #N/A | AA18: =vlookup(U13, 'Week 5'!$A$2:$H$119, 4, False) -> #N/A | AB18: =vlookup(U13, 'Week 5'!$A$2:$H$119, 5, False) -> #N/A | AC18: =vlookup(U13, 'Week 5'!$A$2:$H$119, 8, False) -> #N/A | AD18: =if(X18>0, (X18/(X18+AC18)), "") -> #N/A | AE18: Game 5 | AF18: =if(AM18>0, "Yes", "") -> Yes | AG18: =if(AF18="Yes", vlookup(AE$1, 'Week 5'!$A$1:$H$119, 5, False), "") -> Win | AH18: =vlookup(AE13, 'Week 5'!$A$2:$H$119, 3, False) -> 17 | AI18: =vlookup(AE13, 'Week 5'!$A$2:$H$119, 6, False) -> 8 | AJ18: =vlookup(AE13, 'Week 5'!$A$2:$H$119, 7, False) -> 2 | AK18: =vlookup(AE13, 'Week 5'!$A$2:$H$119, 4, False) -> 3 | AL18: =vlookup(AE13, 'Week 5'!$A$2:$H$119, 5, False) -> 4 | AM18: =vlookup(AE13, 'Week 5'!$A$2:$H$119, 8, False) -> 29 | AN18: =if(AH18>0, (AH18/(AH18+AM18)), "") -> 0.36956522 | AO18: Game 5 | AP18: =if(AW18>0, "Yes", "") -> Yes | AQ18: =if(AP18="Yes", vlookup(AO$1, 'Week 5'!$A$1:$H$119, 5, False), "") -> Win | AR18: =vlookup(AO13, 'Week 5'!$A$2:$H$119, 3, False) -> 11 | AS18: =vlookup(AO13, 'Week 5'!$A$2:$H$119, 6, False) -> 9 | AT18: =vlookup(AO13, 'Week 5'!$A$2:$H$119, 7, False) -> 0 | AU18: =vlookup(AO13, 'Week 5'!$A$2:$H$119, 4, False) -> 2 | AV18: =vlookup(AO13, 'Week 5'!$A$2:$H$119, 5, False) -> 0 | AW18: =vlookup(AO13, 'Week 5'!$A$2:$H$119, 8, False) -> 27 | AX18: =if(AR18>0, (AR18/(AR18+AW18)), "") -> 0.28947368 | AY18: Game 5 | AZ18: =if(BG18>0, "Yes", "") -> Yes | BA18: =if(AZ18="Yes", vlookup(AY$1, 'Week 5'!$A$1:$H$119, 5, False), "") -> Loss | BB18: =vlookup(AY13, 'Week 5'!$A$2:$H$119, 3, False) -> 14 | BC18: =vlookup(AY13, 'Week 5'!$A$2:$H$119, 6, False) -> 3 | BD18: =vlookup(AY13, 'Week 5'!$A$2:$H$119, 7, False) -> 1 | BE18: =vlookup(AY13, 'Week 5'!$A$2:$H$119, 4, False) -> 7 | BF18: =vlookup(AY13, 'Week 5'!$A$2:$H$119, 5, False) -> 3 | BG18: =vlookup(AY13, 'Week 5'!$A$2:$H$119, 8, False) -> 33 | BH18: =if(BB18>0, (BB18/(BB18+BG18)), "") -> 0.29787234
A19: Game 6 | B19: =if(I19>0, "Yes", "") -> #N/A | C19: =if(B19="Yes", vlookup(A$1, 'Week 6'!$A$1:$H$119, 5, False), "") -> #N/A | D19: =vlookup(A13, 'Week 6'!$A$2:$H$119, 3, False) -> #N/A | E19: =vlookup(A13, 'Week 6'!$A$2:$H$119, 6, False) -> #N/A | F19: =vlookup(A13, 'Week 6'!$A$2:$H$119, 7, False) -> #N/A | G19: =vlookup(A13, 'Week 6'!$A$2:$H$119, 4, False) -> #N/A | H19: =vlookup(A13, 'Week 6'!$A$2:$H$119, 5, False) -> #N/A | I19: =vlookup(A13, 'Week 6'!$A$2:$H$119, 8, False) -> #N/A | J19: =if(D19>0, (D19/(D19+I19)), "") -> #N/A | K19: Game 6 | L19: =if(S19>0, "Yes", "") -> Yes | M19: =if(L19="Yes", vlookup(K$1, 'Week 6'!$A$1:$H$119, 5, False), "") -> Loss | N19: =vlookup(K13, 'Week 6'!$A$2:$H$119, 3, False) -> 20 | O19: =vlookup(K13, 'Week 6'!$A$2:$H$119, 6, False) -> 11 | P19: =vlookup(K13, 'Week 6'!$A$2:$H$119, 7, False) -> 3 | Q19: =vlookup(K13, 'Week 6'!$A$2:$H$119, 4, False) -> 5 | R19: =vlookup(K13, 'Week 6'!$A$2:$H$119, 5, False) -> 1 | S19: =vlookup(K13, 'Week 6'!$A$2:$H$119, 8, False) -> 22 | T19: =if(N19>0, (N19/(N19+S19)), "") -> 0.47619048 | U19: Game 6 | V19: =if(AC19>0, "Yes", "") -> #N/A | W19: =if(V19="Yes", vlookup(U$1, 'Week 6'!$A$1:$H$119, 5, False), "") -> #N/A | X19: =vlookup(U13, 'Week 6'!$A$2:$H$119, 3, False) -> #N/A | Y19: =vlookup(U13, 'Week 6'!$A$2:$H$119, 6, False) -> #N/A | Z19: =vlookup(U13, 'Week 6'!$A$2:$H$119, 7, False) -> #N/A | AA19: =vlookup(U13, 'Week 6'!$A$2:$H$119, 4, False) -> #N/A | AB19: =vlookup(U13, 'Week 6'!$A$2:$H$119, 5, False) -> #N/A | AC19: =vlookup(U13, 'Week 6'!$A$2:$H$119, 8, False) -> #N/A | AD19: =if(X19>0, (X19/(X19+AC19)), "") -> #N/A | AE19: Game 6 | AF19: =if(AM19>0, "Yes", "") -> Yes | AG19: =if(AF19="Yes", vlookup(AE$1, 'Week 6'!$A$1:$H$119, 5, False), "") -> Win | AH19: =vlookup(AE13, 'Week 6'!$A$2:$H$119, 3, False) -> 20 | AI19: =vlookup(AE13, 'Week 6'!$A$2:$H$119, 6, False) -> 6 | AJ19: =vlookup(AE13, 'Week 6'!$A$2:$H$119, 7, False) -> 3 | AK19: =vlookup(AE13, 'Week 6'!$A$2:$H$119, 4, False) -> 10 | AL19: =vlookup(AE13, 'Week 6'!$A$2:$H$119, 5, False) -> 1 | AM19: =vlookup(AE13, 'Week 6'!$A$2:$H$119, 8, False) -> 21 | AN19: =if(AH19>0, (AH19/(AH19+AM19)), "") -> 0.48780488 | AO19: Game 6 | AP19: =if(AW19>0, "Yes", "") -> Yes | AQ19: =if(AP19="Yes", vlookup(AO$1, 'Week 6'!$A$1:$H$119, 5, False), "") -> Loss | AR19: =vlookup(AO13, 'Week 6'!$A$2:$H$119, 3, False) -> 27 | AS19: =vlookup(AO13, 'Week 6'!$A$2:$H$119, 6, False) -> 15 | AT19: =vlookup(AO13, 'Week 6'!$A$2:$H$119, 7, False) -> 4 | AU19: =vlookup(AO13, 'Week 6'!$A$2:$H$119, 4, False) -> 7 | AV19: =vlookup(AO13, 'Week 6'!$A$2:$H$119, 5, False) -> 1 | AW19: =vlookup(AO13, 'Week 6'!$A$2:$H$119, 8, False) -> 32 | AX19: =if(AR19>0, (AR19/(AR19+AW19)), "") -> 0.45762712 | AY19: Game 6 | AZ19: =if(BG19>0, "Yes", "") -> Yes | BA19: =if(AZ19="Yes", vlookup(AY$1, 'Week 6'!$A$1:$H$119, 5, False), "") -> Win | BB19: =vlookup(AY13, 'Week 6'!$A$2:$H$119, 3, False) -> 12 | BC19: =vlookup(AY13, 'Week 6'!$A$2:$H$119, 6, False) -> 2 | BD19: =vlookup(AY13, 'Week 6'!$A$2:$H$119, 7, False) -> 1 | BE19: =vlookup(AY13, 'Week 6'!$A$2:$H$119, 4, False) -> 7 | BF19: =vlookup(AY13, 'Week 6'!$A$2:$H$119, 5, False) -> 2 | BG19: =vlookup(AY13, 'Week 6'!$A$2:$H$119, 8, False) -> 24 | BH19: =if(BB19>0, (BB19/(BB19+BG19)), "") -> 0.33333333
A20: Game 7 | B20: =if(I20>0, "Yes", "") -> #N/A | C20: =if(B20="Yes", vlookup(A$1, 'Week 7'!$A$1:$H$119, 5, False), "") -> #N/A | D20: =vlookup(A13, 'Week 7'!$A$2:$H$119, 3, False) -> #N/A | E20: =vlookup(A13, 'Week 7'!$A$2:$H$119, 6, False) -> #N/A | F20: =vlookup(A13, 'Week 7'!$A$2:$H$119, 7, False) -> #N/A | G20: =vlookup(A13, 'Week 7'!$A$2:$H$119, 4, False) -> #N/A | H20: =vlookup(A13, 'Week 7'!$A$2:$H$119, 5, False) -> #N/A | I20: =vlookup(A13, 'Week 7'!$A$2:$H$119, 8, False) -> #N/A | J20: =if(D20>0, (D20/(D20+I20)), "") -> #N/A | K20: Game 7 | L20: =if(S20>0, "Yes", "") -> Yes | M20: =if(L20="Yes", vlookup(K$1, 'Week 7'!$A$1:$H$119, 5, False), "") -> Loss | N20: =vlookup(K13, 'Week 7'!$A$2:$H$119, 3, False) -> 19 | O20: =vlookup(K13, 'Week 7'!$A$2:$H$119, 6, False) -> 7 | P20: =vlookup(K13, 'Week 7'!$A$2:$H$119, 7, False) -> 2 | Q20: =vlookup(K13, 'Week 7'!$A$2:$H$119, 4, False) -> 10 | R20: =vlookup(K13, 'Week 7'!$A$2:$H$119, 5, False) -> 0 | S20: =vlookup(K13, 'Week 7'!$A$2:$H$119, 8, False) -> 27 | T20: =if(N20>0, (N20/(N20+S20)), "") -> 0.41304348 | U20: Game 7 | V20: =if(AC20>0, "Yes", "") -> #N/A | W20: =if(V20="Yes", vlookup(U$1, 'Week 7'!$A$1:$H$119, 5, False), "") -> #N/A | X20: =vlookup(U13, 'Week 7'!$A$2:$H$119, 3, False) -> #N/A | Y20: =vlookup(U13, 'Week 7'!$A$2:$H$119, 6, False) -> #N/A | Z20: =vlookup(U13, 'Week 7'!$A$2:$H$119, 7, False) -> #N/A | AA20: =vlookup(U13, 'Week 7'!$A$2:$H$119, 4, False) -> #N/A | AB20: =vlookup(U13, 'Week 7'!$A$2:$H$119, 5, False) -> #N/A | AC20: =vlookup(U13, 'Week 7'!$A$2:$H$119, 8, False) -> #N/A | AD20: =if(X20>0, (X20/(X20+AC20)), "") -> #N/A | AE20: Game 7 | AF20: =if(AM20>0, "Yes", "") -> Yes | AG20: =if(AF20="Yes", vlookup(AE$1, 'Week 7'!$A$1:$H$119, 5, False), "") -> Loss | AH20: =vlookup(AE13, 'Week 7'!$A$2:$H$119, 3, False) -> 16 | AI20: =vlookup(AE13, 'Week 7'!$A$2:$H$119, 6, False) -> 6 | AJ20: =vlookup(AE13, 'Week 7'!$A$2:$H$119, 7, False) -> 4 | AK20: =vlookup(AE13, 'Week 7'!$A$2:$H$119, 4, False) -> 5 | AL20: =vlookup(AE13, 'Week 7'!$A$2:$H$119, 5, False) -> 1 | AM20: =vlookup(AE13, 'Week 7'!$A$2:$H$119, 8, False) -> 30 | AN20: =if(AH20>0, (AH20/(AH20+AM20)), "") -> 0.34782609 | AO20: Game 7 | AP20: =if(AW20>0, "Yes", "") -> Yes | AQ20: =if(AP20="Yes", vlookup(AO$1, 'Week 7'!$A$1:$H$119, 5, False), "") -> Loss | AR20: =vlookup(AO13, 'Week 7'!$A$2:$H$119, 3, False) -> 22 | AS20: =vlookup(AO13, 'Week 7'!$A$2:$H$119, 6, False) -> 13 | AT20: =vlookup(AO13, 'Week 7'!$A$2:$H$119, 7, False) -> 0 | AU20: =vlookup(AO13, 'Week 7'!$A$2:$H$119, 4, False) -> 7 | AV20: =vlookup(AO13, 'Week 7'!$A$2:$H$119, 5, False) -> 2 | AW20: =vlookup(AO13, 'Week 7'!$A$2:$H$119, 8, False) -> 21 | AX20: =if(AR20>0, (AR20/(AR20+AW20)), "") -> 0.51162791 | AY20: Game 7 | AZ20: =if(BG20>0, "Yes", "") -> Yes | BA20: =if(AZ20="Yes", vlookup(AY$1, 'Week 7'!$A$1:$H$119, 5, False), "") -> Win | BB20: =vlookup(AY13, 'Week 7'!$A$2:$H$119, 3, False) -> 13 | BC20: =vlookup(AY13, 'Week 7'!$A$2:$H$119, 6, False) -> 6 | BD20: =vlookup(AY13, 'Week 7'!$A$2:$H$119, 7, False) -> 2 | BE20: =vlookup(AY13, 'Week 7'!$A$2:$H$119, 4, False) -> 4 | BF20: =vlookup(AY13, 'Week 7'!$A$2:$H$119, 5, False) -> 1 | BG20: =vlookup(AY13, 'Week 7'!$A$2:$H$119, 8, False) -> 25 | BH20: =if(BB20>0, (BB20/(BB20+BG20)), "") -> 0.34210526
A21: Game 8 | B21: =if(I21>0, "Yes", "") | C21: =if(B21="Yes", vlookup(A$1, 'Week 1'!$A$1:$H$119, 5, False), "") | K21: Game 8 | L21: =if(S21>0, "Yes", "") | M21: =if(L21="Yes", vlookup(K$1, 'Week 1'!$A$1:$H$119, 5, False), "") | U21: Game 8 | V21: =if(AC21>0, "Yes", "") | W21: =if(V21="Yes", vlookup(U$1, 'Week 1'!$A$1:$H$119, 5, False), "") | AE21: Game 8 | AF21: =if(AM21>0, "Yes", "") | AG21: =if(AF21="Yes", vlookup(AE$1, 'Week 1'!$A$1:$H$119, 5, False), "") | AO21: Game 8 | AP21: =if(AW21>0, "Yes", "") | AQ21: =if(AP21="Yes", vlookup(AO$1, 'Week 1'!$A$1:$H$119, 5, False), "") | AY21: Game 8 | AZ21: =if(BG21>0, "Yes", "") | BA21: =if(AZ21="Yes", vlookup(AY$1, 'Week 1'!$A$1:$H$119, 5, False), "")
A22: Game 9 | B22: =if(I22>0, "Yes", "") | C22: =if(B22="Yes", vlookup(A$1, 'Week 1'!$A$1:$H$119, 5, False), "") | K22: Game 9 | L22: =if(S22>0, "Yes", "") | M22: =if(L22="Yes", vlookup(K$1, 'Week 1'!$A$1:$H$119, 5, False), "") | U22: Game 9 | V22: =if(AC22>0, "Yes", "") | W22: =if(V22="Yes", vlookup(U$1, 'Week 1'!$A$1:$H$119, 5, False), "") | AE22: Game 9 | AF22: =if(AM22>0, "Yes", "") | AG22: =if(AF22="Yes", vlookup(AE$1, 'Week 1'!$A$1:$H$119, 5, False), "") | AO22: Game 9 | AP22: =if(AW22>0, "Yes", "") | AQ22: =if(AP22="Yes", vlookup(AO$1, 'Week 1'!$A$1:$H$119, 5, False), "") | AY22: Game 9 | AZ22: =if(BG22>0, "Yes", "") | BA22: =if(AZ22="Yes", vlookup(AY$1, 'Week 1'!$A$1:$H$119, 5, False), "")
A23: average | B23: =countif(B14:B22, "Yes") -> 0 | C23: =countif(C14:C22, "Win")/(countif(C14:C22, "Win")+countif(C14:C22, "Loss")) -> #DIV/0! | D23: =average(D14:D22) -> #N/A | E23: =average(E14:E22) -> #N/A | F23: =average(F14:F22) -> #N/A | G23: =average(G14:G22) -> #N/A | H23: =average(H14:H22) -> #N/A | I23: =average(I14:I22) -> #N/A | J23: =D23/(I23+D23) -> #N/A | K23: average | L23: =countif(L14:L22, "Yes") -> 7 | M23: =countif(M14:M22, "Win")/(countif(M14:M22, "Win")+countif(M14:M22, "Loss")) -> 0.57142857 | N23: =average(N14:N22) -> 19.285714 | O23: =average(O14:O22) -> 9.4285714 | P23: =average(P14:P22) -> 2.1428571 | Q23: =average(Q14:Q22) -> 6.5714286 | R23: =average(R14:R22) -> 1.1428571 | S23: =average(S14:S22) -> 22.857143 | T23: =N23/(S23+N23) -> 0.45762712 | U23: average | V23: =countif(V14:V22, "Yes") -> 0 | W23: =countif(W14:W22, "Win")/(countif(W14:W22, "Win")+countif(W14:W22, "Loss")) -> #DIV/0! | X23: =average(X14:X22) -> #N/A | Y23: =average(Y14:Y22) -> #N/A | Z23: =average(Z14:Z22) -> #N/A | AA23: =average(AA14:AA22) -> #N/A | AB23: =average(AB14:AB22) -> #N/A | AC23: =average(AC14:AC22) -> #N/A | AD23: =X23/(AC23+X23) -> #N/A | AE23: average | AF23: =countif(AF14:AF22, "Yes") -> 6 | AG23: =countif(AG14:AG22, "Win")/(countif(AG14:AG22, "Win")+countif(AG14:AG22, "Loss")) -> 0.66666667 | AH23: =average(AH14:AH22) -> 20.333333 | AI23: =average(AI14:AI22) -> 7.1666667 | AJ23: =average(AJ14:AJ22) -> 2.8333333 | AK23: =average(AK14:AK22) -> 7.5 | AL23: =average(AL14:AL22) -> 2.8333333 | AM23: =average(AM14:AM22) -> 25.666667 | AN23: =AH23/(AM23+AH23) -> 0.44202899 | AO23: average | AP23: =countif(AP14:AP22, "Yes") -> 7 | AQ23: =countif(AQ14:AQ22, "Win")/(countif(AQ14:AQ22, "Win")+countif(AQ14:AQ22, "Loss")) -> 0.14285714 | AR23: =average(AR14:AR22) -> 20.714286 | AS23: =average(AS14:AS22) -> 12.857143 | AT23: =average(AT14:AT22) -> 1.5714286 | AU23: =average(AU14:AU22) -> 5.1428571 | AV23: =average(AV14:AV22) -> 1.1428571 | AW23: =average(AW14:AW22) -> 27.142857 | AX23: =AR23/(AW23+AR23) -> 0.43283582 | AY23: average | AZ23: =countif(AZ14:AZ22, "Yes") -> 7 | BA23: =countif(BA14:BA22, "Win")/(countif(BA14:BA22, "Win")+countif(BA14:BA22, "Loss")) -> 0.71428571 | BB23: =average(BB14:BB22) -> 13.714286 | BC23: =average(BC14:BC22) -> 4 | BD23: =average(BD14:BD22) -> 1.4285714 | BE23: =average(BE14:BE22) -> 5 | BF23: =average(BF14:BF22) -> 3.2857143 | BG23: =average(BG14:BG22) -> 26.857143 | BH23: =BB23/(BG23+BB23) -> 0.33802817
A24: =Draft!B47 -> Porco | B24: =B34 -> 5 | C24: =C34 -> 0.4 | D24: =D34 -> 18 | E24: =E34 -> 6.4 | F24: =F34 -> 0.8 | G24: =G34 -> 9.2 | H24: =H34 -> 1.6 | I24: =I34 -> 25.6 | J24: =J34 -> 0.41284404 | K24: =Draft!C47 -> Skeet | L24: =L34 -> 0 | M24: =M34 -> #DIV/0! | N24: =N34 -> #N/A | O24: =O34 -> #N/A | P24: =P34 -> #N/A | Q24: =Q34 -> #N/A | R24: =R34 -> #N/A | S24: =S34 -> #N/A | T24: =T34 -> #N/A | U24: =Draft!D47 -> Mike Harrison | V24: =V34 -> 0 | W24: =W34 -> #DIV/0! | X24: =X34 -> #N/A | Y24: =Y34 -> #N/A | Z24: =Z34 -> #N/A | AA24: =AA34 -> #N/A | AB24: =AB34 -> #N/A | AC24: =AC34 -> #N/A | AD24: =AD34 -> #N/A | AE24: =Draft!E47 -> Fritz | AF24: =AF34 -> 6 | AG24: =AG34 -> 0.83333333 | AH24: =AH34 -> 17 | AI24: =AI34 -> 6.5 | AJ24: =AJ34 -> 1.5 | AK24: =AK34 -> 7.5 | AL24: =AL34 -> 1.5 | AM24: =AM34 -> 27.166667 | AN24: =AN34 -> 0.38490566 | AO24: =Draft!F47 -> Grish | AP24: =AP34 -> 7 | AQ24: =AQ34 -> 0.14285714 | AR24: =AR34 -> 14.142857 | AS24: =AS34 -> 5.1428571 | AT24: =AT34 -> 0.14285714 | AU24: =AU34 -> 8.2857143 | AV24: =AV34 -> 0.57142857 | AW24: =AW34 -> 28.571429 | AX24: =AX34 -> 0.33110368 | AY24: =Draft!G47 -> DC | AZ24: =AZ34 -> 6 | BA24: =BA34 -> 0.83333333 | BB24: =BB34 -> 15.5 | BC24: =BC34 -> 5.6666667 | BD24: =BD34 -> 0.33333333 | BE24: =BE34 -> 8.8333333 | BF24: =BF34 -> 0.66666667 | BG24: =BG34 -> 26 | BH24: =BH34 -> 0.37349398
A25: Game 1 | B25: =if(I25>0, "Yes", "") -> Yes | C25: =if(B25="Yes", vlookup(A$1, 'Week 1'!$A$1:$H$119, 5, False), "") -> Loss | D25: =vlookup(A24, 'Week 1'!$A$2:$H$119, 3, False) -> 20 | E25: =vlookup(A24, 'Week 1'!$A$2:$H$119, 6, False) -> 10 | F25: =vlookup(A24, 'Week 1'!$A$2:$H$119, 7, False) -> 2 | G25: =vlookup(A24, 'Week 1'!$A$2:$H$119, 4, False) -> 8 | H25: =vlookup(A24, 'Week 1'!$A$2:$H$119, 5, False) -> 0 | I25: =vlookup(A24, 'Week 1'!$A$2:$H$119, 8, False) -> 23 | J25: =if(D25>0, (D25/(D25+I25)), "") -> 0.46511628 | K25: Game 1 | L25: =if(S25>0, "Yes", "") -> #N/A | M25: =if(L25="Yes", vlookup(K$1, 'Week 1'!$A$1:$H$119, 5, False), "") -> #N/A | N25: =vlookup(K24, 'Week 1'!$A$2:$H$119, 3, False) -> #N/A | O25: =vlookup(K24, 'Week 1'!$A$2:$H$119, 6, False) -> #N/A | P25: =vlookup(K24, 'Week 1'!$A$2:$H$119, 7, False) -> #N/A | Q25: =vlookup(K24, 'Week 1'!$A$2:$H$119, 4, False) -> #N/A | R25: =vlookup(K24, 'Week 1'!$A$2:$H$119, 5, False) -> #N/A | S25: =vlookup(K24, 'Week 1'!$A$2:$H$119, 8, False) -> #N/A | T25: =if(N25>0, (N25/(N25+S25)), "") -> #N/A | U25: Game 1 | V25: =if(AC25>0, "Yes", "") -> #N/A | W25: =if(V25="Yes", vlookup(U$1, 'Week 1'!$A$1:$H$119, 5, False), "") -> #N/A | X25: =vlookup(U24, 'Week 1'!$A$2:$H$119, 3, False) -> #N/A | Y25: =vlookup(U24, 'Week 1'!$A$2:$H$119, 6, False) -> #N/A | Z25: =vlookup(U24, 'Week 1'!$A$2:$H$119, 7, False) -> #N/A | AA25: =vlookup(U24, 'Week 1'!$A$2:$H$119, 4, False) -> #N/A | AB25: =vlookup(U24, 'Week 1'!$A$2:$H$119, 5, False) -> #N/A | AC25: =vlookup(U24, 'Week 1'!$A$2:$H$119, 8, False) -> #N/A | AD25: =if(X25>0, (X25/(X25+AC25)), "") -> #N/A | AE25: Game 1 | AF25: =if(AM25>0, "Yes", "") -> Yes | AG25: =if(AF25="Yes", vlookup(AE$1, 'Week 1'!$A$1:$H$119, 5, False), "") -> Win | AH25: =vlookup(AE24, 'Week 1'!$A$2:$H$119, 3, False) -> 14 | AI25: =vlookup(AE24, 'Week 1'!$A$2:$H$119, 6, False) -> 4 | AJ25: =vlookup(AE24, 'Week 1'!$A$2:$H$119, 7, False) -> 2 | AK25: =vlookup(AE24, 'Week 1'!$A$2:$H$119, 4, False) -> 6 | AL25: =vlookup(AE24, 'Week 1'!$A$2:$H$119, 5, False) -> 2 | AM25: =vlookup(AE24, 'Week 1'!$A$2:$H$119, 8, False) -> 35 | AN25: =if(AH25>0, (AH25/(AH25+AM25)), "") -> 0.28571429 | AO25: Game 1 | AP25: =if(AW25>0, "Yes", "") -> Yes | AQ25: =if(AP25="Yes", vlookup(AO$1, 'Week 1'!$A$1:$H$119, 5, False), "") -> Loss | AR25: =vlookup(AO24, 'Week 1'!$A$2:$H$119, 3, False) -> 14 | AS25: =vlookup(AO24, 'Week 1'!$A$2:$H$119, 6, False) -> 7 | AT25: =vlookup(AO24, 'Week 1'!$A$2:$H$119, 7, False) -> 0 | AU25: =vlookup(AO24, 'Week 1'!$A$2:$H$119, 4, False) -> 7 | AV25: =vlookup(AO24, 'Week 1'!$A$2:$H$119, 5, False) -> 0 | AW25: =vlookup(AO24, 'Week 1'!$A$2:$H$119, 8, False) -> 34 | AX25: =if(AR25>0, (AR25/(AR25+AW25)), "") -> 0.29166667 | AY25: Game 1 | AZ25: =if(BG25>0, "Yes", "") -> Yes | BA25: =if(AZ25="Yes", vlookup(AY$1, 'Week 1'!$A$1:$H$119, 5, False), "") -> Win | BB25: =vlookup(AY24, 'Week 1'!$A$2:$H$119, 3, False) -> 15 | BC25: =vlookup(AY24, 'Week 1'!$A$2:$H$119, 6, False) -> 13 | BD25: =vlookup(AY24, 'Week 1'!$A$2:$H$119, 7, False) -> 0 | BE25: =vlookup(AY24, 'Week 1'!$A$2:$H$119, 4, False) -> 2 | BF25: =vlookup(AY24, 'Week 1'!$A$2:$H$119, 5, False) -> 0 | BG25: =vlookup(AY24, 'Week 1'!$A$2:$H$119, 8, False) -> 24 | BH25: =if(BB25>0, (BB25/(BB25+BG25)), "") -> 0.38461538
A26: Game 2 | B26: =if(I26>0, "Yes", "") -> Yes | C26: =if(B26="Yes", vlookup(A$1, 'Week 2'!$A$1:$H$119, 5, False), "") -> Loss | D26: =vlookup(A24, 'Week 2'!$A$2:$H$119, 3, False) -> 16 | E26: =vlookup(A24, 'Week 2'!$A$2:$H$119, 6, False) -> 8 | F26: =vlookup(A24, 'Week 2'!$A$2:$H$119, 7, False) -> 0 | G26: =vlookup(A24, 'Week 2'!$A$2:$H$119, 4, False) -> 6 | H26: =vlookup(A24, 'Week 2'!$A$2:$H$119, 5, False) -> 2 | I26: =vlookup(A24, 'Week 2'!$A$2:$H$119, 8, False) -> 29 | J26: =if(D26>0, (D26/(D26+I26)), "") -> 0.35555556 | K26: Game 2 | L26: =if(S26>0, "Yes", "") -> #N/A | M26: =if(L26="Yes", vlookup(K$1, 'Week 2'!$A$1:$H$119, 5, False), "") -> #N/A | N26: =vlookup(K24, 'Week 2'!$A$2:$H$119, 3, False) -> #N/A | O26: =vlookup(K24, 'Week 2'!$A$2:$H$119, 6, False) -> #N/A | P26: =vlookup(K24, 'Week 2'!$A$2:$H$119, 7, False) -> #N/A | Q26: =vlookup(K24, 'Week 2'!$A$2:$H$119, 4, False) -> #N/A | R26: =vlookup(K24, 'Week 2'!$A$2:$H$119, 5, False) -> #N/A | S26: =vlookup(K24, 'Week 2'!$A$2:$H$119, 8, False) -> #N/A | T26: =if(N26>0, (N26/(N26+S26)), "") -> #N/A | U26: Game 2 | V26: =if(AC26>0, "Yes", "") -> #N/A | W26: =if(V26="Yes", vlookup(U$1, 'Week 2'!$A$1:$H$119, 5, False), "") -> #N/A | X26: =vlookup(U24, 'Week 2'!$A$2:$H$119, 3, False) -> #N/A | Y26: =vlookup(U24, 'Week 2'!$A$2:$H$119, 6, False) -> #N/A | Z26: =vlookup(U24, 'Week 2'!$A$2:$H$119, 7, False) -> #N/A | AA26: =vlookup(U24, 'Week 2'!$A$2:$H$119, 4, False) -> #N/A | AB26: =vlookup(U24, 'Week 2'!$A$2:$H$119, 5, False) -> #N/A | AC26: =vlookup(U24, 'Week 2'!$A$2:$H$119, 8, False) -> #N/A | AD26: =if(X26>0, (X26/(X26+AC26)), "") -> #N/A | AE26: Game 2 | AF26: =if(AM26>0, "Yes", "") -> Yes | AG26: =if(AF26="Yes", vlookup(AE$1, 'Week 2'!$A$1:$H$119, 5, False), "") -> Win | AH26: =vlookup(AE24, 'Week 2'!$A$2:$H$119, 3, False) -> 23 | AI26: =vlookup(AE24, 'Week 2'!$A$2:$H$119, 6, False) -> 3 | AJ26: =vlookup(AE24, 'Week 2'!$A$2:$H$119, 7, False) -> 1 | AK26: =vlookup(AE24, 'Week 2'!$A$2:$H$119, 4, False) -> 16 | AL26: =vlookup(AE24, 'Week 2'!$A$2:$H$119, 5, False) -> 3 | AM26: =vlookup(AE24, 'Week 2'!$A$2:$H$119, 8, False) -> 19 | AN26: =if(AH26>0, (AH26/(AH26+AM26)), "") -> 0.54761905 | AO26: Game 2 | AP26: =if(AW26>0, "Yes", "") -> Yes | AQ26: =if(AP26="Yes", vlookup(AO$1, 'Week 2'!$A$1:$H$119, 5, False), "") -> Loss | AR26: =vlookup(AO24, 'Week 2'!$A$2:$H$119, 3, False) -> 8 | AS26: =vlookup(AO24, 'Week 2'!$A$2:$H$119, 6, False) -> 2 | AT26: =vlookup(AO24, 'Week 2'!$A$2:$H$119, 7, False) -> 0 | AU26: =vlookup(AO24, 'Week 2'!$A$2:$H$119, 4, False) -> 6 | AV26: =vlookup(AO24, 'Week 2'!$A$2:$H$119, 5, False) -> 0 | AW26: =vlookup(AO24, 'Week 2'!$A$2:$H$119, 8, False) -> 29 | AX26: =if(AR26>0, (AR26/(AR26+AW26)), "") -> 0.21621622 | AY26: Game 2 | AZ26: =if(BG26>0, "Yes", "") -> Yes | BA26: =if(AZ26="Yes", vlookup(AY$1, 'Week 2'!$A$1:$H$119, 5, False), "") -> Win | BB26: =vlookup(AY24, 'Week 2'!$A$2:$H$119, 3, False) -> 12 | BC26: =vlookup(AY24, 'Week 2'!$A$2:$H$119, 6, False) -> 5 | BD26: =vlookup(AY24, 'Week 2'!$A$2:$H$119, 7, False) -> 0 | BE26: =vlookup(AY24, 'Week 2'!$A$2:$H$119, 4, False) -> 7 | BF26: =vlookup(AY24, 'Week 2'!$A$2:$H$119, 5, False) -> 0 | BG26: =vlookup(AY24, 'Week 2'!$A$2:$H$119, 8, False) -> 31 | BH26: =if(BB26>0, (BB26/(BB26+BG26)), "") -> 0.27906977
A27: Game 3 | B27: =if(I27>0, "Yes", "") -> Yes | C27: =if(B27="Yes", vlookup(A$1, 'Week 3'!$A$1:$H$119, 5, False), "") -> Win | D27: =vlookup(A24, 'Week 3'!$A$2:$H$119, 3, False) -> 16 | E27: =vlookup(A24, 'Week 3'!$A$2:$H$119, 6, False) -> 3 | F27: =vlookup(A24, 'Week 3'!$A$2:$H$119, 7, False) -> 0 | G27: =vlookup(A24, 'Week 3'!$A$2:$H$119, 4, False) -> 10 | H27: =vlookup(A24, 'Week 3'!$A$2:$H$119, 5, False) -> 3 | I27: =vlookup(A24, 'Week 3'!$A$2:$H$119, 8, False) -> 26 | J27: =if(D27>0, (D27/(D27+I27)), "") -> 0.38095238 | K27: Game 3 | L27: =if(S27>0, "Yes", "") -> #N/A | M27: =if(L27="Yes", vlookup(K$1, 'Week 3'!$A$1:$H$119, 5, False), "") -> #N/A | N27: =vlookup(K24, 'Week 3'!$A$2:$H$119, 3, False) -> #N/A | O27: =vlookup(K24, 'Week 3'!$A$2:$H$119, 6, False) -> #N/A | P27: =vlookup(K24, 'Week 3'!$A$2:$H$119, 7, False) -> #N/A | Q27: =vlookup(K24, 'Week 3'!$A$2:$H$119, 4, False) -> #N/A | R27: =vlookup(K24, 'Week 3'!$A$2:$H$119, 5, False) -> #N/A | S27: =vlookup(K24, 'Week 3'!$A$2:$H$119, 8, False) -> #N/A | T27: =if(N27>0, (N27/(N27+S27)), "") -> #N/A | U27: Game 3 | V27: =if(AC27>0, "Yes", "") -> #N/A | W27: =if(V27="Yes", vlookup(U$1, 'Week 3'!$A$1:$H$119, 5, False), "") -> #N/A | X27: =vlookup(U24, 'Week 3'!$A$2:$H$119, 3, False) -> #N/A | Y27: =vlookup(U24, 'Week 3'!$A$2:$H$119, 6, False) -> #N/A | Z27: =vlookup(U24, 'Week 3'!$A$2:$H$119, 7, False) -> #N/A | AA27: =vlookup(U24, 'Week 3'!$A$2:$H$119, 4, False) -> #N/A | AB27: =vlookup(U24, 'Week 3'!$A$2:$H$119, 5, False) -> #N/A | AC27: =vlookup(U24, 'Week 3'!$A$2:$H$119, 8, False) -> #N/A | AD27: =if(X27>0, (X27/(X27+AC27)), "") -> #N/A | AE27: Game 3 | AF27: =if(AM27>0, "Yes", "") -> Yes | AG27: =if(AF27="Yes", vlookup(AE$1, 'Week 3'!$A$1:$H$119, 5, False), "") -> Loss | AH27: =vlookup(AE24, 'Week 3'!$A$2:$H$119, 3, False) -> 18 | AI27: =vlookup(AE24, 'Week 3'!$A$2:$H$119, 6, False) -> 9 | AJ27: =vlookup(AE24, 'Week 3'!$A$2:$H$119, 7, False) -> 0 | AK27: =vlookup(AE24, 'Week 3'!$A$2:$H$119, 4, False) -> 9 | AL27: =vlookup(AE24, 'Week 3'!$A$2:$H$119, 5, False) -> 0 | AM27: =vlookup(AE24, 'Week 3'!$A$2:$H$119, 8, False) -> 27 | AN27: =if(AH27>0, (AH27/(AH27+AM27)), "") -> 0.4 | AO27: Game 3 | AP27: =if(AW27>0, "Yes", "") -> Yes | AQ27: =if(AP27="Yes", vlookup(AO$1, 'Week 3'!$A$1:$H$119, 5, False), "") -> Loss | AR27: =vlookup(AO24, 'Week 3'!$A$2:$H$119, 3, False) -> 14 | AS27: =vlookup(AO24, 'Week 3'!$A$2:$H$119, 6, False) -> 4 | AT27: =vlookup(AO24, 'Week 3'!$A$2:$H$119, 7, False) -> 0 | AU27: =vlookup(AO24, 'Week 3'!$A$2:$H$119, 4, False) -> 9 | AV27: =vlookup(AO24, 'Week 3'!$A$2:$H$119, 5, False) -> 1 | AW27: =vlookup(AO24, 'Week 3'!$A$2:$H$119, 8, False) -> 22 | AX27: =if(AR27>0, (AR27/(AR27+AW27)), "") -> 0.38888889 | AY27: Game 3 | AZ27: =if(BG27>0, "Yes", "") -> Yes | BA27: =if(AZ27="Yes", vlookup(AY$1, 'Week 3'!$A$1:$H$119, 5, False), "") -> Win | BB27: =vlookup(AY24, 'Week 3'!$A$2:$H$119, 3, False) -> 16 | BC27: =vlookup(AY24, 'Week 3'!$A$2:$H$119, 6, False) -> 7 | BD27: =vlookup(AY24, 'Week 3'!$A$2:$H$119, 7, False) -> 0 | BE27: =vlookup(AY24, 'Week 3'!$A$2:$H$119, 4, False) -> 9 | BF27: =vlookup(AY24, 'Week 3'!$A$2:$H$119, 5, False) -> 0 | BG27: =vlookup(AY24, 'Week 3'!$A$2:$H$119, 8, False) -> 23 | BH27: =if(BB27>0, (BB27/(BB27+BG27)), "") -> 0.41025641
A28: Game 4 | B28: =if(I28>0, "Yes", "") | C28: =if(B28="Yes", vlookup(A$1, 'Week 4'!$A$1:$H$119, 5, False), "") | D28: =vlookup(A24, 'Week 4'!$A$2:$H$119, 3, False) | E28: =vlookup(A24, 'Week 4'!$A$2:$H$119, 6, False) | F28: =vlookup(A24, 'Week 4'!$A$2:$H$119, 7, False) | G28: =vlookup(A24, 'Week 4'!$A$2:$H$119, 4, False) | H28: =vlookup(A24, 'Week 4'!$A$2:$H$119, 5, False) | I28: =vlookup(A24, 'Week 4'!$A$2:$H$119, 8, False) | J28: =if(D28>0, (D28/(D28+I28)), "") -> #DIV/0! | K28: Game 4 | L28: =if(S28>0, "Yes", "") -> #N/A | M28: =if(L28="Yes", vlookup(K$1, 'Week 4'!$A$1:$H$119, 5, False), "") -> #N/A | N28: =vlookup(K24, 'Week 4'!$A$2:$H$119, 3, False) -> #N/A | O28: =vlookup(K24, 'Week 4'!$A$2:$H$119, 6, False) -> #N/A | P28: =vlookup(K24, 'Week 4'!$A$2:$H$119, 7, False) -> #N/A | Q28: =vlookup(K24, 'Week 4'!$A$2:$H$119, 4, False) -> #N/A | R28: =vlookup(K24, 'Week 4'!$A$2:$H$119, 5, False) -> #N/A | S28: =vlookup(K24, 'Week 4'!$A$2:$H$119, 8, False) -> #N/A | T28: =if(N28>0, (N28/(N28+S28)), "") -> #N/A | U28: Game 4 | V28: =if(AC28>0, "Yes", "") -> #N/A | W28: =if(V28="Yes", vlookup(U$1, 'Week 4'!$A$1:$H$119, 5, False), "") -> #N/A | X28: =vlookup(U24, 'Week 4'!$A$2:$H$119, 3, False) -> #N/A | Y28: =vlookup(U24, 'Week 4'!$A$2:$H$119, 6, False) -> #N/A | Z28: =vlookup(U24, 'Week 4'!$A$2:$H$119, 7, False) -> #N/A | AA28: =vlookup(U24, 'Week 4'!$A$2:$H$119, 4, False) -> #N/A | AB28: =vlookup(U24, 'Week 4'!$A$2:$H$119, 5, False) -> #N/A | AC28: =vlookup(U24, 'Week 4'!$A$2:$H$119, 8, False) -> #N/A | AD28: =if(X28>0, (X28/(X28+AC28)), "") -> #N/A | AE28: Game 4 | AF28: =if(AM28>0, "Yes", "") -> Yes | AG28: =if(AF28="Yes", vlookup(AE$1, 'Week 4'!$A$1:$H$119, 5, False), "") -> Win | AH28: =vlookup(AE24, 'Week 4'!$A$2:$H$119, 3, False) -> 18 | AI28: =vlookup(AE24, 'Week 4'!$A$2:$H$119, 6, False) -> 7 | AJ28: =vlookup(AE24, 'Week 4'!$A$2:$H$119, 7, False) -> 3 | AK28: =vlookup(AE24, 'Week 4'!$A$2:$H$119, 4, False) -> 6 | AL28: =vlookup(AE24, 'Week 4'!$A$2:$H$119, 5, False) -> 2 | AM28: =vlookup(AE24, 'Week 4'!$A$2:$H$119, 8, False) -> 26 | AN28: =if(AH28>0, (AH28/(AH28+AM28)), "") -> 0.40909091 | AO28: Game 4 | AP28: =if(AW28>0, "Yes", "") -> Yes | AQ28: =if(AP28="Yes", vlookup(AO$1, 'Week 4'!$A$1:$H$119, 5, False), "") -> Loss | AR28: =vlookup(AO24, 'Week 4'!$A$2:$H$119, 3, False) -> 11 | AS28: =vlookup(AO24, 'Week 4'!$A$2:$H$119, 6, False) -> 3 | AT28: =vlookup(AO24, 'Week 4'!$A$2:$H$119, 7, False) -> 0 | AU28: =vlookup(AO24, 'Week 4'!$A$2:$H$119, 4, False) -> 8 | AV28: =vlookup(AO24, 'Week 4'!$A$2:$H$119, 5, False) -> 0 | AW28: =vlookup(AO24, 'Week 4'!$A$2:$H$119, 8, False) -> 31 | AX28: =if(AR28>0, (AR28/(AR28+AW28)), "") -> 0.26190476 | AY28: Game 4 | AZ28: =if(BG28>0, "Yes", "") | BA28: =if(AZ28="Yes", vlookup(AY$1, 'Week 4'!$A$1:$H$119, 5, False), "") | BB28: =vlookup(AY24, 'Week 4'!$A$2:$H$119, 3, False) | BC28: =vlookup(AY24, 'Week 4'!$A$2:$H$119, 6, False) | BD28: =vlookup(AY24, 'Week 4'!$A$2:$H$119, 7, False) | BE28: =vlookup(AY24, 'Week 4'!$A$2:$H$119, 4, False) | BF28: =vlookup(AY24, 'Week 4'!$A$2:$H$119, 5, False) | BG28: =vlookup(AY24, 'Week 4'!$A$2:$H$119, 8, False) | BH28: =if(BB28>0, (BB28/(BB28+BG28)), "") -> #DIV/0!
A29: Game 5 | B29: =if(I29>0, "Yes", "") | C29: =if(B29="Yes", vlookup(A$1, 'Week 5'!$A$1:$H$119, 5, False), "") | D29: =vlookup(A24, 'Week 5'!$A$2:$H$119, 3, False) | E29: =vlookup(A24, 'Week 5'!$A$2:$H$119, 6, False) | F29: =vlookup(A24, 'Week 5'!$A$2:$H$119, 7, False) | G29: =vlookup(A24, 'Week 5'!$A$2:$H$119, 4, False) | H29: =vlookup(A24, 'Week 5'!$A$2:$H$119, 5, False) | I29: =vlookup(A24, 'Week 5'!$A$2:$H$119, 8, False) | J29: =if(D29>0, (D29/(D29+I29)), "") -> #DIV/0! | K29: Game 5 | L29: =if(S29>0, "Yes", "") -> #N/A | M29: =if(L29="Yes", vlookup(K$1, 'Week 5'!$A$1:$H$119, 5, False), "") -> #N/A | N29: =vlookup(K24, 'Week 5'!$A$2:$H$119, 3, False) -> #N/A | O29: =vlookup(K24, 'Week 5'!$A$2:$H$119, 6, False) -> #N/A | P29: =vlookup(K24, 'Week 5'!$A$2:$H$119, 7, False) -> #N/A | Q29: =vlookup(K24, 'Week 5'!$A$2:$H$119, 4, False) -> #N/A | R29: =vlookup(K24, 'Week 5'!$A$2:$H$119, 5, False) -> #N/A | S29: =vlookup(K24, 'Week 5'!$A$2:$H$119, 8, False) -> #N/A | T29: =if(N29>0, (N29/(N29+S29)), "") -> #N/A | U29: Game 5 | V29: =if(AC29>0, "Yes", "") -> #N/A | W29: =if(V29="Yes", vlookup(U$1, 'Week 5'!$A$1:$H$119, 5, False), "") -> #N/A | X29: =vlookup(U24, 'Week 5'!$A$2:$H$119, 3, False) -> #N/A | Y29: =vlookup(U24, 'Week 5'!$A$2:$H$119, 6, False) -> #N/A | Z29: =vlookup(U24, 'Week 5'!$A$2:$H$119, 7, False) -> #N/A | AA29: =vlookup(U24, 'Week 5'!$A$2:$H$119, 4, False) -> #N/A | AB29: =vlookup(U24, 'Week 5'!$A$2:$H$119, 5, False) -> #N/A | AC29: =vlookup(U24, 'Week 5'!$A$2:$H$119, 8, False) -> #N/A | AD29: =if(X29>0, (X29/(X29+AC29)), "") -> #N/A | AE29: Game 5 | AF29: =if(AM29>0, "Yes", "") -> Yes | AG29: =if(AF29="Yes", vlookup(AE$1, 'Week 5'!$A$1:$H$119, 5, False), "") -> Win | AH29: =vlookup(AE24, 'Week 5'!$A$2:$H$119, 3, False) -> 15 | AI29: =vlookup(AE24, 'Week 5'!$A$2:$H$119, 6, False) -> 6 | AJ29: =vlookup(AE24, 'Week 5'!$A$2:$H$119, 7, False) -> 3 | AK29: =vlookup(AE24, 'Week 5'!$A$2:$H$119, 4, False) -> 5 | AL29: =vlookup(AE24, 'Week 5'!$A$2:$H$119, 5, False) -> 1 | AM29: =vlookup(AE24, 'Week 5'!$A$2:$H$119, 8, False) -> 32 | AN29: =if(AH29>0, (AH29/(AH29+AM29)), "") -> 0.31914894 | AO29: Game 5 | AP29: =if(AW29>0, "Yes", "") -> Yes | AQ29: =if(AP29="Yes", vlookup(AO$1, 'Week 5'!$A$1:$H$119, 5, False), "") -> Win | AR29: =vlookup(AO24, 'Week 5'!$A$2:$H$119, 3, False) -> 20 | AS29: =vlookup(AO24, 'Week 5'!$A$2:$H$119, 6, False) -> 7 | AT29: =vlookup(AO24, 'Week 5'!$A$2:$H$119, 7, False) -> 0 | AU29: =vlookup(AO24, 'Week 5'!$A$2:$H$119, 4, False) -> 12 | AV29: =vlookup(AO24, 'Week 5'!$A$2:$H$119, 5, False) -> 1 | AW29: =vlookup(AO24, 'Week 5'!$A$2:$H$119, 8, False) -> 26 | AX29: =if(AR29>0, (AR29/(AR29+AW29)), "") -> 0.43478261 | AY29: Game 5 | AZ29: =if(BG29>0, "Yes", "") -> Yes | BA29: =if(AZ29="Yes", vlookup(AY$1, 'Week 5'!$A$1:$H$119, 5, False), "") -> Loss | BB29: =vlookup(AY24, 'Week 5'!$A$2:$H$119, 3, False) -> 16 | BC29: =vlookup(AY24, 'Week 5'!$A$2:$H$119, 6, False) -> 1 | BD29: =vlookup(AY24, 'Week 5'!$A$2:$H$119, 7, False) -> 0 | BE29: =vlookup(AY24, 'Week 5'!$A$2:$H$119, 4, False) -> 14 | BF29: =vlookup(AY24, 'Week 5'!$A$2:$H$119, 5, False) -> 1 | BG29: =vlookup(AY24, 'Week 5'!$A$2:$H$119, 8, False) -> 31 | BH29: =if(BB29>0, (BB29/(BB29+BG29)), "") -> 0.34042553
A30: Game 6 | B30: =if(I30>0, "Yes", "") -> Yes | C30: =if(B30="Yes", vlookup(A$1, 'Week 6'!$A$1:$H$119, 5, False), "") -> Loss | D30: =vlookup(A24, 'Week 6'!$A$2:$H$119, 3, False) -> 21 | E30: =vlookup(A24, 'Week 6'!$A$2:$H$119, 6, False) -> 8 | F30: =vlookup(A24, 'Week 6'!$A$2:$H$119, 7, False) -> 0 | G30: =vlookup(A24, 'Week 6'!$A$2:$H$119, 4, False) -> 11 | H30: =vlookup(A24, 'Week 6'!$A$2:$H$119, 5, False) -> 2 | I30: =vlookup(A24, 'Week 6'!$A$2:$H$119, 8, False) -> 21 | J30: =if(D30>0, (D30/(D30+I30)), "") -> 0.5 | K30: Game 6 | L30: =if(S30>0, "Yes", "") -> #N/A | M30: =if(L30="Yes", vlookup(K$1, 'Week 6'!$A$1:$H$119, 5, False), "") -> #N/A | N30: =vlookup(K24, 'Week 6'!$A$2:$H$119, 3, False) -> #N/A | O30: =vlookup(K24, 'Week 6'!$A$2:$H$119, 6, False) -> #N/A | P30: =vlookup(K24, 'Week 6'!$A$2:$H$119, 7, False) -> #N/A | Q30: =vlookup(K24, 'Week 6'!$A$2:$H$119, 4, False) -> #N/A | R30: =vlookup(K24, 'Week 6'!$A$2:$H$119, 5, False) -> #N/A | S30: =vlookup(K24, 'Week 6'!$A$2:$H$119, 8, False) -> #N/A | T30: =if(N30>0, (N30/(N30+S30)), "") -> #N/A | U30: Game 6 | V30: =if(AC30>0, "Yes", "") -> #N/A | W30: =if(V30="Yes", vlookup(U$1, 'Week 6'!$A$1:$H$119, 5, False), "") -> #N/A | X30: =vlookup(U24, 'Week 6'!$A$2:$H$119, 3, False) -> #N/A | Y30: =vlookup(U24, 'Week 6'!$A$2:$H$119, 6, False) -> #N/A | Z30: =vlookup(U24, 'Week 6'!$A$2:$H$119, 7, False) -> #N/A | AA30: =vlookup(U24, 'Week 6'!$A$2:$H$119, 4, False) -> #N/A | AB30: =vlookup(U24, 'Week 6'!$A$2:$H$119, 5, False) -> #N/A | AC30: =vlookup(U24, 'Week 6'!$A$2:$H$119, 8, False) -> #N/A | AD30: =if(X30>0, (X30/(X30+AC30)), "") -> #N/A | AE30: Game 6 | AF30: =if(AM30>0, "Yes", "") -> Yes | AG30: =if(AF30="Yes", vlookup(AE$1, 'Week 6'!$A$1:$H$119, 5, False), "") -> Win | AH30: =vlookup(AE24, 'Week 6'!$A$2:$H$119, 3, False) -> 14 | AI30: =vlookup(AE24, 'Week 6'!$A$2:$H$119, 6, False) -> 10 | AJ30: =vlookup(AE24, 'Week 6'!$A$2:$H$119, 7, False) -> 0 | AK30: =vlookup(AE24, 'Week 6'!$A$2:$H$119, 4, False) -> 3 | AL30: =vlookup(AE24, 'Week 6'!$A$2:$H$119, 5, False) -> 1 | AM30: =vlookup(AE24, 'Week 6'!$A$2:$H$119, 8, False) -> 24 | AN30: =if(AH30>0, (AH30/(AH30+AM30)), "") -> 0.36842105 | AO30: Game 6 | AP30: =if(AW30>0, "Yes", "") -> Yes | AQ30: =if(AP30="Yes", vlookup(AO$1, 'Week 6'!$A$1:$H$119, 5, False), "") -> Loss | AR30: =vlookup(AO24, 'Week 6'!$A$2:$H$119, 3, False) -> 18 | AS30: =vlookup(AO24, 'Week 6'!$A$2:$H$119, 6, False) -> 4 | AT30: =vlookup(AO24, 'Week 6'!$A$2:$H$119, 7, False) -> 1 | AU30: =vlookup(AO24, 'Week 6'!$A$2:$H$119, 4, False) -> 12 | AV30: =vlookup(AO24, 'Week 6'!$A$2:$H$119, 5, False) -> 1 | AW30: =vlookup(AO24, 'Week 6'!$A$2:$H$119, 8, False) -> 33 | AX30: =if(AR30>0, (AR30/(AR30+AW30)), "") -> 0.35294118 | AY30: Game 6 | AZ30: =if(BG30>0, "Yes", "") -> Yes | BA30: =if(AZ30="Yes", vlookup(AY$1, 'Week 6'!$A$1:$H$119, 5, False), "") -> Win | BB30: =vlookup(AY24, 'Week 6'!$A$2:$H$119, 3, False) -> 16 | BC30: =vlookup(AY24, 'Week 6'!$A$2:$H$119, 6, False) -> 6 | BD30: =vlookup(AY24, 'Week 6'!$A$2:$H$119, 7, False) -> 0 | BE30: =vlookup(AY24, 'Week 6'!$A$2:$H$119, 4, False) -> 9 | BF30: =vlookup(AY24, 'Week 6'!$A$2:$H$119, 5, False) -> 1 | BG30: =vlookup(AY24, 'Week 6'!$A$2:$H$119, 8, False) -> 25 | BH30: =if(BB30>0, (BB30/(BB30+BG30)), "") -> 0.3902439
A31: Game 7 | B31: =if(I31>0, "Yes", "") -> Yes | C31: =if(B31="Yes", vlookup(A$1, 'Week 7'!$A$1:$H$119, 5, False), "") -> Win | D31: =vlookup(A24, 'Week 7'!$A$2:$H$119, 3, False) -> 17 | E31: =vlookup(A24, 'Week 7'!$A$2:$H$119, 6, False) -> 3 | F31: =vlookup(A24, 'Week 7'!$A$2:$H$119, 7, False) -> 2 | G31: =vlookup(A24, 'Week 7'!$A$2:$H$119, 4, False) -> 11 | H31: =vlookup(A24, 'Week 7'!$A$2:$H$119, 5, False) -> 1 | I31: =vlookup(A24, 'Week 7'!$A$2:$H$119, 8, False) -> 29 | J31: =if(D31>0, (D31/(D31+I31)), "") -> 0.36956522 | K31: Game 7 | L31: =if(S31>0, "Yes", "") -> #N/A | M31: =if(L31="Yes", vlookup(K$1, 'Week 7'!$A$1:$H$119, 5, False), "") -> #N/A | N31: =vlookup(K24, 'Week 7'!$A$2:$H$119, 3, False) -> #N/A | O31: =vlookup(K24, 'Week 7'!$A$2:$H$119, 6, False) -> #N/A | P31: =vlookup(K24, 'Week 7'!$A$2:$H$119, 7, False) -> #N/A | Q31: =vlookup(K24, 'Week 7'!$A$2:$H$119, 4, False) -> #N/A | R31: =vlookup(K24, 'Week 7'!$A$2:$H$119, 5, False) -> #N/A | S31: =vlookup(K24, 'Week 7'!$A$2:$H$119, 8, False) -> #N/A | T31: =if(N31>0, (N31/(N31+S31)), "") -> #N/A | U31: Game 7 | V31: =if(AC31>0, "Yes", "") -> #N/A | W31: =if(V31="Yes", vlookup(U$1, 'Week 7'!$A$1:$H$119, 5, False), "") -> #N/A | X31: =vlookup(U24, 'Week 7'!$A$2:$H$119, 3, False) -> #N/A | Y31: =vlookup(U24, 'Week 7'!$A$2:$H$119, 6, False) -> #N/A | Z31: =vlookup(U24, 'Week 7'!$A$2:$H$119, 7, False) -> #N/A | AA31: =vlookup(U24, 'Week 7'!$A$2:$H$119, 4, False) -> #N/A | AB31: =vlookup(U24, 'Week 7'!$A$2:$H$119, 5, False) -> #N/A | AC31: =vlookup(U24, 'Week 7'!$A$2:$H$119, 8, False) -> #N/A | AD31: =if(X31>0, (X31/(X31+AC31)), "") -> #N/A | AE31: Game 7 | AF31: =if(AM31>0, "Yes", "") | AG31: =if(AF31="Yes", vlookup(AE$1, 'Week 7'!$A$1:$H$119, 5, False), "") | AH31: =vlookup(AE24, 'Week 7'!$A$2:$H$119, 3, False) | AI31: =vlookup(AE24, 'Week 7'!$A$2:$H$119, 6, False) | AJ31: =vlookup(AE24, 'Week 7'!$A$2:$H$119, 7, False) | AK31: =vlookup(AE24, 'Week 7'!$A$2:$H$119, 4, False) | AL31: =vlookup(AE24, 'Week 7'!$A$2:$H$119, 5, False) | AM31: =vlookup(AE24, 'Week 7'!$A$2:$H$119, 8, False) | AN31: =if(AH31>0, (AH31/(AH31+AM31)), "") -> #DIV/0! | AO31: Game 7 | AP31: =if(AW31>0, "Yes", "") -> Yes | AQ31: =if(AP31="Yes", vlookup(AO$1, 'Week 7'!$A$1:$H$119, 5, False), "") -> Loss | AR31: =vlookup(AO24, 'Week 7'!$A$2:$H$119, 3, False) -> 14 | AS31: =vlookup(AO24, 'Week 7'!$A$2:$H$119, 6, False) -> 9 | AT31: =vlookup(AO24, 'Week 7'!$A$2:$H$119, 7, False) -> 0 | AU31: =vlookup(AO24, 'Week 7'!$A$2:$H$119, 4, False) -> 4 | AV31: =vlookup(AO24, 'Week 7'!$A$2:$H$119, 5, False) -> 1 | AW31: =vlookup(AO24, 'Week 7'!$A$2:$H$119, 8, False) -> 25 | AX31: =if(AR31>0, (AR31/(AR31+AW31)), "") -> 0.35897436 | AY31: Game 7 | AZ31: =if(BG31>0, "Yes", "") -> Yes | BA31: =if(AZ31="Yes", vlookup(AY$1, 'Week 7'!$A$1:$H$119, 5, False), "") -> Win | BB31: =vlookup(AY24, 'Week 7'!$A$2:$H$119, 3, False) -> 18 | BC31: =vlookup(AY24, 'Week 7'!$A$2:$H$119, 6, False) -> 2 | BD31: =vlookup(AY24, 'Week 7'!$A$2:$H$119, 7, False) -> 2 | BE31: =vlookup(AY24, 'Week 7'!$A$2:$H$119, 4, False) -> 12 | BF31: =vlookup(AY24, 'Week 7'!$A$2:$H$119, 5, False) -> 2 | BG31: =vlookup(AY24, 'Week 7'!$A$2:$H$119, 8, False) -> 22 | BH31: =if(BB31>0, (BB31/(BB31+BG31)), "") -> 0.45
A32: Game 8 | B32: =if(I32>0, "Yes", "") | C32: =if(B32="Yes", vlookup(A$1, 'Week 1'!$A$1:$H$119, 5, False), "") | K32: Game 8 | L32: =if(S32>0, "Yes", "") | M32: =if(L32="Yes", vlookup(K$1, 'Week 1'!$A$1:$H$119, 5, False), "") | U32: Game 8 | V32: =if(AC32>0, "Yes", "") | W32: =if(V32="Yes", vlookup(U$1, 'Week 1'!$A$1:$H$119, 5, False), "") | AE32: Game 8 | AF32: =if(AM32>0, "Yes", "") | AG32: =if(AF32="Yes", vlookup(AE$1, 'Week 1'!$A$1:$H$119, 5, False), "") | AO32: Game 8 | AP32: =if(AW32>0, "Yes", "") | AQ32: =if(AP32="Yes", vlookup(AO$1, 'Week 1'!$A$1:$H$119, 5, False), "") | AY32: Game 8 | AZ32: =if(BG32>0, "Yes", "") | BA32: =if(AZ32="Yes", vlookup(AY$1, 'Week 1'!$A$1:$H$119, 5, False), "")
A33: Game 9 | B33: =if(I33>0, "Yes", "") | C33: =if(B33="Yes", vlookup(A$1, 'Week 1'!$A$1:$H$119, 5, False), "") | K33: Game 9 | L33: =if(S33>0, "Yes", "") | M33: =if(L33="Yes", vlookup(K$1, 'Week 1'!$A$1:$H$119, 5, False), "") | U33: Game 9 | V33: =if(AC33>0, "Yes", "") | W33: =if(V33="Yes", vlookup(U$1, 'Week 1'!$A$1:$H$119, 5, False), "") | AE33: Game 9 | AF33: =if(AM33>0, "Yes", "") | AG33: =if(AF33="Yes", vlookup(AE$1, 'Week 1'!$A$1:$H$119, 5, False), "") | AO33: Game 9 | AP33: =if(AW33>0, "Yes", "") | AQ33: =if(AP33="Yes", vlookup(AO$1, 'Week 1'!$A$1:$H$119, 5, False), "") | AY33: Game 9 | AZ33: =if(BG33>0, "Yes", "") | BA33: =if(AZ33="Yes", vlookup(AY$1, 'Week 1'!$A$1:$H$119, 5, False), "")
A34: average | B34: =countif(B25:B33, "Yes") -> 5 | C34: =countif(C25:C33, "Win")/(countif(C25:C33, "Win")+countif(C25:C33, "Loss")) -> 0.4 | D34: =average(D25:D33) -> 18 | E34: =average(E25:E33) -> 6.4 | F34: =average(F25:F33) -> 0.8 | G34: =average(G25:G33) -> 9.2 | H34: =average(H25:H33) -> 1.6 | I34: =average(I25:I33) -> 25.6 | J34: =D34/(I34+D34) -> 0.41284404 | K34: average | L34: =countif(L25:L33, "Yes") -> 0 | M34: =countif(M25:M33, "Win")/(countif(M25:M33, "Win")+countif(M25:M33, "Loss")) -> #DIV/0! | N34: =average(N25:N33) -> #N/A | O34: =average(O25:O33) -> #N/A | P34: =average(P25:P33) -> #N/A | Q34: =average(Q25:Q33) -> #N/A | R34: =average(R25:R33) -> #N/A | S34: =average(S25:S33) -> #N/A | T34: =N34/(S34+N34) -> #N/A | U34: average | V34: =countif(V25:V33, "Yes") -> 0 | W34: =countif(W25:W33, "Win")/(countif(W25:W33, "Win")+countif(W25:W33, "Loss")) -> #DIV/0! | X34: =average(X25:X33) -> #N/A | Y34: =average(Y25:Y33) -> #N/A | Z34: =average(Z25:Z33) -> #N/A | AA34: =average(AA25:AA33) -> #N/A | AB34: =average(AB25:AB33) -> #N/A | AC34: =average(AC25:AC33) -> #N/A | AD34: =X34/(AC34+X34) -> #N/A | AE34: average | AF34: =countif(AF25:AF33, "Yes") -> 6 | AG34: =countif(AG25:AG33, "Win")/(countif(AG25:AG33, "Win")+countif(AG25:AG33, "Loss")) -> 0.83333333 | AH34: =average(AH25:AH33) -> 17 | AI34: =average(AI25:AI33) -> 6.5 | AJ34: =average(AJ25:AJ33) -> 1.5 | AK34: =average(AK25:AK33) -> 7.5 | AL34: =average(AL25:AL33) -> 1.5 | AM34: =average(AM25:AM33) -> 27.166667 | AN34: =AH34/(AM34+AH34) -> 0.38490566 | AO34: average | AP34: =countif(AP25:AP33, "Yes") -> 7 | AQ34: =countif(AQ25:AQ33, "Win")/(countif(AQ25:AQ33, "Win")+countif(AQ25:AQ33, "Loss")) -> 0.14285714 | AR34: =average(AR25:AR33) -> 14.142857 | AS34: =average(AS25:AS33) -> 5.1428571 | AT34: =average(AT25:AT33) -> 0.14285714 | AU34: =average(AU25:AU33) -> 8.2857143 | AV34: =average(AV25:AV33) -> 0.57142857 | AW34: =average(AW25:AW33) -> 28.571429 | AX34: =AR34/(AW34+AR34) -> 0.33110368 | AY34: average | AZ34: =countif(AZ25:AZ33, "Yes") -> 6 | BA34: =countif(BA25:BA33, "Win")/(countif(BA25:BA33, "Win")+countif(BA25:BA33, "Loss")) -> 0.83333333 | BB34: =average(BB25:BB33) -> 15.5 | BC34: =average(BC25:BC33) -> 5.6666667 | BD34: =average(BD25:BD33) -> 0.33333333 | BE34: =average(BE25:BE33) -> 8.8333333 | BF34: =average(BF25:BF33) -> 0.66666667 | BG34: =average(BG25:BG33) -> 26 | BH34: =BB34/(BG34+BB34) -> 0.37349398
A35: =Draft!B48 -> Marmo | B35: =B45 -> 7 | C35: =C45 -> 0.42857143 | D35: =D45 -> 18.571429 | E35: =E45 -> 15.857143 | F35: =F45 -> 0.57142857 | G35: =G45 -> 2 | H35: =H45 -> 0.14285714 | I35: =I45 -> 25.571429 | J35: =J45 -> 0.42071197 | K35: =Draft!C48 -> Sonne | L35: =L45 -> 4 | M35: =M45 -> 0.75 | N35: =N45 -> 12.5 | O35: =O45 -> 7 | P35: =P45 -> 0 | Q35: =Q45 -> 4.5 | R35: =R45 -> 1 | S35: =S45 -> 25.25 | T35: =T45 -> 0.33112583 | U35: =Draft!D48 -> Madams | V35: =V45 -> 7 | W35: =W45 -> 0.28571429 | X35: =X45 -> 15.285714 | Y35: =Y45 -> 8.2857143 | Z35: =Z45 -> 1 | AA35: =AA45 -> 5.1428571 | AB35: =AB45 -> 0.85714286 | AC35: =AC45 -> 28.428571 | AD35: =AD45 -> 0.3496732 | AE35: =Draft!E48 -> Arnav | AF35: =AF45 -> 7 | AG35: =AG45 -> 0.71428571 | AH35: =AH45 -> 16.571429 | AI35: =AI45 -> 5.8571429 | AJ35: =AJ45 -> 1.7142857 | AK35: =AK45 -> 7.7142857 | AL35: =AL45 -> 1.2857143 | AM35: =AM45 -> 28 | AN35: =AN45 -> 0.37179487 | AO35: =Draft!F48 -> Rockett | AP35: =AP45 -> 6 | AQ35: =AQ45 -> 0.16666667 | AR35: =AR45 -> 14 | AS35: =AS45 -> 5 | AT35: =AT45 -> 0.66666667 | AU35: =AU45 -> 7 | AV35: =AV45 -> 1.3333333 | AW35: =AW45 -> 29.5 | AX35: =AX45 -> 0.32183908 | AY35: =Draft!G48 -> Schmid | AZ35: =AZ45 -> 7 | BA35: =BA45 -> 0.71428571 | BB35: =BB45 -> 24.571429 | BC35: =BC45 -> 16.571429 | BD35: =BD45 -> 2.7142857 | BE35: =BE45 -> 4.7142857 | BF35: =BF45 -> 0.57142857 | BG35: =BG45 -> 23.571429 | BH35: =BH45 -> 0.51038576
