Workbook

Sheet General Info
A1: Example Schedule | B1: Date | D1: Bylaws
A2: Draft | B2: 45896 | E2: Members
A3: Game 1 | B3: August 30th/31st | F3: =Draft!B24 -> Gargantuan | G3: =Draft!C24 -> Team C | H3: =Draft!D24 -> Candice? | I3: =Draft!E24 -> Team E | J3: =Draft!F24 -> Migos | K3: =Draft!G24 -> Team F
A4: Game 2 | B4: September 6th/7th | E4: Captain | F4: =Draft!B25 -> Tyler | G4: =Draft!C25 -> Du | H4: =Draft!D25 -> John | I4: =Draft!E25 -> Guel | J4: =Draft!F25 -> Arnav | K4: =Draft!G25 -> Jay
A5: Combine | E5: Keeper | F5: =Draft!B26 -> Lucas | G5: =Draft!C26 -> Neo | H5: =Draft!D26 -> Cole | I5: =Draft!E26 -> Pasha | J5: =Draft!F26 -> Brendan | K5: =Draft!G26 -> Schmid
A6: Game 3 | B6: September 13th/14th | E6: Pick 1 | F6: =Draft!B27 -> Porco | G6: =Draft!C27 -> Fritz | H6: =Draft!D27 -> Dannegger | I6: =Draft!E27 -> Yost | J6: =Draft!F27 -> Kumbatovic | K6: =Draft!G27 -> DC
A7: Pledge Draft | E7: Pick 2 | F7: =Draft!B28 -> Andy Yu | G7: =Draft!C28 -> Eric | H7: =Draft!D28 -> KZ | I7: =Draft!E28 -> Sean | J7: =Draft!F28 -> Paul | K7: =Draft!G28 -> Steven
A8: Game 4 | B8: September 20th/21st | E8: Pick 3 | F8: =Draft!B29 -> Dli | G8: =Draft!C29 -> Ilt | H8: =Draft!D29 -> Adi | I8: =Draft!E29 -> Samos | J8: =Draft!F29 -> Raymond | K8: =Draft!G29 -> Dave
A9: Game 5 | B9: September 27th/28th | E9: Pick 4 | F9: =Draft!B30 -> Somil | G9: =Draft!C30 -> Matvey | H9: =Draft!D30 -> Gavin | I9: =Draft!E30 -> Soho | J9: =Draft!F30 -> TC | K9: =Draft!G30 -> Lulu
A10: Game 6 | B10: October 4th/5th | E10: Pick 5 | F10: =Draft!B31 -> VIshal | G10: =Draft!C31 -> James | H10: =Draft!D31 -> David | I10: =Draft!E31 -> Haldar | J10: =Draft!F31 -> Kyi | K10: =Draft!G31 -> Will
A11: Bye Week | B11: October 11th | E11: Pick 6 | F11: Sam | G11: Sebastian | H11: Kento | I11: =Draft!E32 -> Dji | J11: =Draft!F32 -> Jwu | K11: =Draft!G32 -> Hershey
A12: Bye Week | B12: October 18th | E12: Pick 7 | F12: Charlie | G12: Erik | H12: Jacob | I12: Lubke | J12: Parker | K12: Byun
A13: Game 7 | B13: October 25th/26th | E13: Pick 8 | F13: Daniel | G13: Jack | H13: =Draft!D34 | I13: David (pledge) | J13: Henry | K13: Ted
A14: Semifinals (1) | B14: November 1st/2nd | E14: Pick 9 | F14: =Draft!B35 | G14: =Draft!C35 | H14: =Draft!D35 | I14: Will | J14: Ayush | K14: Gio
A15: Semifinals (2/3) | B15: November 8th/9th | E15: Pledge 1 | F15: =Draft!B36 | G15: =Draft!C36 | H15: =Draft!D36 | I15: =Draft!E36 | J15: =Draft!F36 | K15: =Draft!G36
A16: Finals | B16: November 15th/16th | E16: Pledge 2
E17: Pledge 3
E18: Pledge 4

Sheet Draft
A1: Draft Sheet | B1: Bank
A12: Captain | B12: Tyler | C12: Du | D12: John | E12: Guel | F12: Arnav | G12: Jay | I12: Current Trades
A13: Keeper | B13: Lucas | C13: Neo | D13: Cole | E13: Pasha | F13: Brendan | G13: Schmid
A14: 1st Round | B14: Porco | C14: Fritz | D14: Dannegger | E14: Yost | F14: Kumbatovic | G14: DC
A15: 2nd Round | B15: Andy Yu | C15: Dli | D15: KZ | E15: Sean | F15: Paul | G15: Steven
A16: 3rd Round | B16: Somil | C16: Eric | D16: Vishal | E16: Samos | F16: Raymond | G16: Dave
A17: 4th Round | B17: ilt | C17: Matvey | D17: Adi | E17: Soho | F17: TC | G17: Lulu
A18: 5th Round | B18: Gavin | C18: James | D18: David | E18: Haldar | F18: Kyi | G18: Will | I18: Future Trades:
A19: 6th Round | E19: Dji | F19: Jwu | G19: Hershey
A20: 7th Round
A21: 8th Round
A23: Teams
B24: Gargantuan | C24: Team C | D24: Candice? | E24: Team E | F24: Migos | G24: Team F
A25: Captain | B25: Tyler | C25: Du | D25: John | E25: Guel | F25: Arnav | G25: Jay
A26: Keeper | B26: Lucas | C26: Neo | D26: Cole | E26: Pasha | F26: Brendan | G26: Schmid
A27: Pick 1 | B27: Porco | C27: Fritz | D27: Dannegger | E27: Yost | F27: Kumbatovic | G27: DC
A28: Pick 2 | B28: Andy Yu | C28: Eric | D28: KZ | E28: Sean | F28: Paul | G28: Steven
A29: Pick 3 | B29: Dli | C29: Ilt | D29: Adi | E29: Samos | F29: Raymond | G29: Dave
A30: Pick 4 | B30: Somil | C30: Matvey | D30: Gavin | E30: Soho | F30: TC | G30: Lulu
A31: Pick 5 | B31: VIshal | C31: James | D31: David | E31: Haldar | F31: Kyi | G31: Will
A32: Pick 6 | B32: Sam | C32: Sebastian | D32: Kento | E32: Dji | F32: Jwu | G32: Hershey
A33: Pick 7 | B33: Charlie | C33: Erik | D33: Jacob | E33: Lubke | F33: Parker | G33: Byun
A34: Pick 8 | B34: Daniel | C34: Jack | E34: David (pledge) | F34: Henry | G34: Ted
A35: Pick 9 | E35: Will | F35: Ayush | G35: Gio
A37: Pledge Draft | B37: Bank
A44: Teams
B45: =B24 -> Gargantuan | C45: =C24 -> Team C | D45: =D24 -> Candice? | E45: =E24 -> Team E | F45: =F24 -> Migos | G45: =G24 -> Team F
A46: Captain | B46: Tyler | C46: Du | D46: John | E46: Guel | F46: Arnav | G46: Jay
A48: 1 | B48: Lucas | C48: Neo | D48: Cole | E48: Pasha | F48: Blark | G48: Schmid
A49: =A48+1 -> 2 | B49: Porco | C49: Fritz | D49: Dannegger | E49: Yost | F49: Kumba | G49: DC
A50: =A49+1 -> 3 | B50: Andy Yu | C50: Eric | D50: KZ | E50: Sean | F50: Paul | G50: Steven
A51: =A50+1 -> 4 | B51: Dli | C51: Ilt | D51: Adi | E51: Samos | F51: Raymond | G51: Dave
A52: =A51+1 -> 5 | B52: Somil | C52: Matvey | D52: Gavin | E52: Soho | F52: TC | G52: Lulu
A53: =A52+1 -> 6 | B53: Vishal | C53: James | D53: DPJ | E53: Haldar | F53: Kyi | G53: Will Blankenship
A54: =A53+1 -> 7 | B54: Sam Ram | C54: Sebastian F | D54: Kento | E54: Dji | F54: Jwu | G54: Hershey
A55: =A54+1 -> 8 | B55: Chubbs | C55: Erik | D55: Jacob | E55: Luebke | F55: Parker
A56: =A55+1 -> 9 | B56: Daniel Mas | C56: Jack Flori | E56: David Cerrato | F56: Henry | G56: Ted
A57: =A56+1 -> 10 | E57: Will He | F57: Ayush | G57: Gio
A58: =A57+1 -> 11

Sheet Team Stats
A1: =Draft!B25 -> Tyler | G1: =Draft!D25 -> John | M1: **edit this column
A2: =Draft!B24 -> Gargantuan | B2: Opponent | C2: Home/Away | D2: Result | E2: Margin | G2: =Draft!D24 -> Candice? | H2: Opponent | I2: Home/Away | J2: Result | K2: Margin
A3: Game 1 | B3: =VLOOKUP(A2, 'Full Schedule'!$A$3:$B$9, 2, False) -> Team E | C3: =if(match(A2, 'Full Schedule'!$A$3:$A$8, 0)<4, "Home", "Away") -> Away | D3: =if('Week 1'!$A$1=A2, 'Week 1'!$F$1, if('Week 1'!$K$1=A2, 'Week 1'!$P$1, if('Week 1'!$A$21=A2, 'Week 1'!$F$21, if('Week 1'!$K$21=A2, 'Week 1'!$P$21, if('Week 1'!$A$41=A2, 'Week 1'!$F$41, if('Week 1'!$K$41=A2, 'Week 1'!$P$41)))))) -> Loss | E3: =if('Week 1'!$A$1=A2, 'Week 1'!$I$1, if('Week 1'!$K$1=A2, 'Week 1'!$S$1, if('Week 1'!$A$21=A2, 'Week 1'!$I$21, if('Week 1'!$K$21=A2, 'Week 1'!$S$21, if('Week 1'!$A$41=A2, 'Week 1'!$I$41, if('Week 1'!$K$41=A2, 'Week 1'!$S$41)))))) -> -1 | G3: Game 1 | H3: =VLOOKUP(G2, 'Full Schedule'!$A$3:$B$9, 2, False) -> Migos | I3: =if(match(G2, 'Full Schedule'!$A$3:$A$8, 0)<4, "Home", "Away") -> Home | J3: =if('Week 1'!$A$1=G2, 'Week 1'!$F$1, if('Week 1'!$K$1=G2, 'Week 1'!$P$1, if('Week 1'!$A$21=G2, 'Week 1'!$F$21, if('Week 1'!$K$21=G2, 'Week 1'!$P$21, if('Week 1'!$A$41=G2, 'Week 1'!$F$41, if('Week 1'!$K$41=G2, 'Week 1'!$P$41)))))) -> Win | K3: =if('Week 1'!$A$1=G2, 'Week 1'!$I$1, if('Week 1'!$K$1=G2, 'Week 1'!$S$1, if('Week 1'!$A$21=G2, 'Week 1'!$I$21, if('Week 1'!$K$21=G2, 'Week 1'!$S$21, if('Week 1'!$A$41=G2, 'Week 1'!$I$41, if('Week 1'!$K$41=G2, 'Week 1'!$S$41)))))) -> 11
A4: Game 2 | B4: =vlookup(A2, 'Full Schedule'!$C$3:$D$8, 2, False) -> Candice? | C4: =if(match(A2, 'Full Schedule'!$C$3:$C$8, 0)<4, "Home", "Away") -> Home | D4: =if('Week 2'!$A$1=A2, 'Week 2'!$F$1, if('Week 2'!$K$1=A2, 'Week 2'!$P$1, if('Week 2'!$A$21=A2, 'Week 2'!$F$21, if('Week 2'!$K$21=A2, 'Week 2'!$P$21, if('Week 2'!$A$41=A2, 'Week 2'!$F$41, if('Week 2'!$K$41=A2, 'Week 2'!$P$41)))))) -> Loss | E4: =if('Week 2'!$A$1=A2, 'Week 2'!$I$1, if('Week 2'!$K$1=A2, 'Week 2'!$S$1, if('Week 2'!$A$21=A2, 'Week 2'!$I$21, if('Week 2'!$K$21=A2, 'Week 2'!$S$21, if('Week 2'!$A$41=A2, 'Week 2'!$I$41, if('Week 2'!$K$41=A2, 'Week 2'!$S$41)))))) -> -19 | G4: Game 2 | H4: =vlookup(G2, 'Full Schedule'!$C$3:$D$8, 2, False) -> Gargantuan | I4: =if(match(G2, 'Full Schedule'!$C$3:$C$8, 0)<4, "Home", "Away") -> Away | J4: =if('Week 2'!$A$1=G2, 'Week 2'!$F$1, if('Week 2'!$K$1=G2, 'Week 2'!$P$1, if('Week 2'!$A$21=G2, 'Week 2'!$F$21, if('Week 2'!$K$21=G2, 'Week 2'!$P$21, if('Week 2'!$A$41=G2, 'Week 2'!$F$41, if('Week 2'!$K$41=G2, 'Week 2'!$P$41)))))) -> Win | K4: =if('Week 2'!$A$1=G2, 'Week 2'!$I$1, if('Week 2'!$K$1=G2, 'Week 2'!$S$1, if('Week 2'!$A$21=G2, 'Week 2'!$I$21, if('Week 2'!$K$21=G2, 'Week 2'!$S$21, if('Week 2'!$A$41=G2, 'Week 2'!$I$41, if('Week 2'!$K$41=G2, 'Week 2'!$S$41)))))) -> 19
A5: Game 3 | B5: =vlookup(A2, 'Full Schedule'!$E$3:$F$8, 2, False) -> Migos | C5: =if(match(A2, 'Full Schedule'!$E$3:$E$8, 0)<4, "Home", "Away") -> Away | D5: =if('Week 3'!$A$1=A2, 'Week 3'!$F$1, if('Week 3'!$K$1=A2, 'Week 3'!$P$1, if('Week 3'!$A$21=A2, 'Week 3'!$F$21, if('Week 3'!$K$21=A2, 'Week 3'!$P$21, if('Week 3'!$A$41=A2, 'Week 3'!$F$41, if('Week 3'!$K$41=A2, 'Week 3'!$P$41)))))) -> Loss | E5: =if('Week 3'!$A$1=A2, 'Week 3'!$I$1, if('Week 3'!$K$1=A2, 'Week 3'!$S$1, if('Week 3'!$A$21=A2, 'Week 3'!$I$21, if('Week 3'!$K$21=A2, 'Week 3'!$S$21, if('Week 3'!$A$41=A2, 'Week 3'!$I$41, if('Week 3'!$K$41=A2, 'Week 3'!$S$41)))))) -> -6 | G5: Game 3 | H5: =vlookup(G2, 'Full Schedule'!$E$3:$F$8, 2, False) -> Team F | I5: =if(match(G2, 'Full Schedule'!$E$3:$E$8, 0)<4, "Home", "Away") -> Away | J5: =if('Week 3'!$A$1=G2, 'Week 3'!$F$1, if('Week 3'!$K$1=G2, 'Week 3'!$P$1, if('Week 3'!$A$21=G2, 'Week 3'!$F$21, if('Week 3'!$K$21=G2, 'Week 3'!$P$21, if('Week 3'!$A$41=G2, 'Week 3'!$F$41, if('Week 3'!$K$41=G2, 'Week 3'!$P$41)))))) -> Win | K5: =if('Week 3'!$A$1=G2, 'Week 3'!$I$1, if('Week 3'!$K$1=G2, 'Week 3'!$S$1, if('Week 3'!$A$21=G2, 'Week 3'!$I$21, if('Week 3'!$K$21=G2, 'Week 3'!$S$21, if('Week 3'!$A$41=G2, 'Week 3'!$I$41, if('Week 3'!$K$41=G2, 'Week 3'!$S$41)))))) -> 21 | M5: West
A6: Game 4 | B6: =vlookup(A2, 'Full Schedule'!$G$3:$H$8, 2, False) -> Candice? | C6: =if(match(A2, 'Full Schedule'!$G$3:$G$8, 0)<4, "Home", "Away") -> Away | D6: =if('Week 4'!$A$1=A2, 'Week 4'!$F$1, if('Week 4'!$K$1=A2, 'Week 4'!$P$1, if('Week 4'!$A$21=A2, 'Week 4'!$F$21, if('Week 4'!$K$21=A2, 'Week 4'!$P$21, if('Week 4'!$A$41=A2, 'Week 4'!$F$41, if('Week 4'!$K$41=A2, 'Week 4'!$P$41)))))) -> Win | E6: =if('Week 4'!$A$1=A2, 'Week 4'!$I$1, if('Week 4'!$K$1=A2, 'Week 4'!$S$1, if('Week 4'!$A$21=A2, 'Week 4'!$I$21, if('Week 4'!$K$21=A2, 'Week 4'!$S$21, if('Week 4'!$A$41=A2, 'Week 4'!$I$41, if('Week 4'!$K$41=A2, 'Week 4'!$S$41)))))) -> 3 | G6: Game 4 | H6: =vlookup(G2, 'Full Schedule'!$G$3:$H$8, 2, False) -> Gargantuan | I6: =if(match(G2, 'Full Schedule'!$G$3:$G$8, 0)<4, "Home", "Away") -> Home | J6: =if('Week 4'!$A$1=G2, 'Week 4'!$F$1, if('Week 4'!$K$1=G2, 'Week 4'!$P$1, if('Week 4'!$A$21=G2, 'Week 4'!$F$21, if('Week 4'!$K$21=G2, 'Week 4'!$P$21, if('Week 4'!$A$41=G2, 'Week 4'!$F$41, if('Week 4'!$K$41=G2, 'Week 4'!$P$41)))))) -> Loss | K6: =if('Week 4'!$A$1=G2, 'Week 4'!$I$1, if('Week 4'!$K$1=G2, 'Week 4'!$S$1, if('Week 4'!$A$21=G2, 'Week 4'!$I$21, if('Week 4'!$K$21=G2, 'Week 4'!$S$21, if('Week 4'!$A$41=G2, 'Week 4'!$I$41, if('Week 4'!$K$41=G2, 'Week 4'!$S$41)))))) -> -3 | N6: Record | O6: Win % | P6: Margin
A7: Game 5 | B7: =vlookup(A2, 'Full Schedule'!$I$3:$J$8, 2, False) -> Migos | C7: =if(match(A2, 'Full Schedule'!$I$3:$I$8, 0)<4, "Home", "Away") -> Home | D7: =if('Week 5'!$A$1=A2, 'Week 5'!$F$1, if('Week 5'!$K$1=A2, 'Week 5'!$P$1, if('Week 5'!$A$21=A2, 'Week 5'!$F$21, if('Week 5'!$K$21=A2, 'Week 5'!$P$21, if('Week 5'!$A$41=A2, 'Week 5'!$F$41, if('Week 5'!$K$41=A2, 'Week 5'!$P$41)))))) -> Loss | E7: =if('Week 5'!$A$1=A2, 'Week 5'!$I$1, if('Week 5'!$K$1=A2, 'Week 5'!$S$1, if('Week 5'!$A$21=A2, 'Week 5'!$I$21, if('Week 5'!$K$21=A2, 'Week 5'!$S$21, if('Week 5'!$A$41=A2, 'Week 5'!$I$41, if('Week 5'!$K$41=A2, 'Week 5'!$S$41)))))) -> -5 | G7: Game 5 | H7: =vlookup(G2, 'Full Schedule'!$I$3:$J$8, 2, False) -> Team E | I7: =if(match(G2, 'Full Schedule'!$I$3:$I$8, 0)<4, "Home", "Away") -> Home | J7: =if('Week 5'!$A$1=G2, 'Week 5'!$F$1, if('Week 5'!$K$1=G2, 'Week 5'!$P$1, if('Week 5'!$A$21=G2, 'Week 5'!$F$21, if('Week 5'!$K$21=G2, 'Week 5'!$P$21, if('Week 5'!$A$41=G2, 'Week 5'!$F$41, if('Week 5'!$K$41=G2, 'Week 5'!$P$41)))))) -> Loss | K7: =if('Week 5'!$A$1=G2, 'Week 5'!$I$1, if('Week 5'!$K$1=G2, 'Week 5'!$S$1, if('Week 5'!$A$21=G2, 'Week 5'!$I$21, if('Week 5'!$K$21=G2, 'Week 5'!$S$21, if('Week 5'!$A$41=G2, 'Week 5'!$I$41, if('Week 5'!$K$41=G2, 'Week 5'!$S$41)))))) -> -1 | M7: =A15 -> Team C | N7: 45691 | O7: =if($M7=$A$2, D$12, if($M7=$G$2, J$12, if($M7=$A$15, D$25, if($M7=$G$15, J$25, if($M7=$A$28, D$38, if($M7=$G$28, J$38)))))) -> 0.42857143 | P7: =if($M7=$A$2, E$12, if($M7=$G$2, K$12, if($M7=$A$15, E$25, if($M7=$G$15, K$25, if($M7=$A$28, E$38, if($M7=$G$28, K$38)))))) -> -40
A8: Game 6 | B8: =vlookup(A2, 'Full Schedule'!$K$3:$L$8, 2, False) -> Team C | C8: =if(match(A2, 'Full Schedule'!$K$3:$K$8, 0)<4, "Home", "Away") -> Home | D8: =if('Week 6'!$A$1=A2, 'Week 6'!$F$1, if('Week 6'!$K$1=A2, 'Week 6'!$P$1, if('Week 6'!$A$21=A2, 'Week 6'!$F$21, if('Week 6'!$K$21=A2, 'Week 6'!$P$21, if('Week 6'!$A$41=A2, 'Week 6'!$F$41, if('Week 6'!K$41=A2, 'Week 6'!$P$41)))))) -> Win | E8: =if('Week 6'!$A$1=A2, 'Week 6'!$I$1, if('Week 6'!$K$1=A2, 'Week 6'!$S$1, if('Week 6'!$A$21=A2, 'Week 6'!$I$21, if('Week 6'!$K$21=A2, 'Week 6'!$S$21, if('Week 6'!$A$41=A2, 'Week 6'!$I$41, if('Week 6'!$K$41=A2, 'Week 6'!$S$41)))))) -> 6 | G8: Game 6 | H8: =vlookup(G2, 'Full Schedule'!$K$3:$L$8, 2, False) -> Migos | I8: =if(match(G2, 'Full Schedule'!$K$3:$K$8, 0)<4, "Home", "Away") -> Away | J8: =if('Week 6'!$A$1=G2, 'Week 6'!$F$1, if('Week 6'!$K$1=G2, 'Week 6'!$P$1, if('Week 6'!$A$21=G2, 'Week 6'!$F$21, if('Week 6'!$K$21=G2, 'Week 6'!$P$21, if('Week 6'!$A$41=G2, 'Week 6'!$F$41, if('Week 6'!$K$41=G2, 'Week 6'!$P$41)))))) -> Loss | K8: =if('Week 6'!$A$1=G2, 'Week 6'!$I$1, if('Week 6'!$K$1=G2, 'Week 6'!$S$1, if('Week 6'!$A$21=G2, 'Week 6'!$I$21, if('Week 6'!$K$21=G2, 'Week 6'!$S$21, if('Week 6'!$A$41=G2, 'Week 6'!$I$41, if('Week 6'!$K$41=G2, 'Week 6'!$S$41)))))) -> -1 | M8: =Draft!E24 -> Team E | N8: 45719 | O8: =if($M8=$A$2, D$12, if($M8=$G$2, J$12, if($M8=$A$15, D$25, if($M8=$G$15, J$25, if($M8=$A$28, D$38, if($M8=$G$28, J$38)))))) -> 0.5 | P8: =if($M8=$A$2, E$12, if($M8=$G$2, K$12, if($M8=$A$15, E$25, if($M8=$G$15, K$25, if($M8=$A$28, E$38, if($M8=$G$28, K$38)))))) -> -3
A9: Game 7 | B9: =vlookup(A2, 'Full Schedule'!$M$3:$N$8, 2, False) -> Team F | C9: Split | D9: =if('Week 7'!$A$1=A2, 'Week 7'!$F1, if('Week 7'!$K$1=A2, 'Week 7'!$P$1, if('Week 7'!$A$21=A2, 'Week 7'!$F$21, if('Week 7'!$K$21=A2, 'Week 7'!$P$21, if('Week 7'!$A$41=A2, 'Week 7'!$F$41, if('Week 7'!$K$41=A2, 'Week 7'!$P$41)))))) -> Win | E9: =if('Week 7'!$A$1=A2, 'Week 7'!$I$1, if('Week 7'!$K$1=A2, 'Week 7'!$S$1, if('Week 7'!$A$21=A2, 'Week 7'!$I$21, if('Week 7'!$K$21=A2, 'Week 7'!$S$21, if('Week 7'!$A$41=A2, 'Week 7'!$I$41, if('Week 7'!$K$41=A2, 'Week 7'!$S$41)))))) -> 1 | G9: Game 7 | H9: =vlookup(G2, 'Full Schedule'!$M$3:$N$8, 2, False) -> Team C | I9: Split | J9: =if('Week 7'!$A$1=G2, 'Week 7'!$F1, if('Week 7'!$K$1=G2, 'Week 7'!$P$1, if('Week 7'!$A$21=G2, 'Week 7'!$F$21, if('Week 7'!$K$21=G2, 'Week 7'!$P$21, if('Week 7'!$A$41=G2, 'Week 7'!$F$41, if('Week 7'!$K$41=G2, 'Week 7'!$P$41)))))) -> Loss | K9: =if('Week 7'!$A$1=G2, 'Week 7'!$I$1, if('Week 7'!$K$1=G2, 'Week 7'!$S$1, if('Week 7'!$A$21=G2, 'Week 7'!$I$21, if('Week 7'!$K$21=G2, 'Week 7'!$S$21, if('Week 7'!$A$41=G2, 'Week 7'!$I$41, if('Week 7'!$K$41=G2, 'Week 7'!$S$41)))))) -> -9 | M9: =Draft!G24 -> Team F | N9: =if($M9=$A$2, CONCATENATE(countif($D$3:$D$9, "Win"),"-", countif($D$3:$D$9, "Loss")), if($M9=$G$2, CONCATENATE(countif($J$3:$J$9, "Win"),"-", countif($J$3:$J$9, "Loss")), if($M9=$A$15, CONCATENATE(countif($J$3:$J$9, "Win"),"-", countif($D$16:$D$22, "Loss")), if($M9=$G$15, CONCATENATE(countif($J$16:$J$22, "Win"),"-", countif($J$16:$J$22, "Loss")), if($M9=$A$28, CONCATENATE(countif($D$29:$D$35, "Win"),"-", countif($D$29:$D$35, "Loss")), if($M9=$G$28, CONCATENATE(countif($J$29:$J$35, "Win"),"-", countif($J$29:$J$35, "Loss")))))))) -> 3-4 | O9: =if($M9=$A$2, D$12, if($M9=$G$2, J$12, if($M9=$A$15, D$25, if($M9=$G$15, J$25, if($M9=$A$28, D$38, if($M9=$G$28, J$38)))))) -> 0.42857143 | P9: =if($M9=$A$2, E$12, if($M9=$G$2, K$12, if($M9=$A$15, E$25, if($M9=$G$15, K$25, if($M9=$A$28, E$38, if($M9=$G$28, K$38)))))) -> -4
M11: East
A12: Total | D12: =iferror(countif(D3:D9, "Win")/(countif(D3:D9, "Win")+countif(D3:D9, "Loss")), "") -> 0.42857143 | E12: =SUM(E3:E11) -> -21 | G12: Total | J12: =iferror(countif(J3:J9, "Win")/(countif(J3:J9, "Win")+countif(J3:J9, "Loss")), "") -> 0.42857143 | K12: =SUM(K3:K11) -> 37 | N12: Record | O12: Win % | P12: Margin
M13: =A2 -> Gargantuan | N13: =if($M13=$A$2, CONCATENATE(countif($D$3:$D$9, "Win"),"-", countif($D$3:$D$9, "Loss")), if($M13=$G$2, CONCATENATE(countif($J$3:$J$9, "Win"),"-", countif($J$3:$J$9, "Loss")), if($M13=$A$15, CONCATENATE(countif($J$3:$J$9, "Win"),"-", countif($D$16:$D$22, "Loss")), if($M13=$G$15, CONCATENATE(countif($J$16:$J$22, "Win"),"-", countif($J$16:$J$22, "Loss")), if($M13=$A$28, CONCATENATE(countif($D$29:$D$35, "Win"),"-", countif($D$29:$D$35, "Loss")), if($M13=$G$28, CONCATENATE(countif($J$29:$J$35, "Win"),"-", countif($J$29:$J$35, "Loss")))))))) -> 3-4 | O13: =if($M13=$A$2, D$12, if($M13=$G$2, J$12, if($M13=$A$15, D$25, if($M13=$G$15, J$25, if($M13=$A$28, D$38, if($M13=$G$28, J$38)))))) -> 0.42857143 | P13: =if($M13=$A$2, E$12, if($M13=$G$2, K$12, if($M13=$A$15, E$25, if($M13=$G$15, K$25, if($M13=$A$28, E$38, if($M13=$G$28, K$38)))))) -> -21
A14: =Draft!C25 -> Du | G14: =Draft!E25 -> Guel | M14: =Draft!D24 -> Candice? | N14: =if($M14=$A$2, CONCATENATE(countif($D$3:$D$9, "Win"),"-", countif($D$3:$D$9, "Loss")), if($M14=$G$2, CONCATENATE(countif($J$3:$J$9, "Win"),"-", countif($J$3:$J$9, "Loss")), if($M14=$A$15, CONCATENATE(countif($J$3:$J$9, "Win"),"-", countif($D$16:$D$22, "Loss")), if($M14=$G$15, CONCATENATE(countif($J$16:$J$22, "Win"),"-", countif($J$16:$J$22, "Loss")), if($M14=$A$28, CONCATENATE(countif($D$29:$D$35, "Win"),"-", countif($D$29:$D$35, "Loss")), if($M14=$G$28, CONCATENATE(countif($J$29:$J$35, "Win"),"-", countif($J$29:$J$35, "Loss")))))))) -> 3-4 | O14: =if($M14=$A$2, D$12, if($M14=$G$2, J$12, if($M14=$A$15, D$25, if($M14=$G$15, J$25, if($M14=$A$28, D$38, if($M14=$G$28, J$38)))))) -> 0.42857143 | P14: =if($M14=$A$2, E$12, if($M14=$G$2, K$12, if($M14=$A$15, E$25, if($M14=$G$15, K$25, if($M14=$A$28, E$38, if($M14=$G$28, K$38)))))) -> 37
A15: =Draft!C24 -> Team C | B15: Opponent | C15: Home/Away | D15: Result | E15: Margin | G15: =Draft!E24 -> Team E | H15: Opponent | I15: Home/Away | J15: Result | K15: Margin | M15: =Draft!F24 -> Migos | N15: =if($M15=$A$2, CONCATENATE(countif($D$3:$D$9, "Win"),"-", countif($D$3:$D$9, "Loss")), if($M15=$G$2, CONCATENATE(countif($J$3:$J$9, "Win"),"-", countif($J$3:$J$9, "Loss")), if($M15=$A$15, CONCATENATE(countif($J$3:$J$9, "Win"),"-", countif($D$16:$D$22, "Loss")), if($M15=$G$15, CONCATENATE(countif($J$16:$J$22, "Win"),"-", countif($J$16:$J$22, "Loss")), if($M15=$A$28, CONCATENATE(countif($D$29:$D$35, "Win"),"-", countif($D$29:$D$35, "Loss")), if($M15=$G$28, CONCATENATE(countif($J$29:$J$35, "Win"),"-", countif($J$29:$J$35, "Loss")))))))) -> 6-1 | O15: =if($M15=$A$2, D$12, if($M15=$G$2, J$12, if($M15=$A$15, D$25, if($M15=$G$15, J$25, if($M15=$A$28, D$38, if($M15=$G$28, J$38)))))) -> 0.85714286 | P15: =if($M15=$A$2, E$12, if($M15=$G$2, K$12, if($M15=$A$15, E$25, if($M15=$G$15, K$25, if($M15=$A$28, E$38, if($M15=$G$28, K$38)))))) -> 31
A16: Game 1 | B16: =VLOOKUP(A15, 'Full Schedule'!$A$3:$B$9, 2, False) -> Team F | C16: =if(match(A15, 'Full Schedule'!$A$3:$A$8, 0)<4, "Home", "Away") -> Away | D16: =if('Week 1'!$A$1=A15, 'Week 1'!$F$1, if('Week 1'!$K$1=A15, 'Week 1'!$P$1, if('Week 1'!$A$21=A15, 'Week 1'!$F$21, if('Week 1'!$K$21=A15, 'Week 1'!$P$21, if('Week 1'!$A$41=A15, 'Week 1'!$F$41, if('Week 1'!$K$41=A15, 'Week 1'!$P$41)))))) -> Loss | E16: =if('Week 1'!$A$1=A15, 'Week 1'!$I$1, if('Week 1'!$K$1=A15, 'Week 1'!$S$1, if('Week 1'!$A$21=A15, 'Week 1'!$I$21, if('Week 1'!$K$21=A15, 'Week 1'!$S$21, if('Week 1'!$A$41=A15, 'Week 1'!$I$41, if('Week 1'!$K$41=A15, 'Week 1'!$S$41)))))) -> -23 | G16: Game 1 | H16: =VLOOKUP(G15, 'Full Schedule'!$A$3:$B$9, 2, False) -> Gargantuan | I16: =if(match(G15, 'Full Schedule'!$A$3:$A$8, 0)<4, "Home", "Away") -> Home | J16: =if('Week 1'!$A$1=G15, 'Week 1'!$F$1, if('Week 1'!$K$1=G15, 'Week 1'!$P$1, if('Week 1'!$A$21=G15, 'Week 1'!$F$21, if('Week 1'!$K$21=G15, 'Week 1'!$P$21, if('Week 1'!$A$41=G15, 'Week 1'!$F$41, if('Week 1'!$K$41=G15, 'Week 1'!$P$41)))))) -> Win | K16: =if('Week 1'!$A$1=G15, 'Week 1'!$I$1, if('Week 1'!$K$1=G15, 'Week 1'!$S$1, if('Week 1'!$A$21=G15, 'Week 1'!$I$21, if('Week 1'!$K$21=G15, 'Week 1'!$S$21, if('Week 1'!$A$41=G15, 'Week 1'!$I$41, if('Week 1'!$K$41=G15, 'Week 1'!$S$41)))))) -> 1
A17: Game 2 | B17: =vlookup(A15, 'Full Schedule'!$C$3:$D$8, 2, False) -> Migos | C17: =if(match(A15, 'Full Schedule'!$C$3:$C$8, 0)<4, "Home", "Away") -> Home | D17: =if('Week 2'!$A$1=A15, 'Week 2'!$F$1, if('Week 2'!$K$1=A15, 'Week 2'!$P$1, if('Week 2'!$A$21=A15, 'Week 2'!$F$21, if('Week 2'!$K$21=A15, 'Week 2'!$P$21, if('Week 2'!$A$41=A15, 'Week 2'!$F$41, if('Week 2'!$K$41=A15, 'Week 2'!$P$41)))))) -> Loss | E17: =if('Week 2'!$A$1=A15, 'Week 2'!$I$1, if('Week 2'!$K$1=A15, 'Week 2'!$S$1, if('Week 2'!$A$21=A15, 'Week 2'!$I$21, if('Week 2'!$K$21=A15, 'Week 2'!$S$21, if('Week 2'!$A$41=A15, 'Week 2'!$I$41, if('Week 2'!$K$41=A15, 'Week 2'!$S$41)))))) -> -22 | G17: Game 2 | H17: =vlookup(G15, 'Full Schedule'!$C$3:$D$8, 2, False) -> Team F | I17: =if(match(G15, 'Full Schedule'!$C$3:$C$8, 0)<4, "Home", "Away") -> Home | J17: =if('Week 2'!$A$1=G15, 'Week 2'!$F$1, if('Week 2'!$K$1=G15, 'Week 2'!$P$1, if('Week 2'!$A$21=G15, 'Week 2'!$F$21, if('Week 2'!$K$21=G15, 'Week 2'!$P$21, if('Week 2'!$A$41=G15, 'Week 2'!$F$41, if('Week 2'!$K$41=G15, 'Week 2'!$P$41)))))) -> Loss | K17: =if('Week 2'!$A$1=G15, 'Week 2'!$I$1, if('Week 2'!$K$1=G15, 'Week 2'!$S$1, if('Week 2'!$A$21=G15, 'Week 2'!$I$21, if('Week 2'!$K$21=G15, 'Week 2'!$S$21, if('Week 2'!$A$41=G15, 'Week 2'!$I$41, if('Week 2'!$K$41=G15, 'Week 2'!$S$41)))))) -> -2
A18: Game 3 | B18: =vlookup(A15, 'Full Schedule'!$E$3:$F$8, 2, False) -> Team E | C18: =if(match(A15, 'Full Schedule'!$E$3:$E$8, 0)<4, "Home", "Away") -> Home | D18: =if('Week 3'!$A$1=A15, 'Week 3'!$F$1, if('Week 3'!$K$1=A15, 'Week 3'!$P$1, if('Week 3'!$A$21=A15, 'Week 3'!$F$21, if('Week 3'!$K$21=A15, 'Week 3'!$P$21, if('Week 3'!$A$41=A15, 'Week 3'!$F$41, if('Week 3'!$K$41=A15, 'Week 3'!$P$41)))))) -> Win | E18: =if('Week 3'!$A$1=A15, 'Week 3'!$I$1, if('Week 3'!$K$1=A15, 'Week 3'!$S$1, if('Week 3'!$A$21=A15, 'Week 3'!$I$21, if('Week 3'!$K$21=A15, 'Week 3'!$S$21, if('Week 3'!$A$41=A15, 'Week 3'!$I$41, if('Week 3'!$K$41=A15, 'Week 3'!$S$41)))))) -> 1 | G18: Game 3 | H18: =vlookup(G15, 'Full Schedule'!$E$3:$F$8, 2, False) -> Team C | I18: =if(match(G15, 'Full Schedule'!$E$3:$E$8, 0)<4, "Home", "Away") -> Away | J18: =if('Week 3'!$A$1=G15, 'Week 3'!$F$1, if('Week 3'!$K$1=G15, 'Week 3'!$P$1, if('Week 3'!$A$21=G15, 'Week 3'!$F$21, if('Week 3'!$K$21=G15, 'Week 3'!$P$21, if('Week 3'!$A$41=G15, 'Week 3'!$F$41, if('Week 3'!$K$41=G15, 'Week 3'!$P$41)))))) -> Loss | K18: =if('Week 3'!$A$1=G15, 'Week 3'!$I$1, if('Week 3'!$K$1=G15, 'Week 3'!$S$1, if('Week 3'!$A$21=G15, 'Week 3'!$I$21, if('Week 3'!$K$21=G15, 'Week 3'!$S$21, if('Week 3'!$A$41=G15, 'Week 3'!$I$41, if('Week 3'!$K$41=G15, 'Week 3'!$S$41)))))) -> -1
A19: Game 4 | B19: =vlookup(A15, 'Full Schedule'!$G$3:$H$8, 2, False) -> Team E | C19: =if(match(A15, 'Full Schedule'!$G$3:$G$8, 0)<4, "Home", "Away") -> Away | D19: =if('Week 4'!$A$1=A15, 'Week 4'!$F$1, if('Week 4'!$K$1=A15, 'Week 4'!$P$1, if('Week 4'!$A$21=A15, 'Week 4'!$F$21, if('Week 4'!$K$21=A15, 'Week 4'!$P$21, if('Week 4'!$A$41=A15, 'Week 4'!$F$41, if('Week 4'!$K$41=A15, 'Week 4'!$P$41)))))) -> Loss | E19: =if('Week 4'!$A$1=A15, 'Week 4'!$I$1, if('Week 4'!$K$1=A15, 'Week 4'!$S$1, if('Week 4'!$A$21=A15, 'Week 4'!$I$21, if('Week 4'!$K$21=A15, 'Week 4'!$S$21, if('Week 4'!$A$41=A15, 'Week 4'!$I$41, if('Week 4'!$K$41=A15, 'Week 4'!$S$41)))))) -> -3 | G19: Game 4 | H19: =vlookup(G15, 'Full Schedule'!$G$3:$H$8, 2, False) -> Team C | I19: =if(match(G15, 'Full Schedule'!$G$3:$G$8, 0)<4, "Home", "Away") -> Home | J19: =if('Week 4'!$A$1=G15, 'Week 4'!$F$1, if('Week 4'!$K$1=G15, 'Week 4'!$P$1, if('Week 4'!$A$21=G15, 'Week 4'!$F$21, if('Week 4'!$K$21=G15, 'Week 4'!$P$21, if('Week 4'!$A$41=G15, 'Week 4'!$F$41, if('Week 4'!$K$41=G15, 'Week 4'!$P$41)))))) -> Win | K19: =if('Week 4'!$A$1=G15, 'Week 4'!$I$1, if('Week 4'!$K$1=G15, 'Week 4'!$S$1, if('Week 4'!$A$21=G15, 'Week 4'!$I$21, if('Week 4'!$K$21=G15, 'Week 4'!$S$21, if('Week 4'!$A$41=G15, 'Week 4'!$I$41, if('Week 4'!$K$41=G15, 'Week 4'!$S$41)))))) -> 3
A20: Game 5 | B20: =vlookup(A15, 'Full Schedule'!$I$3:$J$8, 2, False) -> Team F | C20: =if(match(A15, 'Full Schedule'!$I$3:$I$8, 0)<4, "Home", "Away") -> Home | D20: =if('Week 5'!$A$1=A15, 'Week 5'!$F$1, if('Week 5'!$K$1=A15, 'Week 5'!$P$1, if('Week 5'!$A$21=A15, 'Week 5'!$F$21, if('Week 5'!$K$21=A15, 'Week 5'!$P$21, if('Week 5'!$A$41=A15, 'Week 5'!$F$41, if('Week 5'!$K$41=A15, 'Week 5'!$P$41)))))) -> Win | E20: =if('Week 5'!$A$1=A15, 'Week 5'!$I$1, if('Week 5'!$K$1=A15, 'Week 5'!$S$1, if('Week 5'!$A$21=A15, 'Week 5'!$I$21, if('Week 5'!$K$21=A15, 'Week 5'!$S$21, if('Week 5'!$A$41=A15, 'Week 5'!$I$41, if('Week 5'!$K$41=A15, 'Week 5'!$S$41)))))) -> 4 | G20: Game 5 | H20: =vlookup(G15, 'Full Schedule'!$I$3:$J$8, 2, False) -> Candice? | I20: =if(match(G15, 'Full Schedule'!$I$3:$I$8, 0)<4, "Home", "Away") -> Away | J20: =if('Week 5'!$A$1=G15, 'Week 5'!$F$1, if('Week 5'!$K$1=G15, 'Week 5'!$P$1, if('Week 5'!$A$21=G15, 'Week 5'!$F$21, if('Week 5'!$K$21=G15, 'Week 5'!$P$21, if('Week 5'!$A$41=G15, 'Week 5'!$F$41, if('Week 5'!$K$41=G15, 'Week 5'!$P$41)))))) -> Win | K20: =if('Week 5'!$A$1=G15, 'Week 5'!$I$1, if('Week 5'!$K$1=G15, 'Week 5'!$S$1, if('Week 5'!$A$21=G15, 'Week 5'!$I$21, if('Week 5'!$K$21=G15, 'Week 5'!$S$21, if('Week 5'!$A$41=G15, 'Week 5'!$I$41, if('Week 5'!$K$41=G15, 'Week 5'!$S$41)))))) -> 1
A21: Game 6 | B21: =vlookup(A15, 'Full Schedule'!$K$3:$L$8, 2, False) -> Gargantuan | C21: =if(match(A15, 'Full Schedule'!$K$3:$K$8, 0)<4, "Home", "Away") -> Away | D21: =if('Week 6'!$A$1=A15, 'Week 6'!$F$1, if('Week 6'!$K$1=A15, 'Week 6'!$P$1, if('Week 6'!$A$21=A15, 'Week 6'!$F$21, if('Week 6'!$K$21=A15, 'Week 6'!$P$21, if('Week 6'!$A$41=A15, 'Week 6'!$F$41, if('Week 6'!K$41=A15, 'Week 6'!$P$41)))))) -> Loss | E21: =if('Week 6'!$A$1=A15, 'Week 6'!$I$1, if('Week 6'!$K$1=A15, 'Week 6'!$S$1, if('Week 6'!$A$21=A15, 'Week 6'!$I$21, if('Week 6'!$K$21=A15, 'Week 6'!$S$21, if('Week 6'!$A$41=A15, 'Week 6'!$I$41, if('Week 6'!$K$41=A15, 'Week 6'!$S$41)))))) -> -6 | G21: Game 6 | H21: =vlookup(G15, 'Full Schedule'!$K$3:$L$8, 2, False) -> Team F | I21: =if(match(G15, 'Full Schedule'!$K$3:$K$8, 0)<4, "Home", "Away") -> Away | J21: =if('Week 6'!$A$1=G15, 'Week 6'!$F$1, if('Week 6'!$K$1=G15, 'Week 6'!$P$1, if('Week 6'!$A$21=G15, 'Week 6'!$F$21, if('Week 6'!$K$21=G15, 'Week 6'!$P$21, if('Week 6'!$A$41=G15, 'Week 6'!$F$41, if('Week 6'!$K$41=G15, 'Week 6'!$P$41)))))) -> Loss | K21: =if('Week 6'!$A$1=G15, 'Week 6'!$I$1, if('Week 6'!$K$1=G15, 'Week 6'!$S$1, if('Week 6'!$A$21=G15, 'Week 6'!$I$21, if('Week 6'!$K$21=G15, 'Week 6'!$S$21, if('Week 6'!$A$41=G15, 'Week 6'!$I$41, if('Week 6'!$K$41=G15, 'Week 6'!$S$41)))))) -> -2
A22: Game 7 | B22: =vlookup(A15, 'Full Schedule'!$M$3:$N$8, 2, False) -> Candice? | C22: Split | D22: =if('Week 7'!$A$1=A15, 'Week 7'!$F14, if('Week 7'!$K$1=A15, 'Week 7'!$P$1, if('Week 7'!$A$21=A15, 'Week 7'!$F$21, if('Week 7'!$K$21=A15, 'Week 7'!$P$21, if('Week 7'!$A$41=A15, 'Week 7'!$F$41, if('Week 7'!$K$41=A15, 'Week 7'!$P$41)))))) -> Win | E22: =if('Week 7'!$A$1=A15, 'Week 7'!$I$1, if('Week 7'!$K$1=A15, 'Week 7'!$S$1, if('Week 7'!$A$21=A15, 'Week 7'!$I$21, if('Week 7'!$K$21=A15, 'Week 7'!$S$21, if('Week 7'!$A$41=A15, 'Week 7'!$I$41, if('Week 7'!$K$41=A15, 'Week 7'!$S$41)))))) -> 9 | G22: Game 7 | H22: =vlookup(G15, 'Full Schedule'!$M$3:$N$8, 2, False) -> Migos | I22: Split | J22: =if('Week 7'!$A$1=G15, 'Week 7'!$F14, if('Week 7'!$K$1=G15, 'Week 7'!$P$1, if('Week 7'!$A$21=G15, 'Week 7'!$F$21, if('Week 7'!$K$21=G15, 'Week 7'!$P$21, if('Week 7'!$A$41=G15, 'Week 7'!$F$41, if('Week 7'!$K$41=G15, 'Week 7'!$P$41)))))) | K22: =if('Week 7'!$A$1=G15, 'Week 7'!$I$1, if('Week 7'!$K$1=G15, 'Week 7'!$S$1, if('Week 7'!$A$21=G15, 'Week 7'!$I$21, if('Week 7'!$K$21=G15, 'Week 7'!$S$21, if('Week 7'!$A$41=G15, 'Week 7'!$I$41, if('Week 7'!$K$41=G15, 'Week 7'!$S$41)))))) -> -3
A25: Total | D25: =iferror(countif(D16:D22, "Win")/(countif(D16:D22, "Win")+countif(D16:D22, "Loss")), "") -> 0.42857143 | E25: =SUM(E16:E24) -> -40 | G25: Total | J25: =iferror(countif(J16:J22, "Win")/(countif(J16:J22, "Win")+countif(J16:J22, "Loss")), "") -> 0.5 | K25: =SUM(K16:K24) -> -3
A27: =Draft!F25 -> Arnav | G27: =Draft!G25 -> Jay
A28: =Draft!F24 -> Migos | B28: Opponent | C28: Home/Away | D28: Result | E28: Margin | G28: =Draft!G24 -> Team F | H28: Opponent | I28: Home/Away | J28: Result | K28: Margin
A29: Game 1 | B29: =VLOOKUP(A28, 'Full Schedule'!$A$3:$B$9, 2, False) -> Candice? | C29: =if(match(A28, 'Full Schedule'!$A$3:$A$8, 0)<4, "Home", "Away") -> Away | D29: =if('Week 1'!$A$1=A28, 'Week 1'!$F$1, if('Week 1'!$K$1=A28, 'Week 1'!$P$1, if('Week 1'!$A$21=A28, 'Week 1'!$F$21, if('Week 1'!$K$21=A28, 'Week 1'!$P$21, if('Week 1'!$A$41=A28, 'Week 1'!$F$41, if('Week 1'!$K$41=A28, 'Week 1'!$P$41)))))) -> Loss | E29: =if('Week 1'!$A$1=A28, 'Week 1'!$I$1, if('Week 1'!$K$1=A28, 'Week 1'!$S$1, if('Week 1'!$A$21=A28, 'Week 1'!$I$21, if('Week 1'!$K$21=A28, 'Week 1'!$S$21, if('Week 1'!$A$41=A28, 'Week 1'!$I$41, if('Week 1'!$K$41=A28, 'Week 1'!$S$41)))))) -> -11 | G29: Game 1 | H29: =VLOOKUP(G28, 'Full Schedule'!$A$3:$B$9, 2, False) -> Team C | I29: =if(match(G28, 'Full Schedule'!$A$3:$A$8, 0)<4, "Home", "Away") -> Home | J29: =if('Week 1'!$A$1=G28, 'Week 1'!$F$1, if('Week 1'!$K$1=G28, 'Week 1'!$P$1, if('Week 1'!$A$21=G28, 'Week 1'!$F$21, if('Week 1'!$K$21=G28, 'Week 1'!$P$21, if('Week 1'!$A$41=G28, 'Week 1'!$F$41, if('Week 1'!$K$41=G28, 'Week 1'!$P$41)))))) -> Win | K29: =if('Week 1'!$A$1=G28, 'Week 1'!$I$1, if('Week 1'!$K$1=G28, 'Week 1'!$S$1, if('Week 1'!$A$21=G28, 'Week 1'!$I$21, if('Week 1'!$K$21=G28, 'Week 1'!$S$21, if('Week 1'!$A$41=G28, 'Week 1'!$I$41, if('Week 1'!$K$41=G28, 'Week 1'!$S$41)))))) -> 23
A30: Game 2 | B30: =vlookup(A28, 'Full Schedule'!$C$3:$D$8, 2, False) -> Team C | C30: =if(match(A28, 'Full Schedule'!$C$3:$C$8, 0)<4, "Home", "Away") -> Away | D30: =if('Week 2'!$A$1=A28, 'Week 2'!$F$1, if('Week 2'!$K$1=A28, 'Week 2'!$P$1, if('Week 2'!$A$21=A28, 'Week 2'!$F$21, if('Week 2'!$K$21=A28, 'Week 2'!$P$21, if('Week 2'!$A$41=A28, 'Week 2'!$F$41, if('Week 2'!$K$41=A28, 'Week 2'!$P$41)))))) -> Win | E30: =if('Week 2'!$A$1=A28, 'Week 2'!$I$1, if('Week 2'!$K$1=A28, 'Week 2'!$S$1, if('Week 2'!$A$21=A28, 'Week 2'!$I$21, if('Week 2'!$K$21=A28, 'Week 2'!$S$21, if('Week 2'!$A$41=A28, 'Week 2'!$I$41, if('Week 2'!$K$41=A28, 'Week 2'!$S$41)))))) -> 22 | G30: Game 2 | H30: =vlookup(G28, 'Full Schedule'!$C$3:$D$8, 2, False) -> Team E | I30: =if(match(G28, 'Full Schedule'!$C$3:$C$8, 0)<4, "Home", "Away") -> Away | J30: =if('Week 2'!$A$1=G28, 'Week 2'!$F$1, if('Week 2'!$K$1=G28, 'Week 2'!$P$1, if('Week 2'!$A$21=G28, 'Week 2'!$F$21, if('Week 2'!$K$21=G28, 'Week 2'!$P$21, if('Week 2'!$A$41=G28, 'Week 2'!$F$41, if('Week 2'!$K$41=G28, 'Week 2'!$P$41)))))) -> Win | K30: =if('Week 2'!$A$1=G28, 'Week 2'!$I$1, if('Week 2'!$K$1=G28, 'Week 2'!$S$1, if('Week 2'!$A$21=G28, 'Week 2'!$I$21, if('Week 2'!$K$21=G28, 'Week 2'!$S$21, if('Week 2'!$A$41=G28, 'Week 2'!$I$41, if('Week 2'!$K$41=G28, 'Week 2'!$S$41)))))) -> 2
A31: Game 3 | B31: =vlookup(A28, 'Full Schedule'!$E$3:$F$8, 2, False) -> Gargantuan | C31: =if(match(A28, 'Full Schedule'!$E$3:$E$8, 0)<4, "Home", "Away") -> Home | D31: =if('Week 3'!$A$1=A28, 'Week 3'!$F$1, if('Week 3'!$K$1=A28, 'Week 3'!$P$1, if('Week 3'!$A$21=A28, 'Week 3'!$F$21, if('Week 3'!$K$21=A28, 'Week 3'!$P$21, if('Week 3'!$A$41=A28, 'Week 3'!$F$41, if('Week 3'!$K$41=A28, 'Week 3'!$P$41)))))) -> Win | E31: =if('Week 3'!$A$1=A28, 'Week 3'!$I$1, if('Week 3'!$K$1=A28, 'Week 3'!$S$1, if('Week 3'!$A$21=A28, 'Week 3'!$I$21, if('Week 3'!$K$21=A28, 'Week 3'!$S$21, if('Week 3'!$A$41=A28, 'Week 3'!$I$41, if('Week 3'!$K$41=A28, 'Week 3'!$S$41)))))) -> 6 | G31: Game 3 | H31: =vlookup(G28, 'Full Schedule'!$E$3:$F$8, 2, False) -> Candice? | I31: =if(match(G28, 'Full Schedule'!$E$3:$E$8, 0)<4, "Home", "Away") -> Home | J31: =if('Week 3'!$A$1=G28, 'Week 3'!$F$1, if('Week 3'!$K$1=G28, 'Week 3'!$P$1, if('Week 3'!$A$21=G28, 'Week 3'!$F$21, if('Week 3'!$K$21=G28, 'Week 3'!$P$21, if('Week 3'!$A$41=G28, 'Week 3'!$F$41, if('Week 3'!$K$41=G28, 'Week 3'!$P$41)))))) -> Loss | K31: =if('Week 3'!$A$1=G28, 'Week 3'!$I$1, if('Week 3'!$K$1=G28, 'Week 3'!$S$1, if('Week 3'!$A$21=G28, 'Week 3'!$I$21, if('Week 3'!$K$21=G28, 'Week 3'!$S$21, if('Week 3'!$A$41=G28, 'Week 3'!$I$41, if('Week 3'!$K$41=G28, 'Week 3'!$S$41)))))) -> -21
A32: Game 4 | B32: =vlookup(A28, 'Full Schedule'!$G$3:$H$8, 2, False) -> Team F | C32: =if(match(A28, 'Full Schedule'!$G$3:$G$8, 0)<4, "Home", "Away") -> Home | D32: =if('Week 4'!$A$1=A28, 'Week 4'!$F$1, if('Week 4'!$K$1=A28, 'Week 4'!$P$1, if('Week 4'!$A$21=A28, 'Week 4'!$F$21, if('Week 4'!$K$21=A28, 'Week 4'!$P$21, if('Week 4'!$A$41=A28, 'Week 4'!$F$41, if('Week 4'!$K$41=A28, 'Week 4'!$P$41)))))) -> Win | E32: =if('Week 4'!$A$1=A28, 'Week 4'!$I$1, if('Week 4'!$K$1=A28, 'Week 4'!$S$1, if('Week 4'!$A$21=A28, 'Week 4'!$I$21, if('Week 4'!$K$21=A28, 'Week 4'!$S$21, if('Week 4'!$A$41=A28, 'Week 4'!$I$41, if('Week 4'!$K$41=A28, 'Week 4'!$S$41)))))) -> 5 | G32: Game 4 | H32: =vlookup(G28, 'Full Schedule'!$G$3:$H$8, 2, False) -> Migos | I32: =if(match(G28, 'Full Schedule'!$G$3:$G$8, 0)<4, "Home", "Away") -> Away | J32: =if('Week 4'!$A$1=G28, 'Week 4'!$F$1, if('Week 4'!$K$1=G28, 'Week 4'!$P$1, if('Week 4'!$A$21=G28, 'Week 4'!$F$21, if('Week 4'!$K$21=G28, 'Week 4'!$P$21, if('Week 4'!$A$41=G28, 'Week 4'!$F$41, if('Week 4'!$K$41=G28, 'Week 4'!$P$41)))))) -> Loss | K32: =if('Week 4'!$A$1=G28, 'Week 4'!$I$1, if('Week 4'!$K$1=G28, 'Week 4'!$S$1, if('Week 4'!$A$21=G28, 'Week 4'!$I$21, if('Week 4'!$K$21=G28, 'Week 4'!$S$21, if('Week 4'!$A$41=G28, 'Week 4'!$I$41, if('Week 4'!$K$41=G28, 'Week 4'!$S$41)))))) -> -5
A33: Game 5 | B33: =vlookup(A28, 'Full Schedule'!$I$3:$J$8, 2, False) -> Gargantuan | C33: =if(match(A28, 'Full Schedule'!$I$3:$I$8, 0)<4, "Home", "Away") -> Away | D33: =if('Week 5'!$A$1=A28, 'Week 5'!$F$1, if('Week 5'!$K$1=A28, 'Week 5'!$P$1, if('Week 5'!$A$21=A28, 'Week 5'!$F$21, if('Week 5'!$K$21=A28, 'Week 5'!$P$21, if('Week 5'!$A$41=A28, 'Week 5'!$F$41, if('Week 5'!$K$41=A28, 'Week 5'!$P$41)))))) -> Win | E33: =if('Week 5'!$A$1=A28, 'Week 5'!$I$1, if('Week 5'!$K$1=A28, 'Week 5'!$S$1, if('Week 5'!$A$21=A28, 'Week 5'!$I$21, if('Week 5'!$K$21=A28, 'Week 5'!$S$21, if('Week 5'!$A$41=A28, 'Week 5'!$I$41, if('Week 5'!$K$41=A28, 'Week 5'!$S$41)))))) -> 5 | G33: Game 5 | H33: =vlookup(G28, 'Full Schedule'!$I$3:$J$8, 2, False) -> Team C | I33: =if(match(G28, 'Full Schedule'!$I$3:$I$8, 0)<4, "Home", "Away") -> Away | J33: =if('Week 5'!$A$1=G28, 'Week 5'!$F$1, if('Week 5'!$K$1=G28, 'Week 5'!$P$1, if('Week 5'!$A$21=G28, 'Week 5'!$F$21, if('Week 5'!$K$21=G28, 'Week 5'!$P$21, if('Week 5'!$A$41=G28, 'Week 5'!$F$41, if('Week 5'!$K$41=G28, 'Week 5'!$P$41)))))) -> Loss | K33: =if('Week 5'!$A$1=G28, 'Week 5'!$I$1, if('Week 5'!$K$1=G28, 'Week 5'!$S$1, if('Week 5'!$A$21=G28, 'Week 5'!$I$21, if('Week 5'!$K$21=G28, 'Week 5'!$S$21, if('Week 5'!$A$41=G28, 'Week 5'!$I$41, if('Week 5'!$K$41=G28, 'Week 5'!$S$41)))))) -> -4
A34: Game 6 | B34: =vlookup(A28, 'Full Schedule'!$K$3:$L$8, 2, False) -> Candice? | C34: =if(match(A28, 'Full Schedule'!$K$3:$K$8, 0)<4, "Home", "Away") -> Home | D34: =if('Week 6'!$A$1=A28, 'Week 6'!$F$1, if('Week 6'!$K$1=A28, 'Week 6'!$P$1, if('Week 6'!$A$21=A28, 'Week 6'!$F$21, if('Week 6'!$K$21=A28, 'Week 6'!$P$21, if('Week 6'!$A$41=A28, 'Week 6'!$F$41, if('Week 6'!K$41=A28, 'Week 6'!$P$41)))))) -> Win | E34: =if('Week 6'!$A$1=A28, 'Week 6'!$I$1, if('Week 6'!$K$1=A28, 'Week 6'!$S$1, if('Week 6'!$A$21=A28, 'Week 6'!$I$21, if('Week 6'!$K$21=A28, 'Week 6'!$S$21, if('Week 6'!$A$41=A28, 'Week 6'!$I$41, if('Week 6'!$K$41=A28, 'Week 6'!$S$41)))))) -> 1 | G34: Game 6 | H34: =vlookup(G28, 'Full Schedule'!$K$3:$L$8, 2, False) -> Team E | I34: =if(match(G28, 'Full Schedule'!$K$3:$K$8, 0)<4, "Home", "Away") -> Home | J34: =if('Week 6'!$A$1=G28, 'Week 6'!$F$1, if('Week 6'!$K$1=G28, 'Week 6'!$P$1, if('Week 6'!$A$21=G28, 'Week 6'!$F$21, if('Week 6'!$K$21=G28, 'Week 6'!$P$21, if('Week 6'!$A$41=G28, 'Week 6'!$F$41, if('Week 6'!$K$41=G28, 'Week 6'!$P$41)))))) -> Win | K34: =if('Week 6'!$A$1=G28, 'Week 6'!$I$1, if('Week 6'!$K$1=G28, 'Week 6'!$S$1, if('Week 6'!$A$21=G28, 'Week 6'!$I$21, if('Week 6'!$K$21=G28, 'Week 6'!$S$21, if('Week 6'!$A$41=G28, 'Week 6'!$I$41, if('Week 6'!$K$41=G28, 'Week 6'!$S$41)))))) -> 2
A35: Game 7 | B35: =vlookup(A28, 'Full Schedule'!$M$3:$N$8, 2, False) -> Team E | C35: Split | D35: =if('Week 7'!$A$1=A28, 'Week 7'!$F27, if('Week 7'!$K$1=A28, 'Week 7'!$P$1, if('Week 7'!$A$21=A28, 'Week 7'!$F$21, if('Week 7'!$K$21=A28, 'Week 7'!$P$21, if('Week 7'!$A$41=A28, 'Week 7'!$F$41, if('Week 7'!$K$41=A28, 'Week 7'!$P$41)))))) -> Win | E35: =if('Week 7'!$A$1=A28, 'Week 7'!$I$1, if('Week 7'!$K$1=A28, 'Week 7'!$S$1, if('Week 7'!$A$21=A28, 'Week 7'!$I$21, if('Week 7'!$K$21=A28, 'Week 7'!$S$21, if('Week 7'!$A$41=A28, 'Week 7'!$I$41, if('Week 7'!$K$41=A28, 'Week 7'!$S$41)))))) -> 3 | G35: Game 7 | H35: =vlookup(G28, 'Full Schedule'!$M$3:$N$8, 2, False) -> Gargantuan | I35: Split | J35: =if('Week 7'!$A$1=G28, 'Week 7'!$F27, if('Week 7'!$K$1=G28, 'Week 7'!$P$1, if('Week 7'!$A$21=G28, 'Week 7'!$F$21, if('Week 7'!$K$21=G28, 'Week 7'!$P$21, if('Week 7'!$A$41=G28, 'Week 7'!$F$41, if('Week 7'!$K$41=G28, 'Week 7'!$P$41)))))) -> Loss | K35: =if('Week 7'!$A$1=G28, 'Week 7'!$I$1, if('Week 7'!$K$1=G28, 'Week 7'!$S$1, if('Week 7'!$A$21=G28, 'Week 7'!$I$21, if('Week 7'!$K$21=G28, 'Week 7'!$S$21, if('Week 7'!$A$41=G28, 'Week 7'!$I$41, if('Week 7'!$K$41=G28, 'Week 7'!$S$41)))))) -> -1
A38: Total | D38: =iferror(countif(D29:D35, "Win")/(countif(D29:D35, "Win")+countif(D29:D35, "Loss")), "") -> 0.85714286 | E38: =SUM(E29:E37) -> 31 | G38: Total | J38: =iferror(countif(J29:J35, "Win")/(countif(J29:J35, "Win")+countif(J29:J35, "Loss")), "") -> 0.42857143 | K38: =SUM(K29:K37) -> -4

Sheet Full Schedule
A1: Home | B1: Away | C1: Home | D1: Away | E1: Home | F1: Away | G1: Home | H1: Away | I1: Home | J1: Away | K1: Home | L1: Away | M1: Home | N1: Away
A2: Week 1 | C2: Week 2 | E2: Week 3 | G2: Week 4 | I2: Week 5 | K2: Week 6 | M2: Week 7
A3: Candice? | B3: Migos | C3: Team C | D3: Migos | E3: Migos | F3: Gargantuan | G3: Migos | H3: Team F | I3: Gargantuan | J3: Migos | K3: Migos | L3: Candice? | M3: Team E | N3: Migos
A4: Team F | B4: Team C | C4: Gargantuan | D4: Candice? | E4: Team F | F4: Candice? | G4: Candice? | H4: Gargantuan | I4: Candice? | J4: Team E | K4: Gargantuan | L4: Team C | M4: Candice? | N4: Team C
A5: Team E | B5: Gargantuan | C5: Team E | D5: Team F | E5: Team C | F5: Team E | G5: Team E | H5: Team C | I5: Team C | J5: Team F | K5: Team F | L5: Team E | M5: Gargantuan | N5: Team F
A6: =B3 -> Migos | B6: =A3 -> Candice? | C6: =D3 -> Migos | D6: =C3 -> Team C | E6: =F3 -> Gargantuan | F6: =E3 -> Migos | G6: =H3 -> Team F | H6: =G3 -> Migos | I6: =J3 -> Migos | J6: =I3 -> Gargantuan | K6: =L3 -> Candice? | L6: =K3 -> Migos | M6: =N3 -> Migos | N6: =M3 -> Team E
A7: =B4 -> Team C | B7: =A4 -> Team F | C7: =D4 -> Candice? | D7: =C4 -> Gargantuan | E7: =F4 -> Candice? | F7: =E4 -> Team F | G7: =H4 -> Gargantuan | H7: =G4 -> Candice? | I7: =J4 -> Team E | J7: =I4 -> Candice? | K7: =L4 -> Team C | L7: =K4 -> Gargantuan | M7: =N4 -> Team C | N7: =M4 -> Candice?
A8: =B5 -> Gargantuan | B8: =A5 -> Team E | C8: =D5 -> Team F | D8: =C5 -> Team E | E8: =F5 -> Team E | F8: =E5 -> Team C | G8: =H5 -> Team C | H8: =G5 -> Team E | I8: =J5 -> Team F | J8: =I5 -> Team C | K8: =L5 -> Team E | L8: =K5 -> Team F | M8: =N5 -> Team F | N8: =M5 -> Gargantuan
A11: =if('Week 1'!$A$1=A3, 'Week 1'!$F$1, if('Week 1'!$K$1=A3, 'Week 1'!$P$1, if('Week 1'!$A$21=A3, 'Week 1'!$F$21, if('Week 1'!$K$21=A3, 'Week 1'!$P$21, if('Week 1'!$A$41=A3, 'Week 1'!$F$41, if('Week 1'!$K$41=A3, 'Week 1'!$P$41)))))) -> Win | B11: =if('Week 1'!$A$1=B3, 'Week 1'!$F$1, if('Week 1'!$K$1=B3, 'Week 1'!$P$1, if('Week 1'!$A$21=B3, 'Week 1'!$F$21, if('Week 1'!$K$21=B3, 'Week 1'!$P$21, if('Week 1'!$A$41=B3, 'Week 1'!$F$41, if('Week 1'!$K$41=B3, 'Week 1'!$P$41)))))) -> Loss | C11: =if('Week 2'!$A$1=C3, 'Week 2'!$F$1, if('Week 2'!$K$1=C3, 'Week 2'!$P$1, if('Week 2'!$A$21=C3, 'Week 2'!$F$21, if('Week 2'!$K$21=C3, 'Week 2'!$P$21, if('Week 2'!$A$41=C3, 'Week 2'!$F$41, if('Week 2'!$K$41=C3, 'Week 2'!$P$41)))))) -> Loss | D11: =if('Week 2'!$A$1=D3, 'Week 2'!$F$1, if('Week 2'!$K$1=D3, 'Week 2'!$P$1, if('Week 2'!$A$21=D3, 'Week 2'!$F$21, if('Week 2'!$K$21=D3, 'Week 2'!$P$21, if('Week 2'!$A$41=D3, 'Week 2'!$F$41, if('Week 2'!$K$41=D3, 'Week 2'!$P$41)))))) -> Win | E11: =if('Week 3'!$A$1=E3, 'Week 3'!$F$1, if('Week 3'!$K$1=E3, 'Week 3'!$P$1, if('Week 3'!$A$21=E3, 'Week 3'!$F$21, if('Week 3'!$K$21=E3, 'Week 3'!$P$21, if('Week 3'!$A$41=E3, 'Week 3'!$F$41, if('Week 3'!$K$41=E3, 'Week 3'!$P$41)))))) -> Win | F11: =if('Week 3'!$A$1=F3, 'Week 3'!$F$1, if('Week 3'!$K$1=F3, 'Week 3'!$P$1, if('Week 3'!$A$21=F3, 'Week 3'!$F$21, if('Week 3'!$K$21=F3, 'Week 3'!$P$21, if('Week 3'!$A$41=F3, 'Week 3'!$F$41, if('Week 3'!$K$41=F3, 'Week 3'!$P$41)))))) -> Loss | G11: =if('Week 4'!$A$1=G3, 'Week 4'!$F$1, if('Week 4'!$K$1=G3, 'Week 4'!$P$1, if('Week 4'!$A$21=G3, 'Week 4'!$F$21, if('Week 4'!$K$21=G3, 'Week 4'!$P$21, if('Week 4'!$A$41=G3, 'Week 4'!$F$41, if('Week 4'!$K$41=G3, 'Week 4'!$P$41)))))) -> Win | H11: =if('Week 4'!$A$1=H3, 'Week 4'!$F$1, if('Week 4'!$K$1=H3, 'Week 4'!$P$1, if('Week 4'!$A$21=H3, 'Week 4'!$F$21, if('Week 4'!$K$21=H3, 'Week 4'!$P$21, if('Week 4'!$A$41=H3, 'Week 4'!$F$41, if('Week 4'!$K$41=H3, 'Week 4'!$P$41)))))) -> Loss | I11: =if('Week 5'!$A$1=I3, 'Week 5'!$F$1, if('Week 5'!$K$1=I3, 'Week 5'!$P$1, if('Week 5'!$A$21=I3, 'Week 5'!$F$21, if('Week 5'!$K$21=I3, 'Week 5'!$P$21, if('Week 5'!$A$41=I3, 'Week 5'!$F$41, if('Week 5'!$K$41=I3, 'Week 5'!$P$41)))))) -> Loss | J11: =if('Week 5'!$A$1=J3, 'Week 5'!$F$1, if('Week 5'!$K$1=J3, 'Week 5'!$P$1, if('Week 5'!$A$21=J3, 'Week 5'!$F$21, if('Week 5'!$K$21=J3, 'Week 5'!$P$21, if('Week 5'!$A$41=J3, 'Week 5'!$F$41, if('Week 5'!$K$41=J3, 'Week 5'!$P$41)))))) -> Win | K11: =if('Week 6'!$A$1=K3, 'Week 6'!$F$1, if('Week 6'!$K$1=K3, 'Week 6'!$P$1, if('Week 6'!$A$21=K3, 'Week 6'!$F$21, if('Week 6'!$K$21=K3, 'Week 6'!$P$21, if('Week 6'!$A$41=K3, 'Week 6'!$F$41, if('Week 6'!$K$41=K3, 'Week 6'!$P$41)))))) -> Win | L11: =if('Week 6'!$A$1=L3, 'Week 6'!$F$1, if('Week 6'!$K$1=L3, 'Week 6'!$P$1, if('Week 6'!$A$21=L3, 'Week 6'!$F$21, if('Week 6'!$K$21=L3, 'Week 6'!$P$21, if('Week 6'!$A$41=L3, 'Week 6'!$F$41, if('Week 6'!$K$41=L3, 'Week 6'!$P$41)))))) -> Loss | M11: =if('Week 7'!$A$1=M3, 'Week 7'!$F$1, if('Week 7'!$K$1=M3, 'Week 7'!$P$1, if('Week 7'!$A$21=M3, 'Week 7'!$F$21, if('Week 7'!$K$21=M3, 'Week 7'!$P$21, if('Week 7'!$A$41=M3, 'Week 7'!$F$41, if('Week 7'!$K$41=M3, 'Week 7'!$P$41)))))) -> Loss | N11: =if('Week 7'!$A$1=N3, 'Week 7'!$F$1, if('Week 7'!$K$1=N3, 'Week 7'!$P$1, if('Week 7'!$A$21=N3, 'Week 7'!$F$21, if('Week 7'!$K$21=N3, 'Week 7'!$P$21, if('Week 7'!$A$41=N3, 'Week 7'!$F$41, if('Week 7'!$K$41=N3, 'Week 7'!$P$41)))))) -> Win
A12: =if('Week 1'!$A$1=A4, 'Week 1'!$F$1, if('Week 1'!$K$1=A4, 'Week 1'!$P$1, if('Week 1'!$A$21=A4, 'Week 1'!$F$21, if('Week 1'!$K$21=A4, 'Week 1'!$P$21, if('Week 1'!$A$41=A4, 'Week 1'!$F$41, if('Week 1'!$K$41=A4, 'Week 1'!$P$41)))))) -> Win | B12: =if('Week 1'!$A$1=B4, 'Week 1'!$F$1, if('Week 1'!$K$1=B4, 'Week 1'!$P$1, if('Week 1'!$A$21=B4, 'Week 1'!$F$21, if('Week 1'!$K$21=B4, 'Week 1'!$P$21, if('Week 1'!$A$41=B4, 'Week 1'!$F$41, if('Week 1'!$K$41=B4, 'Week 1'!$P$41)))))) -> Loss | C12: =if('Week 2'!$A$1=C4, 'Week 2'!$F$1, if('Week 2'!$K$1=C4, 'Week 2'!$P$1, if('Week 2'!$A$21=C4, 'Week 2'!$F$21, if('Week 2'!$K$21=C4, 'Week 2'!$P$21, if('Week 2'!$A$41=C4, 'Week 2'!$F$41, if('Week 2'!$K$41=C4, 'Week 2'!$P$41)))))) -> Loss | D12: =if('Week 2'!$A$1=D4, 'Week 2'!$F$1, if('Week 2'!$K$1=D4, 'Week 2'!$P$1, if('Week 2'!$A$21=D4, 'Week 2'!$F$21, if('Week 2'!$K$21=D4, 'Week 2'!$P$21, if('Week 2'!$A$41=D4, 'Week 2'!$F$41, if('Week 2'!$K$41=D4, 'Week 2'!$P$41)))))) -> Win | E12: =if('Week 3'!$A$1=E4, 'Week 3'!$F$1, if('Week 3'!$K$1=E4, 'Week 3'!$P$1, if('Week 3'!$A$21=E4, 'Week 3'!$F$21, if('Week 3'!$K$21=E4, 'Week 3'!$P$21, if('Week 3'!$A$41=E4, 'Week 3'!$F$41, if('Week 3'!$K$41=E4, 'Week 3'!$P$41)))))) -> Loss | F12: =if('Week 3'!$A$1=F4, 'Week 3'!$F$1, if('Week 3'!$K$1=F4, 'Week 3'!$P$1, if('Week 3'!$A$21=F4, 'Week 3'!$F$21, if('Week 3'!$K$21=F4, 'Week 3'!$P$21, if('Week 3'!$A$41=F4, 'Week 3'!$F$41, if('Week 3'!$K$41=F4, 'Week 3'!$P$41)))))) -> Win | G12: =if('Week 4'!$A$1=G4, 'Week 4'!$F$1, if('Week 4'!$K$1=G4, 'Week 4'!$P$1, if('Week 4'!$A$21=G4, 'Week 4'!$F$21, if('Week 4'!$K$21=G4, 'Week 4'!$P$21, if('Week 4'!$A$41=G4, 'Week 4'!$F$41, if('Week 4'!$K$41=G4, 'Week 4'!$P$41)))))) -> Loss | H12: =if('Week 4'!$A$1=H4, 'Week 4'!$F$1, if('Week 4'!$K$1=H4, 'Week 4'!$P$1, if('Week 4'!$A$21=H4, 'Week 4'!$F$21, if('Week 4'!$K$21=H4, 'Week 4'!$P$21, if('Week 4'!$A$41=H4, 'Week 4'!$F$41, if('Week 4'!$K$41=H4, 'Week 4'!$P$41)))))) -> Win | I12: =if('Week 5'!$A$1=I4, 'Week 5'!$F$1, if('Week 5'!$K$1=I4, 'Week 5'!$P$1, if('Week 5'!$A$21=I4, 'Week 5'!$F$21, if('Week 5'!$K$21=I4, 'Week 5'!$P$21, if('Week 5'!$A$41=I4, 'Week 5'!$F$41, if('Week 5'!$K$41=I4, 'Week 5'!$P$41)))))) -> Loss | J12: =if('Week 5'!$A$1=J4, 'Week 5'!$F$1, if('Week 5'!$K$1=J4, 'Week 5'!$P$1, if('Week 5'!$A$21=J4, 'Week 5'!$F$21, if('Week 5'!$K$21=J4, 'Week 5'!$P$21, if('Week 5'!$A$41=J4, 'Week 5'!$F$41, if('Week 5'!$K$41=J4, 'Week 5'!$P$41)))))) -> Win | K12: =if('Week 6'!$A$1=K4, 'Week 6'!$F$1, if('Week 6'!$K$1=K4, 'Week 6'!$P$1, if('Week 6'!$A$21=K4, 'Week 6'!$F$21, if('Week 6'!$K$21=K4, 'Week 6'!$P$21, if('Week 6'!$A$41=K4, 'Week 6'!$F$41, if('Week 6'!$K$41=K4, 'Week 6'!$P$41)))))) -> Win | L12: =if('Week 6'!$A$1=L4, 'Week 6'!$F$1, if('Week 6'!$K$1=L4, 'Week 6'!$P$1, if('Week 6'!$A$21=L4, 'Week 6'!$F$21, if('Week 6'!$K$21=L4, 'Week 6'!$P$21, if('Week 6'!$A$41=L4, 'Week 6'!$F$41, if('Week 6'!$K$41=L4, 'Week 6'!$P$41)))))) -> Loss | M12: =if('Week 7'!$A$1=M4, 'Week 7'!$F$1, if('Week 7'!$K$1=M4, 'Week 7'!$P$1, if('Week 7'!$A$21=M4, 'Week 7'!$F$21, if('Week 7'!$K$21=M4, 'Week 7'!$P$21, if('Week 7'!$A$41=M4, 'Week 7'!$F$41, if('Week 7'!$K$41=M4, 'Week 7'!$P$41)))))) -> Loss | N12: =if('Week 7'!$A$1=N4, 'Week 7'!$F$1, if('Week 7'!$K$1=N4, 'Week 7'!$P$1, if('Week 7'!$A$21=N4, 'Week 7'!$F$21, if('Week 7'!$K$21=N4, 'Week 7'!$P$21, if('Week 7'!$A$41=N4, 'Week 7'!$F$41, if('Week 7'!$K$41=N4, 'Week 7'!$P$41)))))) -> Win
A13: =if('Week 1'!$A$1=A5, 'Week 1'!$F$1, if('Week 1'!$K$1=A5, 'Week 1'!$P$1, if('Week 1'!$A$21=A5, 'Week 1'!$F$21, if('Week 1'!$K$21=A5, 'Week 1'!$P$21, if('Week 1'!$A$41=A5, 'Week 1'!$F$41, if('Week 1'!$K$41=A5, 'Week 1'!$P$41)))))) -> Win | B13: =if('Week 1'!$A$1=B5, 'Week 1'!$F$1, if('Week 1'!$K$1=B5, 'Week 1'!$P$1, if('Week 1'!$A$21=B5, 'Week 1'!$F$21, if('Week 1'!$K$21=B5, 'Week 1'!$P$21, if('Week 1'!$A$41=B5, 'Week 1'!$F$41, if('Week 1'!$K$41=B5, 'Week 1'!$P$41)))))) -> Loss | C13: =if('Week 2'!$A$1=C5, 'Week 2'!$F$1, if('Week 2'!$K$1=C5, 'Week 2'!$P$1, if('Week 2'!$A$21=C5, 'Week 2'!$F$21, if('Week 2'!$K$21=C5, 'Week 2'!$P$21, if('Week 2'!$A$41=C5, 'Week 2'!$F$41, if('Week 2'!$K$41=C5, 'Week 2'!$P$41)))))) -> Loss | D13: =if('Week 2'!$A$1=D5, 'Week 2'!$F$1, if('Week 2'!$K$1=D5, 'Week 2'!$P$1, if('Week 2'!$A$21=D5, 'Week 2'!$F$21, if('Week 2'!$K$21=D5, 'Week 2'!$P$21, if('Week 2'!$A$41=D5, 'Week 2'!$F$41, if('Week 2'!$K$41=D5, 'Week 2'!$P$41)))))) -> Win | E13: =if('Week 3'!$A$1=E5, 'Week 3'!$F$1, if('Week 3'!$K$1=E5, 'Week 3'!$P$1, if('Week 3'!$A$21=E5, 'Week 3'!$F$21, if('Week 3'!$K$21=E5, 'Week 3'!$P$21, if('Week 3'!$A$41=E5, 'Week 3'!$F$41, if('Week 3'!$K$41=E5, 'Week 3'!$P$41)))))) -> Win | F13: =if('Week 3'!$A$1=F5, 'Week 3'!$F$1, if('Week 3'!$K$1=F5, 'Week 3'!$P$1, if('Week 3'!$A$21=F5, 'Week 3'!$F$21, if('Week 3'!$K$21=F5, 'Week 3'!$P$21, if('Week 3'!$A$41=F5, 'Week 3'!$F$41, if('Week 3'!$K$41=F5, 'Week 3'!$P$41)))))) -> Loss | G13: =if('Week 4'!$A$1=G5, 'Week 4'!$F$1, if('Week 4'!$K$1=G5, 'Week 4'!$P$1, if('Week 4'!$A$21=G5, 'Week 4'!$F$21, if('Week 4'!$K$21=G5, 'Week 4'!$P$21, if('Week 4'!$A$41=G5, 'Week 4'!$F$41, if('Week 4'!$K$41=G5, 'Week 4'!$P$41)))))) -> Win | H13: =if('Week 4'!$A$1=H5, 'Week 4'!$F$1, if('Week 4'!$K$1=H5, 'Week 4'!$P$1, if('Week 4'!$A$21=H5, 'Week 4'!$F$21, if('Week 4'!$K$21=H5, 'Week 4'!$P$21, if('Week 4'!$A$41=H5, 'Week 4'!$F$41, if('Week 4'!$K$41=H5, 'Week 4'!$P$41)))))) -> Loss | I13: =if('Week 5'!$A$1=I5, 'Week 5'!$F$1, if('Week 5'!$K$1=I5, 'Week 5'!$P$1, if('Week 5'!$A$21=I5, 'Week 5'!$F$21, if('Week 5'!$K$21=I5, 'Week 5'!$P$21, if('Week 5'!$A$41=I5, 'Week 5'!$F$41, if('Week 5'!$K$41=I5, 'Week 5'!$P$41)))))) -> Win | J13: =if('Week 5'!$A$1=J5, 'Week 5'!$F$1, if('Week 5'!$K$1=J5, 'Week 5'!$P$1, if('Week 5'!$A$21=J5, 'Week 5'!$F$21, if('Week 5'!$K$21=J5, 'Week 5'!$P$21, if('Week 5'!$A$41=J5, 'Week 5'!$F$41, if('Week 5'!$K$41=J5, 'Week 5'!$P$41)))))) -> Loss | K13: =if('Week 6'!$A$1=K5, 'Week 6'!$F$1, if('Week 6'!$K$1=K5, 'Week 6'!$P$1, if('Week 6'!$A$21=K5, 'Week 6'!$F$21, if('Week 6'!$K$21=K5, 'Week 6'!$P$21, if('Week 6'!$A$41=K5, 'Week 6'!$F$41, if('Week 6'!$K$41=K5, 'Week 6'!$P$41)))))) -> Win | L13: =if('Week 6'!$A$1=L5, 'Week 6'!$F$1, if('Week 6'!$K$1=L5, 'Week 6'!$P$1, if('Week 6'!$A$21=L5, 'Week 6'!$F$21, if('Week 6'!$K$21=L5, 'Week 6'!$P$21, if('Week 6'!$A$41=L5, 'Week 6'!$F$41, if('Week 6'!$K$41=L5, 'Week 6'!$P$41)))))) -> Loss | M13: =if('Week 7'!$A$1=M5, 'Week 7'!$F$1, if('Week 7'!$K$1=M5, 'Week 7'!$P$1, if('Week 7'!$A$21=M5, 'Week 7'!$F$21, if('Week 7'!$K$21=M5, 'Week 7'!$P$21, if('Week 7'!$A$41=M5, 'Week 7'!$F$41, if('Week 7'!$K$41=M5, 'Week 7'!$P$41)))))) -> Win | N13: =if('Week 7'!$A$1=N5, 'Week 7'!$F$1, if('Week 7'!$K$1=N5, 'Week 7'!$P$1, if('Week 7'!$A$21=N5, 'Week 7'!$F$21, if('Week 7'!$K$21=N5, 'Week 7'!$P$21, if('Week 7'!$A$41=N5, 'Week 7'!$F$41, if('Week 7'!$K$41=N5, 'Week 7'!$P$41)))))) -> Loss

Sheet Player Season Stats
A1: Name | B1: Games Played | C1: Win % | D1: Adjusted FGM | E1: FGM | F1: Bottom | G1: Bottom ISO | H1: Top | I1: Top ISO | J1: Misses | K1: FG% | M1: Player Rating
A2: =Draft!B46 -> Tyler | B2: =iferror(vlookup($A2, 'Player Game Stats'!$A:$J, 2, False), "") -> 4 | C2: =iferror(vlookup($A2, 'Player Game Stats'!$A:$J, 3, False), "") -> 0.25 | D2: =iferror(1.2*I2+1.1*H2+1.05*G2+1*F2, "") -> 11.2 | E2: =iferror(vlookup($A2, 'Player Game Stats'!$A:$J, 4, False), "") -> 10.75 | F2: =iferror(vlookup($A2, 'Player Game Stats'!$A:$J, 5, False), "") -> 5.75 | G2: =iferror(vlookup($A2, 'Player Game Stats'!$A:$J, 6, False), "") -> 1 | H2: =iferror(vlookup($A2, 'Player Game Stats'!$A:$J, 7, False), "") -> 4 | I2: =IFERROR(vlookup($A2, 'Player Game Stats'!$A:$J, 8, False), "") -> 0 | J2: =iferror(vlookup($A2, 'Player Game Stats'!$A:$J, 9, False), "") -> 30.75 | K2: =iferror(vlookup($A2, 'Player Game Stats'!$A:$J, 10, False), "") -> 0.25903614 | L2: =K2*D2 -> 2.9012048 | M2: =iferror(L2*$L$75, "") -> 7.4747475
A3: =Draft!B48 -> Lucas | B3: =iferror(vlookup($A3, 'Player Game Stats'!$A:$J, 2, False), "") -> 6 | C3: =iferror(vlookup($A3, 'Player Game Stats'!$A:$J, 3, False), "") -> 0.33333333 | D3: =iferror(1.2*I3+1.1*H3+1.05*G3+1*F3, "") -> 19.216667 | E3: =iferror(vlookup($A3, 'Player Game Stats'!$A:$J, 4, False), "") -> 17.833333 | F3: =iferror(vlookup($A3, 'Player Game Stats'!$A:$J, 5, False), "") -> 5.1666667 | G3: =iferror(vlookup($A3, 'Player Game Stats'!$A:$J, 6, False), "") -> 1.3333333 | H3: =iferror(vlookup($A3, 'Player Game Stats'!$A:$J, 7, False), "") -> 9.5 | I3: =IFERROR(vlookup($A3, 'Player Game Stats'!$A:$J, 8, False), "") -> 1.8333333 | J3: =iferror(vlookup($A3, 'Player Game Stats'!$A:$J, 9, False), "") -> 26.666667 | K3: =iferror(vlookup($A3, 'Player Game Stats'!$A:$J, 10, False), "") -> 0.40074906 | L3: =K3*D3 -> 7.7010612 | M3: =iferror(L3*$L$75, "") -> 19.841235
A4: =Draft!B49 -> Porco | B4: =iferror(vlookup($A4, 'Player Game Stats'!$A:$J, 2, False), "") -> 6 | C4: =iferror(vlookup($A4, 'Player Game Stats'!$A:$J, 3, False), "") -> 0.33333333 | D4: =iferror(1.2*I4+1.1*H4+1.05*G4+1*F4, "") -> 13.075 | E4: =iferror(vlookup($A4, 'Player Game Stats'!$A:$J, 4, False), "") -> 12.166667 | F4: =iferror(vlookup($A4, 'Player Game Stats'!$A:$J, 5, False), "") -> 3.8333333 | G4: =iferror(vlookup($A4, 'Player Game Stats'!$A:$J, 6, False), "") -> 0.5 | H4: =iferror(vlookup($A4, 'Player Game Stats'!$A:$J, 7, False), "") -> 6.8333333 | I4: =IFERROR(vlookup($A4, 'Player Game Stats'!$A:$J, 8, False), "") -> 1 | J4: =iferror(vlookup($A4, 'Player Game Stats'!$A:$J, 9, False), "") -> 26.833333 | K4: =iferror(vlookup($A4, 'Player Game Stats'!$A:$J, 10, False), "") -> 0.31196581 | L4: =K4*D4 -> 4.078953 | M4: =iferror(L4*$L$75, "") -> 10.509132
A5: =Draft!B50 -> Andy Yu | B5: =iferror(vlookup($A5, 'Player Game Stats'!$A:$J, 2, False), "") -> 6 | C5: =iferror(vlookup($A5, 'Player Game Stats'!$A:$J, 3, False), "") -> 0.33333333 | D5: =iferror(1.2*I5+1.1*H5+1.05*G5+1*F5, "") -> 17.825 | E5: =iferror(vlookup($A5, 'Player Game Stats'!$A:$J, 4, False), "") -> 16.666667 | F5: =iferror(vlookup($A5, 'Player Game Stats'!$A:$J, 5, False), "") -> 5.8333333 | G5: =iferror(vlookup($A5, 'Player Game Stats'!$A:$J, 6, False), "") -> 2.1666667 | H5: =iferror(vlookup($A5, 'Player Game Stats'!$A:$J, 7, False), "") -> 6.8333333 | I5: =IFERROR(vlookup($A5, 'Player Game Stats'!$A:$J, 8, False), "") -> 1.8333333 | J5: =iferror(vlookup($A5, 'Player Game Stats'!$A:$J, 9, False), "") -> 27 | K5: =iferror(vlookup($A5, 'Player Game Stats'!$A:$J, 10, False), "") -> 0.38167939 | L5: =K5*D5 -> 6.8034351 | M5: =iferror(L5*$L$75, "") -> 17.528566
A6: =Draft!B51 -> Dli | B6: =iferror(vlookup($A6, 'Player Game Stats'!$A:$J, 2, False), "") -> 7 | C6: =iferror(vlookup($A6, 'Player Game Stats'!$A:$J, 3, False), "") -> 0.42857143 | D6: =iferror(1.2*I6+1.1*H6+1.05*G6+1*F6, "") -> 18.592857 | E6: =iferror(vlookup($A6, 'Player Game Stats'!$A:$J, 4, False), "") -> 17.857143 | F6: =iferror(vlookup($A6, 'Player Game Stats'!$A:$J, 5, False), "") -> 10.714286 | G6: =iferror(vlookup($A6, 'Player Game Stats'!$A:$J, 6, False), "") -> 0.71428571 | H6: =iferror(vlookup($A6, 'Player Game Stats'!$A:$J, 7, False), "") -> 5.8571429 | I6: =IFERROR(vlookup($A6, 'Player Game Stats'!$A:$J, 8, False), "") -> 0.57142857 | J6: =iferror(vlookup($A6, 'Player Game Stats'!$A:$J, 9, False), "") -> 26.142857 | K6: =iferror(vlookup($A6, 'Player Game Stats'!$A:$J, 10, False), "") -> 0.40584416 | L6: =K6*D6 -> 7.5458024 | M6: =iferror(L6*$L$75, "") -> 19.441222
A7: =Draft!B52 -> Somil | B7: =iferror(vlookup($A7, 'Player Game Stats'!$A:$J, 2, False), "") -> 4 | C7: =iferror(vlookup($A7, 'Player Game Stats'!$A:$J, 3, False), "") -> 0.25 | D7: =iferror(1.2*I7+1.1*H7+1.05*G7+1*F7, "") -> 15.8875 | E7: =iferror(vlookup($A7, 'Player Game Stats'!$A:$J, 4, False), "") -> 15.25 | F7: =iferror(vlookup($A7, 'Player Game Stats'!$A:$J, 5, False), "") -> 8.5 | G7: =iferror(vlookup($A7, 'Player Game Stats'!$A:$J, 6, False), "") -> 0.75 | H7: =iferror(vlookup($A7, 'Player Game Stats'!$A:$J, 7, False), "") -> 6 | I7: =IFERROR(vlookup($A7, 'Player Game Stats'!$A:$J, 8, False), "") -> 0 | J7: =iferror(vlookup($A7, 'Player Game Stats'!$A:$J, 9, False), "") -> 27.5 | K7: =iferror(vlookup($A7, 'Player Game Stats'!$A:$J, 10, False), "") -> 0.35672515 | L7: =K7*D7 -> 5.6674708 | M7: =iferror(L7*$L$75, "") -> 14.601835
A8: =Draft!B53 -> Vishal | B8: =iferror(vlookup($A8, 'Player Game Stats'!$A:$J, 2, False), "") -> 5 | C8: =iferror(vlookup($A8, 'Player Game Stats'!$A:$J, 3, False), "") -> 0.6 | D8: =iferror(1.2*I8+1.1*H8+1.05*G8+1*F8, "") -> 18.66 | E8: =iferror(vlookup($A8, 'Player Game Stats'!$A:$J, 4, False), "") -> 17.6 | F8: =iferror(vlookup($A8, 'Player Game Stats'!$A:$J, 5, False), "") -> 7.2 | G8: =iferror(vlookup($A8, 'Player Game Stats'!$A:$J, 6, False), "") -> 2.4 | H8: =iferror(vlookup($A8, 'Player Game Stats'!$A:$J, 7, False), "") -> 6.6 | I8: =IFERROR(vlookup($A8, 'Player Game Stats'!$A:$J, 8, False), "") -> 1.4 | J8: =iferror(vlookup($A8, 'Player Game Stats'!$A:$J, 9, False), "") -> 23 | K8: =iferror(vlookup($A8, 'Player Game Stats'!$A:$J, 10, False), "") -> 0.43349754 | L8: =K8*D8 -> 8.089064 | M8: =iferror(L8*$L$75, "") -> 20.840897
A9: =Draft!B54 -> Sam Ram | B9: =iferror(vlookup($A9, 'Player Game Stats'!$A:$J, 2, False), "") -> 0 | C9: =iferror(vlookup($A9, 'Player Game Stats'!$A:$J, 3, False), "") | D9: =iferror(1.2*I9+1.1*H9+1.05*G9+1*F9, "") -> 0 | E9: =iferror(vlookup($A9, 'Player Game Stats'!$A:$J, 4, False), "") | F9: =iferror(vlookup($A9, 'Player Game Stats'!$A:$J, 5, False), "") | G9: =iferror(vlookup($A9, 'Player Game Stats'!$A:$J, 6, False), "") | H9: =iferror(vlookup($A9, 'Player Game Stats'!$A:$J, 7, False), "") | I9: =IFERROR(vlookup($A9, 'Player Game Stats'!$A:$J, 8, False), "") | J9: =iferror(vlookup($A9, 'Player Game Stats'!$A:$J, 9, False), "") | K9: =iferror(vlookup($A9, 'Player Game Stats'!$A:$J, 10, False), "") | L9: =K9*D9 -> 0 | M9: =iferror(L9*$L$75, "") -> 0
A10: =Draft!B55 -> Chubbs | B10: =iferror(vlookup($A10, 'Player Game Stats'!$A:$J, 2, False), "") -> 0 | C10: =iferror(vlookup($A10, 'Player Game Stats'!$A:$J, 3, False), "") | D10: =iferror(1.2*I10+1.1*H10+1.05*G10+1*F10, "") -> 0 | E10: =iferror(vlookup($A10, 'Player Game Stats'!$A:$J, 4, False), "") | F10: =iferror(vlookup($A10, 'Player Game Stats'!$A:$J, 5, False), "") | G10: =iferror(vlookup($A10, 'Player Game Stats'!$A:$J, 6, False), "") | H10: =iferror(vlookup($A10, 'Player Game Stats'!$A:$J, 7, False), "") | I10: =IFERROR(vlookup($A10, 'Player Game Stats'!$A:$J, 8, False), "") | J10: =iferror(vlookup($A10, 'Player Game Stats'!$A:$J, 9, False), "") | K10: =iferror(vlookup($A10, 'Player Game Stats'!$A:$J, 10, False), "") | L10: =K10*D10 -> 0 | M10: =iferror(L10*$L$75, "") -> 0
A11: =Draft!B56 -> Daniel Mas | B11: =iferror(vlookup($A11, 'Player Game Stats'!$A:$J, 2, False), "") -> 0 | C11: =iferror(vlookup($A11, 'Player Game Stats'!$A:$J, 3, False), "") | D11: =iferror(1.2*I11+1.1*H11+1.05*G11+1*F11, "") -> 0 | E11: =iferror(vlookup($A11, 'Player Game Stats'!$A:$J, 4, False), "") | F11: =iferror(vlookup($A11, 'Player Game Stats'!$A:$J, 5, False), "") | G11: =iferror(vlookup($A11, 'Player Game Stats'!$A:$J, 6, False), "") | H11: =iferror(vlookup($A11, 'Player Game Stats'!$A:$J, 7, False), "") | I11: =IFERROR(vlookup($A11, 'Player Game Stats'!$A:$J, 8, False), "") | J11: =iferror(vlookup($A11, 'Player Game Stats'!$A:$J, 9, False), "") | K11: =iferror(vlookup($A11, 'Player Game Stats'!$A:$J, 10, False), "") | L11: =K11*D11 -> 0 | M11: =iferror(L11*$L$75, "") -> 0
A12: =Draft!B57 | B12: =iferror(vlookup($A12, 'Player Game Stats'!$A:$J, 2, False), "") | C12: =iferror(vlookup($A12, 'Player Game Stats'!$A:$J, 3, False), "") | D12: =iferror(1.2*I12+1.1*H12+1.05*G12+1*F12, "") -> 0 | E12: =iferror(vlookup($A12, 'Player Game Stats'!$A:$J, 4, False), "") | F12: =iferror(vlookup($A12, 'Player Game Stats'!$A:$J, 5, False), "") | G12: =iferror(vlookup($A12, 'Player Game Stats'!$A:$J, 6, False), "") | H12: =iferror(vlookup($A12, 'Player Game Stats'!$A:$J, 7, False), "") | I12: =IFERROR(vlookup($A12, 'Player Game Stats'!$A:$J, 8, False), "") | J12: =iferror(vlookup($A12, 'Player Game Stats'!$A:$J, 9, False), "") | K12: =iferror(vlookup($A12, 'Player Game Stats'!$A:$J, 10, False), "") | L12: =K12*D12 -> 0 | M12: =iferror(L12*$L$75, "") -> 0
A13: =Draft!B58 | B13: =iferror(vlookup($A13, 'Player Game Stats'!$A:$J, 2, False), "") | C13: =iferror(vlookup($A13, 'Player Game Stats'!$A:$J, 3, False), "") | D13: =iferror(1.2*I13+1.1*H13+1.05*G13+1*F13, "") -> 0 | E13: =iferror(vlookup($A13, 'Player Game Stats'!$A:$J, 4, False), "") | F13: =iferror(vlookup($A13, 'Player Game Stats'!$A:$J, 5, False), "") | G13: =iferror(vlookup($A13, 'Player Game Stats'!$A:$J, 6, False), "") | H13: =iferror(vlookup($A13, 'Player Game Stats'!$A:$J, 7, False), "") | I13: =IFERROR(vlookup($A13, 'Player Game Stats'!$A:$J, 8, False), "") | J13: =iferror(vlookup($A13, 'Player Game Stats'!$A:$J, 9, False), "") | K13: =iferror(vlookup($A13, 'Player Game Stats'!$A:$J, 10, False), "") | L13: =K13*D13 -> 0 | M13: =iferror(L13*$L$75, "") -> 0
A14: =Draft!C46 -> Du | B14: =iferror(vlookup($A14, 'Player Game Stats'!$K:$T, 2, False), "") -> 7 | C14: =iferror(vlookup($A14, 'Player Game Stats'!$K:$T, 3, False), "") -> 0.42857143 | D14: =iferror(1.2*I14+1.1*H14+1.05*G14+1*F14, "") -> 14.85 | E14: =iferror(vlookup($A14, 'Player Game Stats'!$K:$T, 4, False), "") -> 14 | F14: =iferror(vlookup($A14, 'Player Game Stats'!$K:$T, 5, False), "") -> 5.4285714 | G14: =iferror(vlookup($A14, 'Player Game Stats'!$K:$T, 6, False), "") -> 0.71428571 | H14: =iferror(vlookup($A14, 'Player Game Stats'!$K:$T, 7, False), "") -> 7.5714286 | I14: =iferror(vlookup($A14, 'Player Game Stats'!$K:$T, 8, False), "") -> 0.28571429 | J14: =iferror(vlookup($A14, 'Player Game Stats'!$K:$T, 9, False), "") -> 26.142857 | K14: =iferror(vlookup($A14, 'Player Game Stats'!$K:$T, 10, False), "") -> 0.34875445 | L14: =K14*D14 -> 5.1790036 | M14: =iferror(L14*$L$75, "") -> 13.343334
A15: =Draft!C48 -> Neo | B15: =iferror(vlookup($A15, 'Player Game Stats'!$K:$T, 2, False), "") -> 5 | C15: =iferror(vlookup($A15, 'Player Game Stats'!$K:$T, 3, False), "") -> 0.4 | D15: =iferror(1.2*I15+1.1*H15+1.05*G15+1*F15, "") -> 11.42 | E15: =iferror(vlookup($A15, 'Player Game Stats'!$K:$T, 4, False), "") -> 11 | F15: =iferror(vlookup($A15, 'Player Game Stats'!$K:$T, 5, False), "") -> 6.6 | G15: =iferror(vlookup($A15, 'Player Game Stats'!$K:$T, 6, False), "") -> 0.8 | H15: =iferror(vlookup($A15, 'Player Game Stats'!$K:$T, 7, False), "") -> 3.4 | I15: =iferror(vlookup($A15, 'Player Game Stats'!$K:$T, 8, False), "") -> 0.2 | J15: =iferror(vlookup($A15, 'Player Game Stats'!$K:$T, 9, False), "") -> 27.2 | K15: =iferror(vlookup($A15, 'Player Game Stats'!$K:$T, 10, False), "") -> 0.28795812 | L15: =K15*D15 -> 3.2884817 | M15: =iferror(L15*$L$75, "") -> 8.4725387
A16: =Draft!C49 -> Fritz | B16: =iferror(vlookup($A16, 'Player Game Stats'!$K:$T, 2, False), "") -> 7 | C16: =iferror(vlookup($A16, 'Player Game Stats'!$K:$T, 3, False), "") -> 0.42857143 | D16: =iferror(1.2*I16+1.1*H16+1.05*G16+1*F16, "") -> 22.492857 | E16: =iferror(vlookup($A16, 'Player Game Stats'!$K:$T, 4, False), "") -> 20.714286 | F16: =iferror(vlookup($A16, 'Player Game Stats'!$K:$T, 5, False), "") -> 4.5714286 | G16: =iferror(vlookup($A16, 'Player Game Stats'!$K:$T, 6, False), "") -> 3.8571429 | H16: =iferror(vlookup($A16, 'Player Game Stats'!$K:$T, 7, False), "") -> 8.7142857 | I16: =iferror(vlookup($A16, 'Player Game Stats'!$K:$T, 8, False), "") -> 3.5714286 | J16: =iferror(vlookup($A16, 'Player Game Stats'!$K:$T, 9, False), "") -> 23.142857 | K16: =iferror(vlookup($A16, 'Player Game Stats'!$K:$T, 10, False), "") -> 0.4723127 | L16: =K16*D16 -> 10.623662 | M16: =iferror(L16*$L$75, "") -> 27.371109
A17: =Draft!C50 -> Eric | B17: =iferror(vlookup($A17, 'Player Game Stats'!$K:$T, 2, False), "") -> 7 | C17: =iferror(vlookup($A17, 'Player Game Stats'!$K:$T, 3, False), "") -> 0.42857143 | D17: =iferror(1.2*I17+1.1*H17+1.05*G17+1*F17, "") -> 16.714286 | E17: =iferror(vlookup($A17, 'Player Game Stats'!$K:$T, 4, False), "") -> 15.714286 | F17: =iferror(vlookup($A17, 'Player Game Stats'!$K:$T, 5, False), "") -> 6.2857143 | G17: =iferror(vlookup($A17, 'Player Game Stats'!$K:$T, 6, False), "") -> 0.57142857 | H17: =iferror(vlookup($A17, 'Player Game Stats'!$K:$T, 7, False), "") -> 8 | I17: =iferror(vlookup($A17, 'Player Game Stats'!$K:$T, 8, False), "") -> 0.85714286 | J17: =iferror(vlookup($A17, 'Player Game Stats'!$K:$T, 9, False), "") -> 25.142857 | K17: =iferror(vlookup($A17, 'Player Game Stats'!$K:$T, 10, False), "") -> 0.38461538 | L17: =K17*D17 -> 6.4285714 | M17: =iferror(L17*$L$75, "") -> 16.562756
A18: =Draft!C51 -> Ilt | B18: =iferror(vlookup($A18, 'Player Game Stats'!$K:$T, 2, False), "") -> 5 | C18: =iferror(vlookup($A18, 'Player Game Stats'!$K:$T, 3, False), "") -> 0.4 | D18: =iferror(1.2*I18+1.1*H18+1.05*G18+1*F18, "") -> 12.01 | E18: =iferror(vlookup($A18, 'Player Game Stats'!$K:$T, 4, False), "") -> 11.8 | F18: =iferror(vlookup($A18, 'Player Game Stats'!$K:$T, 5, False), "") -> 9.8 | G18: =iferror(vlookup($A18, 'Player Game Stats'!$K:$T, 6, False), "") -> 0.2 | H18: =iferror(vlookup($A18, 'Player Game Stats'!$K:$T, 7, False), "") -> 1.6 | I18: =iferror(vlookup($A18, 'Player Game Stats'!$K:$T, 8, False), "") -> 0.2 | J18: =iferror(vlookup($A18, 'Player Game Stats'!$K:$T, 9, False), "") -> 27.4 | K18: =iferror(vlookup($A18, 'Player Game Stats'!$K:$T, 10, False), "") -> 0.30102041 | L18: =K18*D18 -> 3.6152551 | M18: =iferror(L18*$L$75, "") -> 9.3144471
A19: =Draft!C52 -> Matvey | B19: =iferror(vlookup($A19, 'Player Game Stats'!$K:$T, 2, False), "") -> 5 | C19: =iferror(vlookup($A19, 'Player Game Stats'!$K:$T, 3, False), "") -> 0.4 | D19: =iferror(1.2*I19+1.1*H19+1.05*G19+1*F19, "") -> 16.4 | E19: =iferror(vlookup($A19, 'Player Game Stats'!$K:$T, 4, False), "") -> 15.6 | F19: =iferror(vlookup($A19, 'Player Game Stats'!$K:$T, 5, False), "") -> 7.8 | G19: =iferror(vlookup($A19, 'Player Game Stats'!$K:$T, 6, False), "") -> 0.8 | H19: =iferror(vlookup($A19, 'Player Game Stats'!$K:$T, 7, False), "") -> 6.4 | I19: =iferror(vlookup($A19, 'Player Game Stats'!$K:$T, 8, False), "") -> 0.6 | J19: =iferror(vlookup($A19, 'Player Game Stats'!$K:$T, 9, False), "") -> 25.6 | K19: =iferror(vlookup($A19, 'Player Game Stats'!$K:$T, 10, False), "") -> 0.37864078 | L19: =K19*D19 -> 6.2097087 | M19: =iferror(L19*$L$75, "") -> 15.998872
A20: =Draft!C53 -> James | B20: =iferror(vlookup($A20, 'Player Game Stats'!$K:$T, 2, False), "") -> 1 | C20: =iferror(vlookup($A20, 'Player Game Stats'!$K:$T, 3, False), "") -> 0 | D20: =iferror(1.2*I20+1.1*H20+1.05*G20+1*F20, "") -> 11.6 | E20: =iferror(vlookup($A20, 'Player Game Stats'!$K:$T, 4, False), "") -> 11 | F20: =iferror(vlookup($A20, 'Player Game Stats'!$K:$T, 5, False), "") -> 6 | G20: =iferror(vlookup($A20, 'Player Game Stats'!$K:$T, 6, False), "") -> 0 | H20: =iferror(vlookup($A20, 'Player Game Stats'!$K:$T, 7, False), "") -> 4 | I20: =iferror(vlookup($A20, 'Player Game Stats'!$K:$T, 8, False), "") -> 1 | J20: =iferror(vlookup($A20, 'Player Game Stats'!$K:$T, 9, False), "") -> 21 | K20: =iferror(vlookup($A20, 'Player Game Stats'!$K:$T, 10, False), "") -> 0.34375 | L20: =K20*D20 -> 3.9875 | M20: =iferror(L20*$L$75, "") -> 10.27351
A21: =Draft!C54 -> Sebastian F | B21: =iferror(vlookup($A21, 'Player Game Stats'!$K:$T, 2, False), "") -> 0 | C21: =iferror(vlookup($A21, 'Player Game Stats'!$K:$T, 3, False), "") | D21: =iferror(1.2*I21+1.1*H21+1.05*G21+1*F21, "") -> 0 | E21: =iferror(vlookup($A21, 'Player Game Stats'!$K:$T, 4, False), "") | F21: =iferror(vlookup($A21, 'Player Game Stats'!$K:$T, 5, False), "") | G21: =iferror(vlookup($A21, 'Player Game Stats'!$K:$T, 6, False), "") | H21: =iferror(vlookup($A21, 'Player Game Stats'!$K:$T, 7, False), "") | I21: =iferror(vlookup($A21, 'Player Game Stats'!$K:$T, 8, False), "") | J21: =iferror(vlookup($A21, 'Player Game Stats'!$K:$T, 9, False), "") | K21: =iferror(vlookup($A21, 'Player Game Stats'!$K:$T, 10, False), "") | L21: =K21*D21 -> 0 | M21: =iferror(L21*$L$75, "") -> 0
A22: =Draft!C55 -> Erik | B22: =iferror(vlookup($A22, 'Player Game Stats'!$K:$T, 2, False), "") -> 0 | C22: =iferror(vlookup($A22, 'Player Game Stats'!$K:$T, 3, False), "") | D22: =iferror(1.2*I22+1.1*H22+1.05*G22+1*F22, "") -> 0 | E22: =iferror(vlookup($A22, 'Player Game Stats'!$K:$T, 4, False), "") | F22: =iferror(vlookup($A22, 'Player Game Stats'!$K:$T, 5, False), "") | G22: =iferror(vlookup($A22, 'Player Game Stats'!$K:$T, 6, False), "") | H22: =iferror(vlookup($A22, 'Player Game Stats'!$K:$T, 7, False), "") | I22: =iferror(vlookup($A22, 'Player Game Stats'!$K:$T, 8, False), "") | J22: =iferror(vlookup($A22, 'Player Game Stats'!$K:$T, 9, False), "") | K22: =iferror(vlookup($A22, 'Player Game Stats'!$K:$T, 10, False), "") | L22: =K22*D22 -> 0 | M22: =iferror(L22*$L$75, "") -> 0
A23: =Draft!C56 -> Jack Flori | B23: =iferror(vlookup($A23, 'Player Game Stats'!$K:$T, 2, False), "") -> 0 | C23: =iferror(vlookup($A23, 'Player Game Stats'!$K:$T, 3, False), "") | D23: =iferror(1.2*I23+1.1*H23+1.05*G23+1*F23, "") -> 0 | E23: =iferror(vlookup($A23, 'Player Game Stats'!$K:$T, 4, False), "") | F23: =iferror(vlookup($A23, 'Player Game Stats'!$K:$T, 5, False), "") | G23: =iferror(vlookup($A23, 'Player Game Stats'!$K:$T, 6, False), "") | H23: =iferror(vlookup($A23, 'Player Game Stats'!$K:$T, 7, False), "") | I23: =iferror(vlookup($A23, 'Player Game Stats'!$K:$T, 8, False), "") | J23: =iferror(vlookup($A23, 'Player Game Stats'!$K:$T, 9, False), "") | K23: =iferror(vlookup($A23, 'Player Game Stats'!$K:$T, 10, False), "") | L23: =K23*D23 -> 0 | M23: =iferror(L23*$L$75, "") -> 0
A24: =Draft!C57 | B24: =iferror(vlookup($A24, 'Player Game Stats'!$K:$T, 2, False), "") | C24: =iferror(vlookup($A24, 'Player Game Stats'!$K:$T, 3, False), "") | D24: =iferror(1.2*I24+1.1*H24+1.05*G24+1*F24, "") -> 0 | E24: =iferror(vlookup($A24, 'Player Game Stats'!$K:$T, 4, False), "") | F24: =iferror(vlookup($A24, 'Player Game Stats'!$K:$T, 5, False), "") | G24: =iferror(vlookup($A24, 'Player Game Stats'!$K:$T, 6, False), "") | H24: =iferror(vlookup($A24, 'Player Game Stats'!$K:$T, 7, False), "") | I24: =iferror(vlookup($A24, 'Player Game Stats'!$K:$T, 8, False), "") | J24: =iferror(vlookup($A24, 'Player Game Stats'!$K:$T, 9, False), "") | K24: =iferror(vlookup($A24, 'Player Game Stats'!$K:$T, 10, False), "") | L24: =K24*D24 -> 0 | M24: =iferror(L24*$L$75, "") -> 0
A25: =Draft!C58 | B25: =iferror(vlookup($A25, 'Player Game Stats'!$K:$T, 2, False), "") | C25: =iferror(vlookup($A25, 'Player Game Stats'!$K:$T, 3, False), "") | D25: =iferror(1.2*I25+1.1*H25+1.05*G25+1*F25, "") -> 0 | E25: =iferror(vlookup($A25, 'Player Game Stats'!$K:$T, 4, False), "") | F25: =iferror(vlookup($A25, 'Player Game Stats'!$K:$T, 5, False), "") | G25: =iferror(vlookup($A25, 'Player Game Stats'!$K:$T, 6, False), "") | H25: =iferror(vlookup($A25, 'Player Game Stats'!$K:$T, 7, False), "") | I25: =iferror(vlookup($A25, 'Player Game Stats'!$K:$T, 8, False), "") | J25: =iferror(vlookup($A25, 'Player Game Stats'!$K:$T, 9, False), "") | K25: =iferror(vlookup($A25, 'Player Game Stats'!$K:$T, 10, False), "") | L25: =K25*D25 -> 0 | M25: =iferror(L25*$L$75, "") -> 0
A26: =Draft!D46 -> John | B26: =iferror(vlookup($A26, 'Player Game Stats'!$U:$AD, 2, False), "") -> 7 | C26: =iferror(vlookup($A26, 'Player Game Stats'!$U:$AD, 3, False), "") -> 0.42857143 | D26: =iferror(1.2*I26+1.1*H26+1.05*G26+1*F26, "") -> 21.592857 | E26: =iferror(vlookup($A26, 'Player Game Stats'!$U:$AD, 4, False), "") -> 20.428571 | F26: =iferror(vlookup($A26, 'Player Game Stats'!$U:$AD, 5, False), "") -> 9.5714286 | G26: =iferror(vlookup($A26, 'Player Game Stats'!$U:$AD, 6, False), "") -> 3.2857143 | H26: =iferror(vlookup($A26, 'Player Game Stats'!$U:$AD, 7, False), "") -> 5.1428571 | I26: =iferror(vlookup($A26, 'Player Game Stats'!$U:$AD, 8, False), "") -> 2.4285714 | J26: =iferror(vlookup($A26, 'Player Game Stats'!$U:$AD, 9, False), "") -> 22 | K26: =iferror(vlookup($A26, 'Player Game Stats'!$U:$AD, 10, False), "") -> 0.48148148 | L26: =K26*D26 -> 10.396561 | M26: =iferror(L26*$L$75, "") -> 26.785998
A27: =Draft!D48 -> Cole | B27: =iferror(vlookup($A27, 'Player Game Stats'!$U:$AD, 2, False), "") -> 7 | C27: =iferror(vlookup($A27, 'Player Game Stats'!$U:$AD, 3, False), "") -> 0.42857143 | D27: =iferror(1.2*I27+1.1*H27+1.05*G27+1*F27, "") -> 20.942857 | E27: =iferror(vlookup($A27, 'Player Game Stats'!$U:$AD, 4, False), "") -> 19.857143 | F27: =iferror(vlookup($A27, 'Player Game Stats'!$U:$AD, 5, False), "") -> 9.4285714 | G27: =iferror(vlookup($A27, 'Player Game Stats'!$U:$AD, 6, False), "") -> 1.1428571 | H27: =iferror(vlookup($A27, 'Player Game Stats'!$U:$AD, 7, False), "") -> 8.2857143 | I27: =iferror(vlookup($A27, 'Player Game Stats'!$U:$AD, 8, False), "") -> 1 | J27: =iferror(vlookup($A27, 'Player Game Stats'!$U:$AD, 9, False), "") -> 22.571429 | K27: =iferror(vlookup($A27, 'Player Game Stats'!$U:$AD, 10, False), "") -> 0.46801347 | L27: =K27*D27 -> 9.8015392 | M27: =iferror(L27*$L$75, "") -> 25.252967
A28: =Draft!D49 -> Dannegger | B28: =iferror(vlookup($A28, 'Player Game Stats'!$U:$AD, 2, False), "") -> 7 | C28: =iferror(vlookup($A28, 'Player Game Stats'!$U:$AD, 3, False), "") -> 0.42857143 | D28: =iferror(1.2*I28+1.1*H28+1.05*G28+1*F28, "") -> 17.621429 | E28: =iferror(vlookup($A28, 'Player Game Stats'!$U:$AD, 4, False), "") -> 16.571429 | F28: =iferror(vlookup($A28, 'Player Game Stats'!$U:$AD, 5, False), "") -> 6.8571429 | G28: =iferror(vlookup($A28, 'Player Game Stats'!$U:$AD, 6, False), "") -> 1.5714286 | H28: =iferror(vlookup($A28, 'Player Game Stats'!$U:$AD, 7, False), "") -> 6.5714286 | I28: =iferror(vlookup($A28, 'Player Game Stats'!$U:$AD, 8, False), "") -> 1.5714286 | J28: =iferror(vlookup($A28, 'Player Game Stats'!$U:$AD, 9, False), "") -> 23.428571 | K28: =iferror(vlookup($A28, 'Player Game Stats'!$U:$AD, 10, False), "") -> 0.41428571 | L28: =K28*D28 -> 7.3003061 | M28: =iferror(L28*$L$75, "") -> 18.808719
A29: =Draft!D50 -> KZ | B29: =iferror(vlookup($A29, 'Player Game Stats'!$U:$AD, 2, False), "") -> 6 | C29: =iferror(vlookup($A29, 'Player Game Stats'!$U:$AD, 3, False), "") -> 0.5 | D29: =iferror(1.2*I29+1.1*H29+1.05*G29+1*F29, "") -> 14.783333 | E29: =iferror(vlookup($A29, 'Player Game Stats'!$U:$AD, 4, False), "") -> 14 | F29: =iferror(vlookup($A29, 'Player Game Stats'!$U:$AD, 5, False), "") -> 6.3333333 | G29: =iferror(vlookup($A29, 'Player Game Stats'!$U:$AD, 6, False), "") -> 0 | H29: =iferror(vlookup($A29, 'Player Game Stats'!$U:$AD, 7, False), "") -> 7.5 | I29: =iferror(vlookup($A29, 'Player Game Stats'!$U:$AD, 8, False), "") -> 0.16666667 | J29: =iferror(vlookup($A29, 'Player Game Stats'!$U:$AD, 9, False), "") -> 24 | K29: =iferror(vlookup($A29, 'Player Game Stats'!$U:$AD, 10, False), "") -> 0.36842105 | L29: =K29*D29 -> 5.4464912 | M29: =iferror(L29*$L$75, "") -> 14.032497
A30: =Draft!D51 -> Adi | B30: =iferror(vlookup($A30, 'Player Game Stats'!$U:$AD, 2, False), "") -> 5 | C30: =iferror(vlookup($A30, 'Player Game Stats'!$U:$AD, 3, False), "") -> 0.6 | D30: =iferror(1.2*I30+1.1*H30+1.05*G30+1*F30, "") -> 15.76 | E30: =iferror(vlookup($A30, 'Player Game Stats'!$U:$AD, 4, False), "") -> 14.6 | F30: =iferror(vlookup($A30, 'Player Game Stats'!$U:$AD, 5, False), "") -> 4 | G30: =iferror(vlookup($A30, 'Player Game Stats'!$U:$AD, 6, False), "") -> 0 | H30: =iferror(vlookup($A30, 'Player Game Stats'!$U:$AD, 7, False), "") -> 9.6 | I30: =iferror(vlookup($A30, 'Player Game Stats'!$U:$AD, 8, False), "") -> 1 | J30: =iferror(vlookup($A30, 'Player Game Stats'!$U:$AD, 9, False), "") -> 23.4 | K30: =iferror(vlookup($A30, 'Player Game Stats'!$U:$AD, 10, False), "") -> 0.38421053 | L30: =K30*D30 -> 6.0551579 | M30: =iferror(L30*$L$75, "") -> 15.600683
A31: =Draft!D52 -> Gavin | B31: =iferror(vlookup($A31, 'Player Game Stats'!$U:$AD, 2, False), "") -> 3 | C31: =iferror(vlookup($A31, 'Player Game Stats'!$U:$AD, 3, False), "") -> 0.66666667 | D31: =iferror(1.2*I31+1.1*H31+1.05*G31+1*F31, "") -> 13.55 | E31: =iferror(vlookup($A31, 'Player Game Stats'!$U:$AD, 4, False), "") -> 13 | F31: =iferror(vlookup($A31, 'Player Game Stats'!$U:$AD, 5, False), "") -> 7.6666667 | G31: =iferror(vlookup($A31, 'Player Game Stats'!$U:$AD, 6, False), "") -> 0.33333333 | H31: =iferror(vlookup($A31, 'Player Game Stats'!$U:$AD, 7, False), "") -> 4.6666667 | I31: =iferror(vlookup($A31, 'Player Game Stats'!$U:$AD, 8, False), "") -> 0.33333333 | J31: =iferror(vlookup($A31, 'Player Game Stats'!$U:$AD, 9, False), "") -> 25.666667 | K31: =iferror(vlookup($A31, 'Player Game Stats'!$U:$AD, 10, False), "") -> 0.3362069 | L31: =K31*D31 -> 4.5556034 | M31: =iferror(L31*$L$75, "") -> 11.737188
A32: =Draft!D53 -> DPJ | B32: =iferror(vlookup($A32, 'Player Game Stats'!$U:$AD, 2, False), "") -> 0 | C32: =iferror(vlookup($A32, 'Player Game Stats'!$U:$AD, 3, False), "") | D32: =iferror(1.2*I32+1.1*H32+1.05*G32+1*F32, "") -> 0 | E32: =iferror(vlookup($A32, 'Player Game Stats'!$U:$AD, 4, False), "") | F32: =iferror(vlookup($A32, 'Player Game Stats'!$U:$AD, 5, False), "") | G32: =iferror(vlookup($A32, 'Player Game Stats'!$U:$AD, 6, False), "") | H32: =iferror(vlookup($A32, 'Player Game Stats'!$U:$AD, 7, False), "") | I32: =iferror(vlookup($A32, 'Player Game Stats'!$U:$AD, 8, False), "") | J32: =iferror(vlookup($A32, 'Player Game Stats'!$U:$AD, 9, False), "") | K32: =iferror(vlookup($A32, 'Player Game Stats'!$U:$AD, 10, False), "") | L32: =K32*D32 -> 0 | M32: =iferror(L32*$L$75, "") -> 0
A33: =Draft!D54 -> Kento | B33: =iferror(vlookup($A33, 'Player Game Stats'!$U:$AD, 2, False), "") -> 4 | C33: =iferror(vlookup($A33, 'Player Game Stats'!$U:$AD, 3, False), "") -> 0.25 | D33: =iferror(1.2*I33+1.1*H33+1.05*G33+1*F33, "") -> 15.0875 | E33: =iferror(vlookup($A33, 'Player Game Stats'!$U:$AD, 4, False), "") -> 14.75 | F33: =iferror(vlookup($A33, 'Player Game Stats'!$U:$AD, 5, False), "") -> 11.25 | G33: =iferror(vlookup($A33, 'Player Game Stats'!$U:$AD, 6, False), "") -> 0.25 | H33: =iferror(vlookup($A33, 'Player Game Stats'!$U:$AD, 7, False), "") -> 3.25 | I33: =iferror(vlookup($A33, 'Player Game Stats'!$U:$AD, 8, False), "") -> 0 | J33: =iferror(vlookup($A33, 'Player Game Stats'!$U:$AD, 9, False), "") -> 23.75 | K33: =iferror(vlookup($A33, 'Player Game Stats'!$U:$AD, 10, False), "") -> 0.38311688 | L33: =K33*D33 -> 5.780276 | M33: =iferror(L33*$L$75, "") -> 14.892469
B34: =iferror(vlookup($A34, 'Player Game Stats'!$U:$AD, 2, False), "") | C34: =iferror(vlookup($A34, 'Player Game Stats'!$U:$AD, 3, False), "") | D34: =iferror(1.2*I34+1.1*H34+1.05*G34+1*F34, "") -> 0 | E34: =iferror(vlookup($A34, 'Player Game Stats'!$U:$AD, 4, False), "") | F34: =iferror(vlookup($A34, 'Player Game Stats'!$U:$AD, 5, False), "") | G34: =iferror(vlookup($A34, 'Player Game Stats'!$U:$AD, 6, False), "") | H34: =iferror(vlookup($A34, 'Player Game Stats'!$U:$AD, 7, False), "") | I34: =iferror(vlookup($A34, 'Player Game Stats'!$U:$AD, 8, False), "") | J34: =iferror(vlookup($A34, 'Player Game Stats'!$U:$AD, 9, False), "") | K34: =iferror(vlookup($A34, 'Player Game Stats'!$U:$AD, 10, False), "") | L34: =K34*D34 -> 0 | M34: =iferror(L34*$L$75, "") -> 0
A35: =Draft!D56 | B35: =iferror(vlookup($A35, 'Player Game Stats'!$U:$AD, 2, False), "") | C35: =iferror(vlookup($A35, 'Player Game Stats'!$U:$AD, 3, False), "") | D35: =iferror(1.2*I35+1.1*H35+1.05*G35+1*F35, "") -> 0 | E35: =iferror(vlookup($A35, 'Player Game Stats'!$U:$AD, 4, False), "") | F35: =iferror(vlookup($A35, 'Player Game Stats'!$U:$AD, 5, False), "") | G35: =iferror(vlookup($A35, 'Player Game Stats'!$U:$AD, 6, False), "") | H35: =iferror(vlookup($A35, 'Player Game Stats'!$U:$AD, 7, False), "") | I35: =iferror(vlookup($A35, 'Player Game Stats'!$U:$AD, 8, False), "") | J35: =iferror(vlookup($A35, 'Player Game Stats'!$U:$AD, 9, False), "") | K35: =iferror(vlookup($A35, 'Player Game Stats'!$U:$AD, 10, False), "") | L35: =K35*D35 -> 0 | M35: =iferror(L35*$L$75, "") -> 0
A36: =Draft!D57 | B36: =iferror(vlookup($A36, 'Player Game Stats'!$U:$AD, 2, False), "") | C36: =iferror(vlookup($A36, 'Player Game Stats'!$U:$AD, 3, False), "") | D36: =iferror(1.2*I36+1.1*H36+1.05*G36+1*F36, "") -> 0 | E36: =iferror(vlookup($A36, 'Player Game Stats'!$U:$AD, 4, False), "") | F36: =iferror(vlookup($A36, 'Player Game Stats'!$U:$AD, 5, False), "") | G36: =iferror(vlookup($A36, 'Player Game Stats'!$U:$AD, 6, False), "") | H36: =iferror(vlookup($A36, 'Player Game Stats'!$U:$AD, 7, False), "") | I36: =iferror(vlookup($A36, 'Player Game Stats'!$U:$AD, 8, False), "") | J36: =iferror(vlookup($A36, 'Player Game Stats'!$U:$AD, 9, False), "") | K36: =iferror(vlookup($A36, 'Player Game Stats'!$U:$AD, 10, False), "") | L36: =K36*D36 -> 0 | M36: =iferror(L36*$L$75, "") -> 0
A37: =Draft!D58 | B37: =iferror(vlookup($A37, 'Player Game Stats'!$U:$AD, 2, False), "") | C37: =iferror(vlookup($A37, 'Player Game Stats'!$U:$AD, 3, False), "") | D37: =iferror(1.2*I37+1.1*H37+1.05*G37+1*F37, "") -> 0 | E37: =iferror(vlookup($A37, 'Player Game Stats'!$U:$AD, 4, False), "") | F37: =iferror(vlookup($A37, 'Player Game Stats'!$U:$AD, 5, False), "") | G37: =iferror(vlookup($A37, 'Player Game Stats'!$U:$AD, 6, False), "") | H37: =iferror(vlookup($A37, 'Player Game Stats'!$U:$AD, 7, False), "") | I37: =iferror(vlookup($A37, 'Player Game Stats'!$U:$AD, 8, False), "") | J37: =iferror(vlookup($A37, 'Player Game Stats'!$U:$AD, 9, False), "") | K37: =iferror(vlookup($A37, 'Player Game Stats'!$U:$AD, 10, False), "") | L37: =K37*D37 -> 0 | M37: =iferror(L37*$L$75, "") -> 0
A38: =Draft!E46 -> Guel | B38: =iferror(vlookup($A38, 'Player Game Stats'!$AE:$AN, 2, False), "") -> 7 | C38: =iferror(vlookup($A38, 'Player Game Stats'!$AE:$AN, 3, False), "") -> 0.42857143 | D38: =iferror(1.2*I38+1.1*H38+1.05*G38+1*F38, "") -> 21.107143 | E38: =iferror(vlookup($A38, 'Player Game Stats'!$AE:$AN, 4, False), "") -> 19.857143 | F38: =iferror(vlookup($A38, 'Player Game Stats'!$AE:$AN, 5, False), "") -> 7.8571429 | G38: =iferror(vlookup($A38, 'Player Game Stats'!$AE:$AN, 6, False), "") -> 3.2857143 | H38: =iferror(vlookup($A38, 'Player Game Stats'!$AE:$AN, 7, False), "") -> 6.5714286 | I38: =iferror(vlookup($A38, 'Player Game Stats'!$AE:$AN, 8, False), "") -> 2.1428571 | J38: =iferror(vlookup($A38, 'Player Game Stats'!$AE:$AN, 9, False), "") -> 27.857143 | K38: =iferror(vlookup($A38, 'Player Game Stats'!$AE:$AN, 10, False), "") -> 0.41616766 | L38: =K38*D38 -> 8.7841104 | M38: =iferror(L38*$L$75, "") -> 22.631634
A39: =Draft!E48 -> Pasha | B39: =iferror(vlookup($A39, 'Player Game Stats'!$AE:$AN, 2, False), "") -> 7 | C39: =iferror(vlookup($A39, 'Player Game Stats'!$AE:$AN, 3, False), "") -> 0.42857143 | D39: =iferror(1.2*I39+1.1*H39+1.05*G39+1*F39, "") -> 19.628571 | E39: =iferror(vlookup($A39, 'Player Game Stats'!$AE:$AN, 4, False), "") -> 18.571429 | F39: =iferror(vlookup($A39, 'Player Game Stats'!$AE:$AN, 5, False), "") -> 8.2857143 | G39: =iferror(vlookup($A39, 'Player Game Stats'!$AE:$AN, 6, False), "") -> 0 | H39: =iferror(vlookup($A39, 'Player Game Stats'!$AE:$AN, 7, False), "") -> 10 | I39: =iferror(vlookup($A39, 'Player Game Stats'!$AE:$AN, 8, False), "") -> 0.28571429 | J39: =iferror(vlookup($A39, 'Player Game Stats'!$AE:$AN, 9, False), "") -> 28.428571 | K39: =iferror(vlookup($A39, 'Player Game Stats'!$AE:$AN, 10, False), "") -> 0.39513678 | L39: =K39*D39 -> 7.7559705 | M39: =iferror(L39*$L$75, "") -> 19.982705
A40: =Draft!E49 -> Yost | B40: =iferror(vlookup($A40, 'Player Game Stats'!$AE:$AN, 2, False), "") -> 7 | C40: =iferror(vlookup($A40, 'Player Game Stats'!$AE:$AN, 3, False), "") -> 0.42857143 | D40: =iferror(1.2*I40+1.1*H40+1.05*G40+1*F40, "") -> 18 | E40: =iferror(vlookup($A40, 'Player Game Stats'!$AE:$AN, 4, False), "") -> 16.571429 | F40: =iferror(vlookup($A40, 'Player Game Stats'!$AE:$AN, 5, False), "") -> 3.8571429 | G40: =iferror(vlookup($A40, 'Player Game Stats'!$AE:$AN, 6, False), "") -> 1.4285714 | H40: =iferror(vlookup($A40, 'Player Game Stats'!$AE:$AN, 7, False), "") -> 9 | I40: =iferror(vlookup($A40, 'Player Game Stats'!$AE:$AN, 8, False), "") -> 2.2857143 | J40: =iferror(vlookup($A40, 'Player Game Stats'!$AE:$AN, 9, False), "") -> 28.428571 | K40: =iferror(vlookup($A40, 'Player Game Stats'!$AE:$AN, 10, False), "") -> 0.36825397 | L40: =K40*D40 -> 6.6285714 | M40: =iferror(L40*$L$75, "") -> 17.078042
A41: =Draft!E50 -> Sean | B41: =iferror(vlookup($A41, 'Player Game Stats'!$AE:$AN, 2, False), "") -> 6 | C41: =iferror(vlookup($A41, 'Player Game Stats'!$AE:$AN, 3, False), "") -> 0.5 | D41: =iferror(1.2*I41+1.1*H41+1.05*G41+1*F41, "") -> 13.541667 | E41: =iferror(vlookup($A41, 'Player Game Stats'!$AE:$AN, 4, False), "") -> 12.666667 | F41: =iferror(vlookup($A41, 'Player Game Stats'!$AE:$AN, 5, False), "") -> 4.3333333 | G41: =iferror(vlookup($A41, 'Player Game Stats'!$AE:$AN, 6, False), "") -> 1.8333333 | H41: =iferror(vlookup($A41, 'Player Game Stats'!$AE:$AN, 7, False), "") -> 5.1666667 | I41: =iferror(vlookup($A41, 'Player Game Stats'!$AE:$AN, 8, False), "") -> 1.3333333 | J41: =iferror(vlookup($A41, 'Player Game Stats'!$AE:$AN, 9, False), "") -> 29.5 | K41: =iferror(vlookup($A41, 'Player Game Stats'!$AE:$AN, 10, False), "") -> 0.30039526 | L41: =K41*D41 -> 4.0678524 | M41: =iferror(L41*$L$75, "") -> 10.480532
A42: =Draft!E51 -> Samos | B42: =iferror(vlookup($A42, 'Player Game Stats'!$AE:$AN, 2, False), "") -> 7 | C42: =iferror(vlookup($A42, 'Player Game Stats'!$AE:$AN, 3, False), "") -> 0.57142857 | D42: =iferror(1.2*I42+1.1*H42+1.05*G42+1*F42, "") -> 17.2 | E42: =iferror(vlookup($A42, 'Player Game Stats'!$AE:$AN, 4, False), "") -> 16.714286 | F42: =iferror(vlookup($A42, 'Player Game Stats'!$AE:$AN, 5, False), "") -> 11.571429 | G42: =iferror(vlookup($A42, 'Player Game Stats'!$AE:$AN, 6, False), "") -> 0.85714286 | H42: =iferror(vlookup($A42, 'Player Game Stats'!$AE:$AN, 7, False), "") -> 4.1428571 | I42: =iferror(vlookup($A42, 'Player Game Stats'!$AE:$AN, 8, False), "") -> 0.14285714 | J42: =iferror(vlookup($A42, 'Player Game Stats'!$AE:$AN, 9, False), "") -> 28.142857 | K42: =iferror(vlookup($A42, 'Player Game Stats'!$AE:$AN, 10, False), "") -> 0.37261146 | L42: =K42*D42 -> 6.4089172 | M42: =iferror(L42*$L$75, "") -> 16.512118
A43: =Draft!E52 -> Soho | B43: =iferror(vlookup($A43, 'Player Game Stats'!$AE:$AN, 2, False), "") -> 4 | C43: =iferror(vlookup($A43, 'Player Game Stats'!$AE:$AN, 3, False), "") -> 0.5 | D43: =iferror(1.2*I43+1.1*H43+1.05*G43+1*F43, "") -> 14.775 | E43: =iferror(vlookup($A43, 'Player Game Stats'!$AE:$AN, 4, False), "") -> 14.5 | F43: =iferror(vlookup($A43, 'Player Game Stats'!$AE:$AN, 5, False), "") -> 11.5 | G43: =iferror(vlookup($A43, 'Player Game Stats'!$AE:$AN, 6, False), "") -> 0.5 | H43: =iferror(vlookup($A43, 'Player Game Stats'!$AE:$AN, 7, False), "") -> 2.5 | I43: =iferror(vlookup($A43, 'Player Game Stats'!$AE:$AN, 8, False), "") -> 0 | J43: =iferror(vlookup($A43, 'Player Game Stats'!$AE:$AN, 9, False), "") -> 31.25 | K43: =iferror(vlookup($A43, 'Player Game Stats'!$AE:$AN, 10, False), "") -> 0.31693989 | L43: =K43*D43 -> 4.6827869 | M43: =iferror(L43*$L$75, "") -> 12.064867
A44: =Draft!E53 -> Haldar | B44: =iferror(vlookup($A44, 'Player Game Stats'!$AE:$AN, 2, False), "") -> 1 | C44: =iferror(vlookup($A44, 'Player Game Stats'!$AE:$AN, 3, False), "") -> 0 | D44: =iferror(1.2*I44+1.1*H44+1.05*G44+1*F44, "") -> 20.2 | E44: =iferror(vlookup($A44, 'Player Game Stats'!$AE:$AN, 4, False), "") -> 19 | F44: =iferror(vlookup($A44, 'Player Game Stats'!$AE:$AN, 5, False), "") -> 7 | G44: =iferror(vlookup($A44, 'Player Game Stats'!$AE:$AN, 6, False), "") -> 2 | H44: =iferror(vlookup($A44, 'Player Game Stats'!$AE:$AN, 7, False), "") -> 9 | I44: =iferror(vlookup($A44, 'Player Game Stats'!$AE:$AN, 8, False), "") -> 1 | J44: =iferror(vlookup($A44, 'Player Game Stats'!$AE:$AN, 9, False), "") -> 29 | K44: =iferror(vlookup($A44, 'Player Game Stats'!$AE:$AN, 10, False), "") -> 0.39583333 | L44: =K44*D44 -> 7.9958333 | M44: =iferror(L44*$L$75, "") -> 20.600695
A45: =Draft!E54 -> Dji | B45: =iferror(vlookup($A45, 'Player Game Stats'!$AE:$AN, 2, False), "") -> 4 | C45: =iferror(vlookup($A45, 'Player Game Stats'!$AE:$AN, 3, False), "") -> 0.25 | D45: =iferror(1.2*I45+1.1*H45+1.05*G45+1*F45, "") -> 12.65 | E45: =iferror(vlookup($A45, 'Player Game Stats'!$AE:$AN, 4, False), "") -> 12.25 | F45: =iferror(vlookup($A45, 'Player Game Stats'!$AE:$AN, 5, False), "") -> 8.25 | G45: =iferror(vlookup($A45, 'Player Game Stats'!$AE:$AN, 6, False), "") -> 0.5 | H45: =iferror(vlookup($A45, 'Player Game Stats'!$AE:$AN, 7, False), "") -> 3.25 | I45: =iferror(vlookup($A45, 'Player Game Stats'!$AE:$AN, 8, False), "") -> 0.25 | J45: =iferror(vlookup($A45, 'Player Game Stats'!$AE:$AN, 9, False), "") -> 28.5 | K45: =iferror(vlookup($A45, 'Player Game Stats'!$AE:$AN, 10, False), "") -> 0.3006135 | L45: =K45*D45 -> 3.8027607 | M45: =iferror(L45*$L$75, "") -> 9.7975421
A46: =Draft!E55 -> Luebke | B46: =iferror(vlookup($A46, 'Player Game Stats'!$AE:$AN, 2, False), "") -> 0 | C46: =iferror(vlookup($A46, 'Player Game Stats'!$AE:$AN, 3, False), "") | D46: =iferror(1.2*I46+1.1*H46+1.05*G46+1*F46, "") -> 0 | E46: =iferror(vlookup($A46, 'Player Game Stats'!$AE:$AN, 4, False), "") | F46: =iferror(vlookup($A46, 'Player Game Stats'!$AE:$AN, 5, False), "") | G46: =iferror(vlookup($A46, 'Player Game Stats'!$AE:$AN, 6, False), "") | H46: =iferror(vlookup($A46, 'Player Game Stats'!$AE:$AN, 7, False), "") | I46: =iferror(vlookup($A46, 'Player Game Stats'!$AE:$AN, 8, False), "") | J46: =iferror(vlookup($A46, 'Player Game Stats'!$AE:$AN, 9, False), "") | K46: =iferror(vlookup($A46, 'Player Game Stats'!$AE:$AN, 10, False), "") | L46: =K46*D46 -> 0 | M46: =iferror(L46*$L$75, "") -> 0
A47: =Draft!E56 -> David Cerrato | B47: =iferror(vlookup($A47, 'Player Game Stats'!$AE:$AN, 2, False), "") -> 0 | C47: =iferror(vlookup($A47, 'Player Game Stats'!$AE:$AN, 3, False), "") | D47: =iferror(1.2*I47+1.1*H47+1.05*G47+1*F47, "") -> 0 | E47: =iferror(vlookup($A47, 'Player Game Stats'!$AE:$AN, 4, False), "") | F47: =iferror(vlookup($A47, 'Player Game Stats'!$AE:$AN, 5, False), "") | G47: =iferror(vlookup($A47, 'Player Game Stats'!$AE:$AN, 6, False), "") | H47: =iferror(vlookup($A47, 'Player Game Stats'!$AE:$AN, 7, False), "") | I47: =iferror(vlookup($A47, 'Player Game Stats'!$AE:$AN, 8, False), "") | J47: =iferror(vlookup($A47, 'Player Game Stats'!$AE:$AN, 9, False), "") | K47: =iferror(vlookup($A47, 'Player Game Stats'!$AE:$AN, 10, False), "") | L47: =K47*D47 -> 0 | M47: =iferror(L47*$L$75, "") -> 0
A48: =Draft!E57 -> Will He | B48: =iferror(vlookup($A48, 'Player Game Stats'!$AE:$AN, 2, False), "") -> 0 | C48: =iferror(vlookup($A48, 'Player Game Stats'!$AE:$AN, 3, False), "") | D48: =iferror(1.2*I48+1.1*H48+1.05*G48+1*F48, "") -> 0 | E48: =iferror(vlookup($A48, 'Player Game Stats'!$AE:$AN, 4, False), "") | F48: =iferror(vlookup($A48, 'Player Game Stats'!$AE:$AN, 5, False), "") | G48: =iferror(vlookup($A48, 'Player Game Stats'!$AE:$AN, 6, False), "") | H48: =iferror(vlookup($A48, 'Player Game Stats'!$AE:$AN, 7, False), "") | I48: =iferror(vlookup($A48, 'Player Game Stats'!$AE:$AN, 8, False), "") | J48: =iferror(vlookup($A48, 'Player Game Stats'!$AE:$AN, 9, False), "") | K48: =iferror(vlookup($A48, 'Player Game Stats'!$AE:$AN, 10, False), "") | L48: =K48*D48 -> 0 | M48: =iferror(L48*$L$75, "") -> 0
A49: =Draft!E58 | B49: =iferror(vlookup($A49, 'Player Game Stats'!$AE:$AN, 2, False), "") | C49: =iferror(vlookup($A49, 'Player Game Stats'!$AE:$AN, 3, False), "") | D49: =iferror(1.2*I49+1.1*H49+1.05*G49+1*F49, "") -> 0 | E49: =iferror(vlookup($A49, 'Player Game Stats'!$AE:$AN, 4, False), "") | F49: =iferror(vlookup($A49, 'Player Game Stats'!$AE:$AN, 5, False), "") | G49: =iferror(vlookup($A49, 'Player Game Stats'!$AE:$AN, 6, False), "") | H49: =iferror(vlookup($A49, 'Player Game Stats'!$AE:$AN, 7, False), "") | I49: =iferror(vlookup($A49, 'Player Game Stats'!$AE:$AN, 8, False), "") | J49: =iferror(vlookup($A49, 'Player Game Stats'!$AE:$AN, 9, False), "") | K49: =iferror(vlookup($A49, 'Player Game Stats'!$AE:$AN, 10, False), "") | L49: =K49*D49 -> 0 | M49: =iferror(L49*$L$75, "") -> 0
A50: =Draft!F46 -> Arnav | B50: =iferror(vlookup($A50, 'Player Game Stats'!$AO:$AX, 2, False), "") -> 7 | C50: =iferror(vlookup($A50, 'Player Game Stats'!$AO:$AX, 3, False), "") -> 0.85714286 | D50: =iferror(1.2*I50+1.1*H50+1.05*G50+1*F50, "") -> 24 | E50: =iferror(vlookup($A50, 'Player Game Stats'!$AO:$AX, 4, False), "") -> 22.285714 | F50: =iferror(vlookup($A50, 'Player Game Stats'!$AO:$AX, 5, False), "") -> 8.4285714 | G50: =iferror(vlookup($A50, 'Player Game Stats'!$AO:$AX, 6, False), "") -> 2 | H50: =iferror(vlookup($A50, 'Player Game Stats'!$AO:$AX, 7, False), "") -> 7.5714286 | I50: =iferror(vlookup($A50, 'Player Game Stats'!$AO:$AX, 8, False), "") -> 4.2857143 | J50: =iferror(vlookup($A50, 'Player Game Stats'!$AO:$AX, 9, False), "") -> 21.571429 | K50: =iferror(vlookup($A50, 'Player Game Stats'!$AO:$AX, 10, False), "") -> 0.50814332 | L50: =K50*D50 -> 12.19544 | M50: =iferror(L50*$L$75, "") -> 31.420681
A51: =Draft!F48 -> Blark | B51: =iferror(vlookup($A51, 'Player Game Stats'!$AO:$AX, 2, False), "") -> 0 | C51: =iferror(vlookup($A51, 'Player Game Stats'!$AO:$AX, 3, False), "") | D51: =iferror(1.2*I51+1.1*H51+1.05*G51+1*F51, "") -> 0 | E51: =iferror(vlookup($A51, 'Player Game Stats'!$AO:$AX, 4, False), "") | F51: =iferror(vlookup($A51, 'Player Game Stats'!$AO:$AX, 5, False), "") | G51: =iferror(vlookup($A51, 'Player Game Stats'!$AO:$AX, 6, False), "") | H51: =iferror(vlookup($A51, 'Player Game Stats'!$AO:$AX, 7, False), "") | I51: =iferror(vlookup($A51, 'Player Game Stats'!$AO:$AX, 8, False), "") | J51: =iferror(vlookup($A51, 'Player Game Stats'!$AO:$AX, 9, False), "") | K51: =iferror(vlookup($A51, 'Player Game Stats'!$AO:$AX, 10, False), "") | L51: =K51*D51 -> 0 | M51: =iferror(L51*$L$75, "") -> 0
A52: =Draft!F49 -> Kumba | B52: =iferror(vlookup($A52, 'Player Game Stats'!$AO:$AX, 2, False), "") -> 0 | C52: =iferror(vlookup($A52, 'Player Game Stats'!$AO:$AX, 3, False), "") | D52: =iferror(1.2*I52+1.1*H52+1.05*G52+1*F52, "") -> 0 | E52: =iferror(vlookup($A52, 'Player Game Stats'!$AO:$AX, 4, False), "") | F52: =iferror(vlookup($A52, 'Player Game Stats'!$AO:$AX, 5, False), "") | G52: =iferror(vlookup($A52, 'Player Game Stats'!$AO:$AX, 6, False), "") | H52: =iferror(vlookup($A52, 'Player Game Stats'!$AO:$AX, 7, False), "") | I52: =iferror(vlookup($A52, 'Player Game Stats'!$AO:$AX, 8, False), "") | J52: =iferror(vlookup($A52, 'Player Game Stats'!$AO:$AX, 9, False), "") | K52: =iferror(vlookup($A52, 'Player Game Stats'!$AO:$AX, 10, False), "") | L52: =K52*D52 -> 0 | M52: =iferror(L52*$L$75, "") -> 0
A53: =Draft!F50 -> Paul | B53: =iferror(vlookup($A53, 'Player Game Stats'!$AO:$AX, 2, False), "") -> 7 | C53: =iferror(vlookup($A53, 'Player Game Stats'!$AO:$AX, 3, False), "") -> 0.85714286 | D53: =iferror(1.2*I53+1.1*H53+1.05*G53+1*F53, "") -> 14.428571 | E53: =iferror(vlookup($A53, 'Player Game Stats'!$AO:$AX, 4, False), "") -> 13.714286 | F53: =iferror(vlookup($A53, 'Player Game Stats'!$AO:$AX, 5, False), "") -> 6.4285714 | G53: =iferror(vlookup($A53, 'Player Game Stats'!$AO:$AX, 6, False), "") -> 0.57142857 | H53: =iferror(vlookup($A53, 'Player Game Stats'!$AO:$AX, 7, False), "") -> 6.5714286 | I53: =iferror(vlookup($A53, 'Player Game Stats'!$AO:$AX, 8, False), "") -> 0.14285714 | J53: =iferror(vlookup($A53, 'Player Game Stats'!$AO:$AX, 9, False), "") -> 25.428571 | K53: =iferror(vlookup($A53, 'Player Game Stats'!$AO:$AX, 10, False), "") -> 0.35036496 | L53: =K53*D53 -> 5.0552659 | M53: =iferror(L53*$L$75, "") -> 13.024532
A54: =Draft!F51 -> Raymond | B54: =iferror(vlookup($A54, 'Player Game Stats'!$AO:$AX, 2, False), "") -> 6 | C54: =iferror(vlookup($A54, 'Player Game Stats'!$AO:$AX, 3, False), "") -> 0.83333333 | D54: =iferror(1.2*I54+1.1*H54+1.05*G54+1*F54, "") -> 16.116667 | E54: =iferror(vlookup($A54, 'Player Game Stats'!$AO:$AX, 4, False), "") -> 15.666667 | F54: =iferror(vlookup($A54, 'Player Game Stats'!$AO:$AX, 5, False), "") -> 10.833333 | G54: =iferror(vlookup($A54, 'Player Game Stats'!$AO:$AX, 6, False), "") -> 1 | H54: =iferror(vlookup($A54, 'Player Game Stats'!$AO:$AX, 7, False), "") -> 3.6666667 | I54: =iferror(vlookup($A54, 'Player Game Stats'!$AO:$AX, 8, False), "") -> 0.16666667 | J54: =iferror(vlookup($A54, 'Player Game Stats'!$AO:$AX, 9, False), "") -> 24.666667 | K54: =iferror(vlookup($A54, 'Player Game Stats'!$AO:$AX, 10, False), "") -> 0.38842975 | L54: =K54*D54 -> 6.2601928 | M54: =iferror(L54*$L$75, "") -> 16.128941
A55: =Draft!F52 -> TC | B55: =iferror(vlookup($A55, 'Player Game Stats'!$AO:$AX, 2, False), "") -> 7 | C55: =iferror(vlookup($A55, 'Player Game Stats'!$AO:$AX, 3, False), "") -> 0.85714286 | D55: =iferror(1.2*I55+1.1*H55+1.05*G55+1*F55, "") -> 17.407143 | E55: =iferror(vlookup($A55, 'Player Game Stats'!$AO:$AX, 4, False), "") -> 16.714286 | F55: =iferror(vlookup($A55, 'Player Game Stats'!$AO:$AX, 5, False), "") -> 9.7142857 | G55: =iferror(vlookup($A55, 'Player Game Stats'!$AO:$AX, 6, False), "") -> 0.71428571 | H55: =iferror(vlookup($A55, 'Player Game Stats'!$AO:$AX, 7, False), "") -> 6 | I55: =iferror(vlookup($A55, 'Player Game Stats'!$AO:$AX, 8, False), "") -> 0.28571429 | J55: =iferror(vlookup($A55, 'Player Game Stats'!$AO:$AX, 9, False), "") -> 24 | K55: =iferror(vlookup($A55, 'Player Game Stats'!$AO:$AX, 10, False), "") -> 0.41052632 | L55: =K55*D55 -> 7.1460902 | M55: =iferror(L55*$L$75, "") -> 18.411392
A56: =Draft!F53 -> Kyi | B56: =iferror(vlookup($A56, 'Player Game Stats'!$AO:$AX, 2, False), "") -> 2 | C56: =iferror(vlookup($A56, 'Player Game Stats'!$AO:$AX, 3, False), "") -> 1 | D56: =iferror(1.2*I56+1.1*H56+1.05*G56+1*F56, "") -> 15.775 | E56: =iferror(vlookup($A56, 'Player Game Stats'!$AO:$AX, 4, False), "") -> 15 | F56: =iferror(vlookup($A56, 'Player Game Stats'!$AO:$AX, 5, False), "") -> 7 | G56: =iferror(vlookup($A56, 'Player Game Stats'!$AO:$AX, 6, False), "") -> 1.5 | H56: =iferror(vlookup($A56, 'Player Game Stats'!$AO:$AX, 7, False), "") -> 6 | I56: =iferror(vlookup($A56, 'Player Game Stats'!$AO:$AX, 8, False), "") -> 0.5 | J56: =iferror(vlookup($A56, 'Player Game Stats'!$AO:$AX, 9, False), "") -> 25 | K56: =iferror(vlookup($A56, 'Player Game Stats'!$AO:$AX, 10, False), "") -> 0.375 | L56: =K56*D56 -> 5.915625 | M56: =iferror(L56*$L$75, "") -> 15.241186
A57: =Draft!F54 -> Jwu | B57: =iferror(vlookup($A57, 'Player Game Stats'!$AO:$AX, 2, False), "") -> 0 | C57: =iferror(vlookup($A57, 'Player Game Stats'!$AO:$AX, 3, False), "") | D57: =iferror(1.2*I57+1.1*H57+1.05*G57+1*F57, "") -> 0 | E57: =iferror(vlookup($A57, 'Player Game Stats'!$AO:$AX, 4, False), "") | F57: =iferror(vlookup($A57, 'Player Game Stats'!$AO:$AX, 5, False), "") | G57: =iferror(vlookup($A57, 'Player Game Stats'!$AO:$AX, 6, False), "") | H57: =iferror(vlookup($A57, 'Player Game Stats'!$AO:$AX, 7, False), "") | I57: =iferror(vlookup($A57, 'Player Game Stats'!$AO:$AX, 8, False), "") | J57: =iferror(vlookup($A57, 'Player Game Stats'!$AO:$AX, 9, False), "") | K57: =iferror(vlookup($A57, 'Player Game Stats'!$AO:$AX, 10, False), "") | L57: =K57*D57 -> 0 | M57: =iferror(L57*$L$75, "") -> 0
A58: =Draft!F55 -> Parker | B58: =iferror(vlookup($A58, 'Player Game Stats'!$AO:$AX, 2, False), "") -> 0 | C58: =iferror(vlookup($A58, 'Player Game Stats'!$AO:$AX, 3, False), "") | D58: =iferror(1.2*I58+1.1*H58+1.05*G58+1*F58, "") -> 0 | E58: =iferror(vlookup($A58, 'Player Game Stats'!$AO:$AX, 4, False), "") | F58: =iferror(vlookup($A58, 'Player Game Stats'!$AO:$AX, 5, False), "") | G58: =iferror(vlookup($A58, 'Player Game Stats'!$AO:$AX, 6, False), "") | H58: =iferror(vlookup($A58, 'Player Game Stats'!$AO:$AX, 7, False), "") | I58: =iferror(vlookup($A58, 'Player Game Stats'!$AO:$AX, 8, False), "") | J58: =iferror(vlookup($A58, 'Player Game Stats'!$AO:$AX, 9, False), "") | K58: =iferror(vlookup($A58, 'Player Game Stats'!$AO:$AX, 10, False), "") | L58: =K58*D58 -> 0 | M58: =iferror(L58*$L$75, "") -> 0
A59: =Draft!F56 -> Henry | B59: =iferror(vlookup($A59, 'Player Game Stats'!$AO:$AX, 2, False), "") -> 0 | C59: =iferror(vlookup($A59, 'Player Game Stats'!$AO:$AX, 3, False), "") | D59: =iferror(1.2*I59+1.1*H59+1.05*G59+1*F59, "") -> 0 | E59: =iferror(vlookup($A59, 'Player Game Stats'!$AO:$AX, 4, False), "") | F59: =iferror(vlookup($A59, 'Player Game Stats'!$AO:$AX, 5, False), "") | G59: =iferror(vlookup($A59, 'Player Game Stats'!$AO:$AX, 6, False), "") | H59: =iferror(vlookup($A59, 'Player Game Stats'!$AO:$AX, 7, False), "") | I59: =iferror(vlookup($A59, 'Player Game Stats'!$AO:$AX, 8, False), "") | J59: =iferror(vlookup($A59, 'Player Game Stats'!$AO:$AX, 9, False), "") | K59: =iferror(vlookup($A59, 'Player Game Stats'!$AO:$AX, 10, False), "") | L59: =K59*D59 -> 0 | M59: =iferror(L59*$L$75, "") -> 0
A60: =Draft!F57 -> Ayush | B60: =iferror(vlookup($A60, 'Player Game Stats'!$AO:$AX, 2, False), "") -> 0 | C60: =iferror(vlookup($A60, 'Player Game Stats'!$AO:$AX, 3, False), "") | D60: =iferror(1.2*I60+1.1*H60+1.05*G60+1*F60, "") -> 0 | E60: =iferror(vlookup($A60, 'Player Game Stats'!$AO:$AX, 4, False), "") | F60: =iferror(vlookup($A60, 'Player Game Stats'!$AO:$AX, 5, False), "") | G60: =iferror(vlookup($A60, 'Player Game Stats'!$AO:$AX, 6, False), "") | H60: =iferror(vlookup($A60, 'Player Game Stats'!$AO:$AX, 7, False), "") | I60: =iferror(vlookup($A60, 'Player Game Stats'!$AO:$AX, 8, False), "") | J60: =iferror(vlookup($A60, 'Player Game Stats'!$AO:$AX, 9, False), "") | K60: =iferror(vlookup($A60, 'Player Game Stats'!$AO:$AX, 10, False), "") | L60: =K60*D60 -> 0 | M60: =iferror(L60*$L$75, "") -> 0
A61: =Draft!F58 | B61: =iferror(vlookup($A61, 'Player Game Stats'!$AO:$AX, 2, False), "") | C61: =iferror(vlookup($A61, 'Player Game Stats'!$AO:$AX, 3, False), "") | D61: =iferror(1.2*I61+1.1*H61+1.05*G61+1*F61, "") -> 0 | E61: =iferror(vlookup($A61, 'Player Game Stats'!$AO:$AX, 4, False), "") | F61: =iferror(vlookup($A61, 'Player Game Stats'!$AO:$AX, 5, False), "") | G61: =iferror(vlookup($A61, 'Player Game Stats'!$AO:$AX, 6, False), "") | H61: =iferror(vlookup($A61, 'Player Game Stats'!$AO:$AX, 7, False), "") | I61: =iferror(vlookup($A61, 'Player Game Stats'!$AO:$AX, 8, False), "") | J61: =iferror(vlookup($A61, 'Player Game Stats'!$AO:$AX, 9, False), "") | K61: =iferror(vlookup($A61, 'Player Game Stats'!$AO:$AX, 10, False), "") | L61: =K61*D61 -> 0 | M61: =iferror(L61*$L$75, "") -> 0
A62: =Draft!G46 -> Jay | B62: =iferror(vlookup($A62, 'Player Game Stats'!$AY:$BH, 2, False), "") -> 7 | C62: =iferror(vlookup($A62, 'Player Game Stats'!$AY:$BH, 3, False), "") -> 0.42857143 | D62: =iferror(1.2*I62+1.1*H62+1.05*G62+1*F62, "") -> 19.092857 | E62: =iferror(vlookup($A62, 'Player Game Stats'!$AY:$BH, 4, False), "") -> 17.857143 | F62: =iferror(vlookup($A62, 'Player Game Stats'!$AY:$BH, 5, False), "") -> 6.5714286 | G62: =iferror(vlookup($A62, 'Player Game Stats'!$AY:$BH, 6, False), "") -> 0.71428571 | H62: =iferror(vlookup($A62, 'Player Game Stats'!$AY:$BH, 7, False), "") -> 9.1428571 | I62: =iferror(vlookup($A62, 'Player Game Stats'!$AY:$BH, 8, False), "") -> 1.4285714 | J62: =iferror(vlookup($A62, 'Player Game Stats'!$AY:$BH, 9, False), "") -> 24.142857 | K62: =iferror(vlookup($A62, 'Player Game Stats'!$AY:$BH, 10, False), "") -> 0.42517007 | L62: =K62*D62 -> 8.1177114 | M62: =iferror(L62*$L$75, "") -> 20.914705
A63: =Draft!G48 -> Schmid | B63: =iferror(vlookup($A63, 'Player Game Stats'!$AY:$BH, 2, False), "") -> 3 | C63: =iferror(vlookup($A63, 'Player Game Stats'!$AY:$BH, 3, False), "") -> 0.66666667 | D63: =iferror(1.2*I63+1.1*H63+1.05*G63+1*F63, "") -> 15.816667 | E63: =iferror(vlookup($A63, 'Player Game Stats'!$AY:$BH, 4, False), "") -> 15 | F63: =iferror(vlookup($A63, 'Player Game Stats'!$AY:$BH, 5, False), "") -> 6 | G63: =iferror(vlookup($A63, 'Player Game Stats'!$AY:$BH, 6, False), "") -> 1.6666667 | H63: =iferror(vlookup($A63, 'Player Game Stats'!$AY:$BH, 7, False), "") -> 7.3333333 | I63: =iferror(vlookup($A63, 'Player Game Stats'!$AY:$BH, 8, False), "") -> 0 | J63: =iferror(vlookup($A63, 'Player Game Stats'!$AY:$BH, 9, False), "") -> 23.666667 | K63: =iferror(vlookup($A63, 'Player Game Stats'!$AY:$BH, 10, False), "") -> 0.38793103 | L63: =K63*D63 -> 6.1357759 | M63: =iferror(L63*$L$75, "") -> 15.808389
A64: =Draft!G49 -> DC | B64: =iferror(vlookup($A64, 'Player Game Stats'!$AY:$BH, 2, False), "") -> 6 | C64: =iferror(vlookup($A64, 'Player Game Stats'!$AY:$BH, 3, False), "") -> 0.5 | D64: =iferror(1.2*I64+1.1*H64+1.05*G64+1*F64, "") -> 20.45 | E64: =iferror(vlookup($A64, 'Player Game Stats'!$AY:$BH, 4, False), "") -> 19.333333 | F64: =iferror(vlookup($A64, 'Player Game Stats'!$AY:$BH, 5, False), "") -> 8.1666667 | G64: =iferror(vlookup($A64, 'Player Game Stats'!$AY:$BH, 6, False), "") -> 2 | H64: =iferror(vlookup($A64, 'Player Game Stats'!$AY:$BH, 7, False), "") -> 8.1666667 | I64: =iferror(vlookup($A64, 'Player Game Stats'!$AY:$BH, 8, False), "") -> 1 | J64: =iferror(vlookup($A64, 'Player Game Stats'!$AY:$BH, 9, False), "") -> 24.166667 | K64: =iferror(vlookup($A64, 'Player Game Stats'!$AY:$BH, 10, False), "") -> 0.44444444 | L64: =K64*D64 -> 9.0888889 | M64: =iferror(L64*$L$75, "") -> 23.416875
A65: =Draft!G50 -> Steven | B65: =iferror(vlookup($A65, 'Player Game Stats'!$AY:$BH, 2, False), "") -> 6 | C65: =iferror(vlookup($A65, 'Player Game Stats'!$AY:$BH, 3, False), "") -> 0.5 | D65: =iferror(1.2*I65+1.1*H65+1.05*G65+1*F65, "") -> 16.5 | E65: =iferror(vlookup($A65, 'Player Game Stats'!$AY:$BH, 4, False), "") -> 16 | F65: =iferror(vlookup($A65, 'Player Game Stats'!$AY:$BH, 5, False), "") -> 11.333333 | G65: =iferror(vlookup($A65, 'Player Game Stats'!$AY:$BH, 6, False), "") -> 0.66666667 | H65: =iferror(vlookup($A65, 'Player Game Stats'!$AY:$BH, 7, False), "") -> 3.3333333 | I65: =iferror(vlookup($A65, 'Player Game Stats'!$AY:$BH, 8, False), "") -> 0.66666667 | J65: =iferror(vlookup($A65, 'Player Game Stats'!$AY:$BH, 9, False), "") -> 26.166667 | K65: =iferror(vlookup($A65, 'Player Game Stats'!$AY:$BH, 10, False), "") -> 0.37944664 | L65: =K65*D65 -> 6.2608696 | M65: =iferror(L65*$L$75, "") -> 16.130684
A66: =Draft!G51 -> Dave | B66: =iferror(vlookup($A66, 'Player Game Stats'!$AY:$BH, 2, False), "") -> 6 | C66: =iferror(vlookup($A66, 'Player Game Stats'!$AY:$BH, 3, False), "") -> 0.5 | D66: =iferror(1.2*I66+1.1*H66+1.05*G66+1*F66, "") -> 18.425 | E66: =iferror(vlookup($A66, 'Player Game Stats'!$AY:$BH, 4, False), "") -> 17 | F66: =iferror(vlookup($A66, 'Player Game Stats'!$AY:$BH, 5, False), "") -> 4 | G66: =iferror(vlookup($A66, 'Player Game Stats'!$AY:$BH, 6, False), "") -> 0.5 | H66: =iferror(vlookup($A66, 'Player Game Stats'!$AY:$BH, 7, False), "") -> 11 | I66: =iferror(vlookup($A66, 'Player Game Stats'!$AY:$BH, 8, False), "") -> 1.5 | J66: =iferror(vlookup($A66, 'Player Game Stats'!$AY:$BH, 9, False), "") -> 25.5 | K66: =iferror(vlookup($A66, 'Player Game Stats'!$AY:$BH, 10, False), "") -> 0.4 | L66: =K66*D66 -> 7.37 | M66: =iferror(L66*$L$75, "") -> 18.98828
A67: =Draft!G52 -> Lulu | B67: =iferror(vlookup($A67, 'Player Game Stats'!$AY:$BH, 2, False), "") -> 4 | C67: =iferror(vlookup($A67, 'Player Game Stats'!$AY:$BH, 3, False), "") -> 0.5 | D67: =iferror(1.2*I67+1.1*H67+1.05*G67+1*F67, "") -> 9.775 | E67: =iferror(vlookup($A67, 'Player Game Stats'!$AY:$BH, 4, False), "") -> 9.25 | F67: =iferror(vlookup($A67, 'Player Game Stats'!$AY:$BH, 5, False), "") -> 4.25 | G67: =iferror(vlookup($A67, 'Player Game Stats'!$AY:$BH, 6, False), "") -> 0 | H67: =iferror(vlookup($A67, 'Player Game Stats'!$AY:$BH, 7, False), "") -> 4.75 | I67: =iferror(vlookup($A67, 'Player Game Stats'!$AY:$BH, 8, False), "") -> 0.25 | J67: =iferror(vlookup($A67, 'Player Game Stats'!$AY:$BH, 9, False), "") -> 25.75 | K67: =iferror(vlookup($A67, 'Player Game Stats'!$AY:$BH, 10, False), "") -> 0.26428571 | L67: =K67*D67 -> 2.5833929 | M67: =iferror(L67*$L$75, "") -> 6.6559276
A68: =Draft!G53 -> Will Blankenship | B68: =iferror(vlookup($A68, 'Player Game Stats'!$AY:$BH, 2, False), "") -> 0 | C68: =iferror(vlookup($A68, 'Player Game Stats'!$AY:$BH, 3, False), "") | D68: =iferror(1.2*I68+1.1*H68+1.05*G68+1*F68, "") -> 0 | E68: =iferror(vlookup($A68, 'Player Game Stats'!$AY:$BH, 4, False), "") | F68: =iferror(vlookup($A68, 'Player Game Stats'!$AY:$BH, 5, False), "") | G68: =iferror(vlookup($A68, 'Player Game Stats'!$AY:$BH, 6, False), "") | H68: =iferror(vlookup($A68, 'Player Game Stats'!$AY:$BH, 7, False), "") | I68: =iferror(vlookup($A68, 'Player Game Stats'!$AY:$BH, 8, False), "") | J68: =iferror(vlookup($A68, 'Player Game Stats'!$AY:$BH, 9, False), "") | K68: =iferror(vlookup($A68, 'Player Game Stats'!$AY:$BH, 10, False), "") | L68: =K68*D68 -> 0 | M68: =iferror(L68*$L$75, "") -> 0
A69: =Draft!G54 -> Hershey | B69: =iferror(vlookup($A69, 'Player Game Stats'!$AY:$BH, 2, False), "") -> 3 | C69: =iferror(vlookup($A69, 'Player Game Stats'!$AY:$BH, 3, False), "") -> 0 | D69: =iferror(1.2*I69+1.1*H69+1.05*G69+1*F69, "") -> 20.75 | E69: =iferror(vlookup($A69, 'Player Game Stats'!$AY:$BH, 4, False), "") -> 20.333333 | F69: =iferror(vlookup($A69, 'Player Game Stats'!$AY:$BH, 5, False), "") -> 16.333333 | G69: =iferror(vlookup($A69, 'Player Game Stats'!$AY:$BH, 6, False), "") -> 0.33333333 | H69: =iferror(vlookup($A69, 'Player Game Stats'!$AY:$BH, 7, False), "") -> 3.3333333 | I69: =iferror(vlookup($A69, 'Player Game Stats'!$AY:$BH, 8, False), "") -> 0.33333333 | J69: =iferror(vlookup($A69, 'Player Game Stats'!$AY:$BH, 9, False), "") -> 23.666667 | K69: =iferror(vlookup($A69, 'Player Game Stats'!$AY:$BH, 10, False), "") -> 0.46212121 | L69: =K69*D69 -> 9.5890152 | M69: =iferror(L69*$L$75, "") -> 24.705414
A70: =Draft!G55 | B70: =iferror(vlookup($A70, 'Player Game Stats'!$AY:$BH, 2, False), "") | C70: =iferror(vlookup($A70, 'Player Game Stats'!$AY:$BH, 3, False), "") | D70: =iferror(1.2*I70+1.1*H70+1.05*G70+1*F70, "") -> 0 | E70: =iferror(vlookup($A70, 'Player Game Stats'!$AY:$BH, 4, False), "") | F70: =iferror(vlookup($A70, 'Player Game Stats'!$AY:$BH, 5, False), "") | G70: =iferror(vlookup($A70, 'Player Game Stats'!$AY:$BH, 6, False), "") | H70: =iferror(vlookup($A70, 'Player Game Stats'!$AY:$BH, 7, False), "") | I70: =iferror(vlookup($A70, 'Player Game Stats'!$AY:$BH, 8, False), "") | J70: =iferror(vlookup($A70, 'Player Game Stats'!$AY:$BH, 9, False), "") | K70: =iferror(vlookup($A70, 'Player Game Stats'!$AY:$BH, 10, False), "") | L70: =K70*D70 -> 0 | M70: =iferror(L70*$L$75, "") -> 0
A71: =Draft!G56 -> Ted | B71: =iferror(vlookup($A71, 'Player Game Stats'!$AY:$BH, 2, False), "") -> 2 | C71: =iferror(vlookup($A71, 'Player Game Stats'!$AY:$BH, 3, False), "") -> 0 | D71: =iferror(1.2*I71+1.1*H71+1.05*G71+1*F71, "") -> 9.45 | E71: =iferror(vlookup($A71, 'Player Game Stats'!$AY:$BH, 4, False), "") -> 9 | F71: =iferror(vlookup($A71, 'Player Game Stats'!$AY:$BH, 5, False), "") -> 5 | G71: =iferror(vlookup($A71, 'Player Game Stats'!$AY:$BH, 6, False), "") -> 0 | H71: =iferror(vlookup($A71, 'Player Game Stats'!$AY:$BH, 7, False), "") -> 3.5 | I71: =iferror(vlookup($A71, 'Player Game Stats'!$AY:$BH, 8, False), "") -> 0.5 | J71: =iferror(vlookup($A71, 'Player Game Stats'!$AY:$BH, 9, False), "") -> 29.5 | K71: =iferror(vlookup($A71, 'Player Game Stats'!$AY:$BH, 10, False), "") -> 0.23376623 | L71: =K71*D71 -> 2.2090909 | M71: =iferror(L71*$L$75, "") -> 5.6915653
A72: =Draft!G57 -> Gio | B72: =iferror(vlookup($A72, 'Player Game Stats'!$AY:$BH, 2, False), "") -> 0 | C72: =iferror(vlookup($A72, 'Player Game Stats'!$AY:$BH, 3, False), "") | D72: =iferror(1.2*I72+1.1*H72+1.05*G72+1*F72, "") -> 0 | E72: =iferror(vlookup($A72, 'Player Game Stats'!$AY:$BH, 4, False), "") | F72: =iferror(vlookup($A72, 'Player Game Stats'!$AY:$BH, 5, False), "") | G72: =iferror(vlookup($A72, 'Player Game Stats'!$AY:$BH, 6, False), "") | H72: =iferror(vlookup($A72, 'Player Game Stats'!$AY:$BH, 7, False), "") | I72: =iferror(vlookup($A72, 'Player Game Stats'!$AY:$BH, 8, False), "") | J72: =iferror(vlookup($A72, 'Player Game Stats'!$AY:$BH, 9, False), "") | K72: =iferror(vlookup($A72, 'Player Game Stats'!$AY:$BH, 10, False), "") | L72: =K72*D72 -> 0 | M72: =iferror(L72*$L$75, "") -> 0
A73: =Draft!G58 | B73: =iferror(vlookup($A73, 'Player Game Stats'!$AY:$BH, 2, False), "") | C73: =iferror(vlookup($A73, 'Player Game Stats'!$AY:$BH, 3, False), "") | D73: =iferror(1.2*I73+1.1*H73+1.05*G73+1*F73, "") -> 0 | E73: =iferror(vlookup($A73, 'Player Game Stats'!$AY:$BH, 4, False), "") | F73: =iferror(vlookup($A73, 'Player Game Stats'!$AY:$BH, 5, False), "") | G73: =iferror(vlookup($A73, 'Player Game Stats'!$AY:$BH, 6, False), "") | H73: =iferror(vlookup($A73, 'Player Game Stats'!$AY:$BH, 7, False), "") | I73: =iferror(vlookup($A73, 'Player Game Stats'!$AY:$BH, 8, False), "") | J73: =iferror(vlookup($A73, 'Player Game Stats'!$AY:$BH, 9, False), "") | K73: =iferror(vlookup($A73, 'Player Game Stats'!$AY:$BH, 10, False), "") | L73: =K73*D73 -> 0 | M73: =iferror(L73*$L$75, "") -> 0
D74: =averageif(D2:D73, ">0") -> 16.532653 | L74: =averageif(L2:L73, ">0") -> 6.4168874
L75: =D74/L74 -> 2.5764287

Sheet Top-20 Lists
A1: Season Leaders | B1: Adjusted FGM | C1: Name | D1: FGM | E1: Name | F1: Bottom | G1: Name | H1: Bottom Iso | I1: Name | J1: Top | K1: Name | L1: Top Iso | M1: Name | N1: FG % | O1: Name | P1: Player Rating | Q1: Name | R1: Games Played
A2: 1 | B2: =IFERROR(__xludf.DUMMYFUNCTION("query({'Player Season Stats'!$A2:$A73,'Player Season Stats'!D2:D73}, ""select Col2, Col1 order by Col2 desc limit 20"") "),24.0) -> 24 | C2: =IFERROR(__xludf.DUMMYFUNCTION("""COMPUTED_VALUE"""),"Arnav") -> Arnav | D2: =IFERROR(__xludf.DUMMYFUNCTION("query({'Player Season Stats'!$A2:$A73,'Player Season Stats'!E2:E73}, ""select Col2, Col1 order by Col2 desc limit 20"") "),22.285714285714285) -> 22.285714 | E2: =IFERROR(__xludf.DUMMYFUNCTION("""COMPUTED_VALUE"""),"Arnav") -> Arnav | F2: =IFERROR(__xludf.DUMMYFUNCTION("query({'Player Season Stats'!$A2:$A73,'Player Season Stats'!F2:F73}, ""select Col2, Col1 order by Col2 desc limit 20"") "),16.333333333333332) -> 16.333333 | G2: =IFERROR(__xludf.DUMMYFUNCTION("""COMPUTED_VALUE"""),"Hershey") -> Hershey | H2: =IFERROR(__xludf.DUMMYFUNCTION("query({'Player Season Stats'!$A2:$A73,'Player Season Stats'!G2:G73}, ""select Col2, Col1 order by Col2 desc limit 20"") "),3.857142857142857) -> 3.8571429 | I2: =IFERROR(__xludf.DUMMYFUNCTION("""COMPUTED_VALUE"""),"Fritz") -> Fritz | J2: =IFERROR(__xludf.DUMMYFUNCTION("query({'Player Season Stats'!$A2:$A73,'Player Season Stats'!H2:H73}, ""select Col2, Col1 order by Col2 desc limit 20"") "),11.0) -> 11 | K2: =IFERROR(__xludf.DUMMYFUNCTION("""COMPUTED_VALUE"""),"Dave") -> Dave | L2: =IFERROR(__xludf.DUMMYFUNCTION("query({'Player Season Stats'!$A2:$A73,'Player Season Stats'!I2:I73}, ""select Col2, Col1 order by Col2 desc limit 20"") "),4.285714285714286) -> 4.2857143 | M2: =IFERROR(__xludf.DUMMYFUNCTION("""COMPUTED_VALUE"""),"Arnav") -> Arnav | N2: =IFERROR(__xludf.DUMMYFUNCTION("query({'Player Season Stats'!$A2:$A73,'Player Season Stats'!K2:K73}, ""select Col2, Col1 order by Col2 desc limit 20"") "),0.5081433224755699) -> 0.50814332 | O2: =IFERROR(__xludf.DUMMYFUNCTION("""COMPUTED_VALUE"""),"Arnav") -> Arnav | P2: =IFERROR(__xludf.DUMMYFUNCTION("query({'Player Season Stats'!$A2:$A73,'Player Season Stats'!M2:M73}, ""select Col2, Col1 order by Col2 desc limit 20"") "),31.42068144333113) -> 31.420681 | Q2: =IFERROR(__xludf.DUMMYFUNCTION("""COMPUTED_VALUE"""),"Arnav") -> Arnav | R2: {=xlookup(Q2, 'Player Season Stats'!A:A, 'Player Season Stats'!B:B)} -> 7
A3: =A2+1 -> 2 | B3: =IFERROR(__xludf.DUMMYFUNCTION("""COMPUTED_VALUE"""),22.49285714285714) -> 22.492857 | C3: =IFERROR(__xludf.DUMMYFUNCTION("""COMPUTED_VALUE"""),"Fritz") -> Fritz | D3: =IFERROR(__xludf.DUMMYFUNCTION("""COMPUTED_VALUE"""),20.714285714285715) -> 20.714286 | E3: =IFERROR(__xludf.DUMMYFUNCTION("""COMPUTED_VALUE"""),"Fritz") -> Fritz | F3: =IFERROR(__xludf.DUMMYFUNCTION("""COMPUTED_VALUE"""),11.571428571428571) -> 11.571429 | G3: =IFERROR(__xludf.DUMMYFUNCTION("""COMPUTED_VALUE"""),"Samos") -> Samos | H3: =IFERROR(__xludf.DUMMYFUNCTION("""COMPUTED_VALUE"""),3.2857142857142856) -> 3.2857143 | I3: =IFERROR(__xludf.DUMMYFUNCTION("""COMPUTED_VALUE"""),"John") -> John | J3: =IFERROR(__xludf.DUMMYFUNCTION("""COMPUTED_VALUE"""),10.0) -> 10 | K3: =IFERROR(__xludf.DUMMYFUNCTION("""COMPUTED_VALUE"""),"Pasha") -> Pasha | L3: =IFERROR(__xludf.DUMMYFUNCTION("""COMPUTED_VALUE"""),3.5714285714285716) -> 3.5714286 | M3: =IFERROR(__xludf.DUMMYFUNCTION("""COMPUTED_VALUE"""),"Fritz") -> Fritz | N3: =IFERROR(__xludf.DUMMYFUNCTION("""COMPUTED_VALUE"""),0.4814814814814814) -> 0.48148148 | O3: =IFERROR(__xludf.DUMMYFUNCTION("""COMPUTED_VALUE"""),"John") -> John | P3: =IFERROR(__xludf.DUMMYFUNCTION("""COMPUTED_VALUE"""),27.371108536386238) -> 27.371109 | Q3: =IFERROR(__xludf.DUMMYFUNCTION("""COMPUTED_VALUE"""),"Fritz") -> Fritz | R3: {=xlookup(Q3, 'Player Season Stats'!A:A, 'Player Season Stats'!B:B)} -> 7
A4: =A3+1 -> 3 | B4: =IFERROR(__xludf.DUMMYFUNCTION("""COMPUTED_VALUE"""),21.59285714285714) -> 21.592857 | C4: =IFERROR(__xludf.DUMMYFUNCTION("""COMPUTED_VALUE"""),"John") -> John | D4: =IFERROR(__xludf.DUMMYFUNCTION("""COMPUTED_VALUE"""),20.428571428571427) -> 20.428571 | E4: =IFERROR(__xludf.DUMMYFUNCTION("""COMPUTED_VALUE"""),"John") -> John | F4: =IFERROR(__xludf.DUMMYFUNCTION("""COMPUTED_VALUE"""),11.5) -> 11.5 | G4: =IFERROR(__xludf.DUMMYFUNCTION("""COMPUTED_VALUE"""),"Soho") -> Soho | H4: =IFERROR(__xludf.DUMMYFUNCTION("""COMPUTED_VALUE"""),3.2857142857142856) -> 3.2857143 | I4: =IFERROR(__xludf.DUMMYFUNCTION("""COMPUTED_VALUE"""),"Guel") -> Guel | J4: =IFERROR(__xludf.DUMMYFUNCTION("""COMPUTED_VALUE"""),9.6) -> 9.6 | K4: =IFERROR(__xludf.DUMMYFUNCTION("""COMPUTED_VALUE"""),"Adi") -> Adi | L4: =IFERROR(__xludf.DUMMYFUNCTION("""COMPUTED_VALUE"""),2.4285714285714284) -> 2.4285714 | M4: =IFERROR(__xludf.DUMMYFUNCTION("""COMPUTED_VALUE"""),"John") -> John | N4: =IFERROR(__xludf.DUMMYFUNCTION("""COMPUTED_VALUE"""),0.4723127035830619) -> 0.4723127 | O4: =IFERROR(__xludf.DUMMYFUNCTION("""COMPUTED_VALUE"""),"Fritz") -> Fritz | P4: =IFERROR(__xludf.DUMMYFUNCTION("""COMPUTED_VALUE"""),26.785998163744974) -> 26.785998 | Q4: =IFERROR(__xludf.DUMMYFUNCTION("""COMPUTED_VALUE"""),"John") -> John | R4: {=xlookup(Q4, 'Player Season Stats'!A:A, 'Player Season Stats'!B:B)} -> 7
A5: =A4+1 -> 4 | B5: =IFERROR(__xludf.DUMMYFUNCTION("""COMPUTED_VALUE"""),21.107142857142858) -> 21.107143 | C5: =IFERROR(__xludf.DUMMYFUNCTION("""COMPUTED_VALUE"""),"Guel") -> Guel | D5: =IFERROR(__xludf.DUMMYFUNCTION("""COMPUTED_VALUE"""),20.333333333333332) -> 20.333333 | E5: =IFERROR(__xludf.DUMMYFUNCTION("""COMPUTED_VALUE"""),"Hershey") -> Hershey | F5: =IFERROR(__xludf.DUMMYFUNCTION("""COMPUTED_VALUE"""),11.333333333333334) -> 11.333333 | G5: =IFERROR(__xludf.DUMMYFUNCTION("""COMPUTED_VALUE"""),"Steven") -> Steven | H5: =IFERROR(__xludf.DUMMYFUNCTION("""COMPUTED_VALUE"""),2.4) -> 2.4 | I5: =IFERROR(__xludf.DUMMYFUNCTION("""COMPUTED_VALUE"""),"Vishal") -> Vishal | J5: =IFERROR(__xludf.DUMMYFUNCTION("""COMPUTED_VALUE"""),9.5) -> 9.5 | K5: =IFERROR(__xludf.DUMMYFUNCTION("""COMPUTED_VALUE"""),"Lucas") -> Lucas | L5: =IFERROR(__xludf.DUMMYFUNCTION("""COMPUTED_VALUE"""),2.2857142857142856) -> 2.2857143 | M5: =IFERROR(__xludf.DUMMYFUNCTION("""COMPUTED_VALUE"""),"Yost") -> Yost | N5: =IFERROR(__xludf.DUMMYFUNCTION("""COMPUTED_VALUE"""),0.468013468013468) -> 0.46801347 | O5: =IFERROR(__xludf.DUMMYFUNCTION("""COMPUTED_VALUE"""),"Cole") -> Cole | P5: =IFERROR(__xludf.DUMMYFUNCTION("""COMPUTED_VALUE"""),25.252967296502895) -> 25.252967 | Q5: =IFERROR(__xludf.DUMMYFUNCTION("""COMPUTED_VALUE"""),"Cole") -> Cole | R5: {=xlookup(Q5, 'Player Season Stats'!A:A, 'Player Season Stats'!B:B)} -> 7
A6: =A5+1 -> 5 | B6: =IFERROR(__xludf.DUMMYFUNCTION("""COMPUTED_VALUE"""),20.942857142857143) -> 20.942857 | C6: =IFERROR(__xludf.DUMMYFUNCTION("""COMPUTED_VALUE"""),"Cole") -> Cole | D6: =IFERROR(__xludf.DUMMYFUNCTION("""COMPUTED_VALUE"""),19.857142857142858) -> 19.857143 | E6: =IFERROR(__xludf.DUMMYFUNCTION("""COMPUTED_VALUE"""),"Cole") -> Cole | F6: =IFERROR(__xludf.DUMMYFUNCTION("""COMPUTED_VALUE"""),11.25) -> 11.25 | G6: =IFERROR(__xludf.DUMMYFUNCTION("""COMPUTED_VALUE"""),"Kento") -> Kento | H6: =IFERROR(__xludf.DUMMYFUNCTION("""COMPUTED_VALUE"""),2.1666666666666665) -> 2.1666667 | I6: =IFERROR(__xludf.DUMMYFUNCTION("""COMPUTED_VALUE"""),"Andy Yu") -> Andy Yu | J6: =IFERROR(__xludf.DUMMYFUNCTION("""COMPUTED_VALUE"""),9.142857142857142) -> 9.1428571 | K6: =IFERROR(__xludf.DUMMYFUNCTION("""COMPUTED_VALUE"""),"Jay") -> Jay | L6: =IFERROR(__xludf.DUMMYFUNCTION("""COMPUTED_VALUE"""),2.142857142857143) -> 2.1428571 | M6: =IFERROR(__xludf.DUMMYFUNCTION("""COMPUTED_VALUE"""),"Guel") -> Guel | N6: =IFERROR(__xludf.DUMMYFUNCTION("""COMPUTED_VALUE"""),0.4621212121212121) -> 0.46212121 | O6: =IFERROR(__xludf.DUMMYFUNCTION("""COMPUTED_VALUE"""),"Hershey") -> Hershey | P6: =IFERROR(__xludf.DUMMYFUNCTION("""COMPUTED_VALUE"""),24.705414226048926) -> 24.705414 | Q6: =IFERROR(__xludf.DUMMYFUNCTION("""COMPUTED_VALUE"""),"Hershey") -> Hershey | R6: {=xlookup(Q6, 'Player Season Stats'!A:A, 'Player Season Stats'!B:B)} -> 3
A7: =A6+1 -> 6 | B7: =IFERROR(__xludf.DUMMYFUNCTION("""COMPUTED_VALUE"""),20.75) -> 20.75 | C7: =IFERROR(__xludf.DUMMYFUNCTION("""COMPUTED_VALUE"""),"Hershey") -> Hershey | D7: =IFERROR(__xludf.DUMMYFUNCTION("""COMPUTED_VALUE"""),19.857142857142858) -> 19.857143 | E7: =IFERROR(__xludf.DUMMYFUNCTION("""COMPUTED_VALUE"""),"Guel") -> Guel | F7: =IFERROR(__xludf.DUMMYFUNCTION("""COMPUTED_VALUE"""),10.833333333333334) -> 10.833333 | G7: =IFERROR(__xludf.DUMMYFUNCTION("""COMPUTED_VALUE"""),"Raymond") -> Raymond | H7: =IFERROR(__xludf.DUMMYFUNCTION("""COMPUTED_VALUE"""),2.0) -> 2 | I7: =IFERROR(__xludf.DUMMYFUNCTION("""COMPUTED_VALUE"""),"Haldar") -> Haldar | J7: =IFERROR(__xludf.DUMMYFUNCTION("""COMPUTED_VALUE"""),9.0) -> 9 | K7: =IFERROR(__xludf.DUMMYFUNCTION("""COMPUTED_VALUE"""),"Yost") -> Yost | L7: =IFERROR(__xludf.DUMMYFUNCTION("""COMPUTED_VALUE"""),1.8333333333333333) -> 1.8333333 | M7: =IFERROR(__xludf.DUMMYFUNCTION("""COMPUTED_VALUE"""),"Lucas") -> Lucas | N7: =IFERROR(__xludf.DUMMYFUNCTION("""COMPUTED_VALUE"""),0.4444444444444444) -> 0.44444444 | O7: =IFERROR(__xludf.DUMMYFUNCTION("""COMPUTED_VALUE"""),"DC") -> DC | P7: =IFERROR(__xludf.DUMMYFUNCTION("""COMPUTED_VALUE"""),23.41687454931735) -> 23.416875 | Q7: =IFERROR(__xludf.DUMMYFUNCTION("""COMPUTED_VALUE"""),"DC") -> DC | R7: {=xlookup(Q7, 'Player Season Stats'!A:A, 'Player Season Stats'!B:B)} -> 6
A8: =A7+1 -> 7 | B8: =IFERROR(__xludf.DUMMYFUNCTION("""COMPUTED_VALUE"""),20.45) -> 20.45 | C8: =IFERROR(__xludf.DUMMYFUNCTION("""COMPUTED_VALUE"""),"DC") -> DC | D8: =IFERROR(__xludf.DUMMYFUNCTION("""COMPUTED_VALUE"""),19.333333333333332) -> 19.333333 | E8: =IFERROR(__xludf.DUMMYFUNCTION("""COMPUTED_VALUE"""),"DC") -> DC | F8: =IFERROR(__xludf.DUMMYFUNCTION("""COMPUTED_VALUE"""),10.714285714285714) -> 10.714286 | G8: =IFERROR(__xludf.DUMMYFUNCTION("""COMPUTED_VALUE"""),"Dli") -> Dli | H8: =IFERROR(__xludf.DUMMYFUNCTION("""COMPUTED_VALUE"""),2.0) -> 2 | I8: =IFERROR(__xludf.DUMMYFUNCTION("""COMPUTED_VALUE"""),"Arnav") -> Arnav | J8: =IFERROR(__xludf.DUMMYFUNCTION("""COMPUTED_VALUE"""),9.0) -> 9 | K8: =IFERROR(__xludf.DUMMYFUNCTION("""COMPUTED_VALUE"""),"Haldar") -> Haldar | L8: =IFERROR(__xludf.DUMMYFUNCTION("""COMPUTED_VALUE"""),1.8333333333333333) -> 1.8333333 | M8: =IFERROR(__xludf.DUMMYFUNCTION("""COMPUTED_VALUE"""),"Andy Yu") -> Andy Yu | N8: =IFERROR(__xludf.DUMMYFUNCTION("""COMPUTED_VALUE"""),0.43349753694581283) -> 0.43349754 | O8: =IFERROR(__xludf.DUMMYFUNCTION("""COMPUTED_VALUE"""),"Vishal") -> Vishal | P8: =IFERROR(__xludf.DUMMYFUNCTION("""COMPUTED_VALUE"""),22.631634364218) -> 22.631634 | Q8: =IFERROR(__xludf.DUMMYFUNCTION("""COMPUTED_VALUE"""),"Guel") -> Guel | R8: {=xlookup(Q8, 'Player Season Stats'!A:A, 'Player Season Stats'!B:B)} -> 7
A9: =A8+1 -> 8 | B9: =IFERROR(__xludf.DUMMYFUNCTION("""COMPUTED_VALUE"""),20.2) -> 20.2 | C9: =IFERROR(__xludf.DUMMYFUNCTION("""COMPUTED_VALUE"""),"Haldar") -> Haldar | D9: =IFERROR(__xludf.DUMMYFUNCTION("""COMPUTED_VALUE"""),19.0) -> 19 | E9: =IFERROR(__xludf.DUMMYFUNCTION("""COMPUTED_VALUE"""),"Haldar") -> Haldar | F9: =IFERROR(__xludf.DUMMYFUNCTION("""COMPUTED_VALUE"""),9.8) -> 9.8 | G9: =IFERROR(__xludf.DUMMYFUNCTION("""COMPUTED_VALUE"""),"Ilt") -> Ilt | H9: =IFERROR(__xludf.DUMMYFUNCTION("""COMPUTED_VALUE"""),2.0) -> 2 | I9: =IFERROR(__xludf.DUMMYFUNCTION("""COMPUTED_VALUE"""),"DC") -> DC | J9: =IFERROR(__xludf.DUMMYFUNCTION("""COMPUTED_VALUE"""),8.714285714285714) -> 8.7142857 | K9: =IFERROR(__xludf.DUMMYFUNCTION("""COMPUTED_VALUE"""),"Fritz") -> Fritz | L9: =IFERROR(__xludf.DUMMYFUNCTION("""COMPUTED_VALUE"""),1.5714285714285714) -> 1.5714286 | M9: =IFERROR(__xludf.DUMMYFUNCTION("""COMPUTED_VALUE"""),"Dannegger") -> Dannegger | N9: =IFERROR(__xludf.DUMMYFUNCTION("""COMPUTED_VALUE"""),0.4251700680272109) -> 0.42517007 | O9: =IFERROR(__xludf.DUMMYFUNCTION("""COMPUTED_VALUE"""),"Jay") -> Jay | P9: =IFERROR(__xludf.DUMMYFUNCTION("""COMPUTED_VALUE"""),20.914704878545393) -> 20.914705 | Q9: =IFERROR(__xludf.DUMMYFUNCTION("""COMPUTED_VALUE"""),"Jay") -> Jay | R9: {=xlookup(Q9, 'Player Season Stats'!A:A, 'Player Season Stats'!B:B)} -> 7
A10: =A9+1 -> 9 | B10: =IFERROR(__xludf.DUMMYFUNCTION("""COMPUTED_VALUE"""),19.62857142857143) -> 19.628571 | C10: =IFERROR(__xludf.DUMMYFUNCTION("""COMPUTED_VALUE"""),"Pasha") -> Pasha | D10: =IFERROR(__xludf.DUMMYFUNCTION("""COMPUTED_VALUE"""),18.571428571428573) -> 18.571429 | E10: =IFERROR(__xludf.DUMMYFUNCTION("""COMPUTED_VALUE"""),"Pasha") -> Pasha | F10: =IFERROR(__xludf.DUMMYFUNCTION("""COMPUTED_VALUE"""),9.714285714285714) -> 9.7142857 | G10: =IFERROR(__xludf.DUMMYFUNCTION("""COMPUTED_VALUE"""),"TC") -> TC | H10: =IFERROR(__xludf.DUMMYFUNCTION("""COMPUTED_VALUE"""),1.8333333333333333) -> 1.8333333 | I10: =IFERROR(__xludf.DUMMYFUNCTION("""COMPUTED_VALUE"""),"Sean") -> Sean | J10: =IFERROR(__xludf.DUMMYFUNCTION("""COMPUTED_VALUE"""),8.285714285714286) -> 8.2857143 | K10: =IFERROR(__xludf.DUMMYFUNCTION("""COMPUTED_VALUE"""),"Cole") -> Cole | L10: =IFERROR(__xludf.DUMMYFUNCTION("""COMPUTED_VALUE"""),1.5) -> 1.5 | M10: =IFERROR(__xludf.DUMMYFUNCTION("""COMPUTED_VALUE"""),"Dave") -> Dave | N10: =IFERROR(__xludf.DUMMYFUNCTION("""COMPUTED_VALUE"""),0.4161676646706587) -> 0.41616766 | O10: =IFERROR(__xludf.DUMMYFUNCTION("""COMPUTED_VALUE"""),"Guel") -> Guel | P10: =IFERROR(__xludf.DUMMYFUNCTION("""COMPUTED_VALUE"""),20.840897072005934) -> 20.840897 | Q10: =IFERROR(__xludf.DUMMYFUNCTION("""COMPUTED_VALUE"""),"Vishal") -> Vishal | R10: {=xlookup(Q10, 'Player Season Stats'!A:A, 'Player Season Stats'!B:B)} -> 5
A11: =A10+1 -> 10 | B11: =IFERROR(__xludf.DUMMYFUNCTION("""COMPUTED_VALUE"""),19.21666666666667) -> 19.216667 | C11: =IFERROR(__xludf.DUMMYFUNCTION("""COMPUTED_VALUE"""),"Lucas") -> Lucas | D11: =IFERROR(__xludf.DUMMYFUNCTION("""COMPUTED_VALUE"""),17.857142857142858) -> 17.857143 | E11: =IFERROR(__xludf.DUMMYFUNCTION("""COMPUTED_VALUE"""),"Dli") -> Dli | F11: =IFERROR(__xludf.DUMMYFUNCTION("""COMPUTED_VALUE"""),9.571428571428571) -> 9.5714286 | G11: =IFERROR(__xludf.DUMMYFUNCTION("""COMPUTED_VALUE"""),"John") -> John | H11: =IFERROR(__xludf.DUMMYFUNCTION("""COMPUTED_VALUE"""),1.6666666666666667) -> 1.6666667 | I11: =IFERROR(__xludf.DUMMYFUNCTION("""COMPUTED_VALUE"""),"Schmid") -> Schmid | J11: =IFERROR(__xludf.DUMMYFUNCTION("""COMPUTED_VALUE"""),8.166666666666666) -> 8.1666667 | K11: =IFERROR(__xludf.DUMMYFUNCTION("""COMPUTED_VALUE"""),"DC") -> DC | L11: =IFERROR(__xludf.DUMMYFUNCTION("""COMPUTED_VALUE"""),1.4285714285714286) -> 1.4285714 | M11: =IFERROR(__xludf.DUMMYFUNCTION("""COMPUTED_VALUE"""),"Jay") -> Jay | N11: =IFERROR(__xludf.DUMMYFUNCTION("""COMPUTED_VALUE"""),0.4142857142857143) -> 0.41428571 | O11: =IFERROR(__xludf.DUMMYFUNCTION("""COMPUTED_VALUE"""),"Dannegger") -> Dannegger | P11: =IFERROR(__xludf.DUMMYFUNCTION("""COMPUTED_VALUE"""),20.60069480140892) -> 20.600695 | Q11: =IFERROR(__xludf.DUMMYFUNCTION("""COMPUTED_VALUE"""),"Haldar") -> Haldar | R11: {=xlookup(Q11, 'Player Season Stats'!A:A, 'Player Season Stats'!B:B)} -> 1
A12: =A11+1 -> 11 | B12: =IFERROR(__xludf.DUMMYFUNCTION("""COMPUTED_VALUE"""),19.09285714285714) -> 19.092857 | C12: =IFERROR(__xludf.DUMMYFUNCTION("""COMPUTED_VALUE"""),"Jay") -> Jay | D12: =IFERROR(__xludf.DUMMYFUNCTION("""COMPUTED_VALUE"""),17.857142857142858) -> 17.857143 | E12: =IFERROR(__xludf.DUMMYFUNCTION("""COMPUTED_VALUE"""),"Jay") -> Jay | F12: =IFERROR(__xludf.DUMMYFUNCTION("""COMPUTED_VALUE"""),9.428571428571429) -> 9.4285714 | G12: =IFERROR(__xludf.DUMMYFUNCTION("""COMPUTED_VALUE"""),"Cole") -> Cole | H12: =IFERROR(__xludf.DUMMYFUNCTION("""COMPUTED_VALUE"""),1.5714285714285714) -> 1.5714286 | I12: =IFERROR(__xludf.DUMMYFUNCTION("""COMPUTED_VALUE"""),"Dannegger") -> Dannegger | J12: =IFERROR(__xludf.DUMMYFUNCTION("""COMPUTED_VALUE"""),8.0) -> 8 | K12: =IFERROR(__xludf.DUMMYFUNCTION("""COMPUTED_VALUE"""),"Eric") -> Eric | L12: =IFERROR(__xludf.DUMMYFUNCTION("""COMPUTED_VALUE"""),1.4) -> 1.4 | M12: =IFERROR(__xludf.DUMMYFUNCTION("""COMPUTED_VALUE"""),"Vishal") -> Vishal | N12: =IFERROR(__xludf.DUMMYFUNCTION("""COMPUTED_VALUE"""),0.4105263157894737) -> 0.41052632 | O12: =IFERROR(__xludf.DUMMYFUNCTION("""COMPUTED_VALUE"""),"TC") -> TC | P12: =IFERROR(__xludf.DUMMYFUNCTION("""COMPUTED_VALUE"""),19.982705235114608) -> 19.982705 | Q12: =IFERROR(__xludf.DUMMYFUNCTION("""COMPUTED_VALUE"""),"Pasha") -> Pasha | R12: {=xlookup(Q12, 'Player Season Stats'!A:A, 'Player Season Stats'!B:B)} -> 7
A13: =A12+1 -> 12 | B13: =IFERROR(__xludf.DUMMYFUNCTION("""COMPUTED_VALUE"""),18.66) -> 18.66 | C13: =IFERROR(__xludf.DUMMYFUNCTION("""COMPUTED_VALUE"""),"Vishal") -> Vishal | D13: =IFERROR(__xludf.DUMMYFUNCTION("""COMPUTED_VALUE"""),17.833333333333332) -> 17.833333 | E13: =IFERROR(__xludf.DUMMYFUNCTION("""COMPUTED_VALUE"""),"Lucas") -> Lucas | F13: =IFERROR(__xludf.DUMMYFUNCTION("""COMPUTED_VALUE"""),8.5) -> 8.5 | G13: =IFERROR(__xludf.DUMMYFUNCTION("""COMPUTED_VALUE"""),"Somil") -> Somil | H13: =IFERROR(__xludf.DUMMYFUNCTION("""COMPUTED_VALUE"""),1.5) -> 1.5 | I13: =IFERROR(__xludf.DUMMYFUNCTION("""COMPUTED_VALUE"""),"Kyi") -> Kyi | J13: =IFERROR(__xludf.DUMMYFUNCTION("""COMPUTED_VALUE"""),7.571428571428571) -> 7.5714286 | K13: =IFERROR(__xludf.DUMMYFUNCTION("""COMPUTED_VALUE"""),"Du") -> Du | L13: =IFERROR(__xludf.DUMMYFUNCTION("""COMPUTED_VALUE"""),1.3333333333333333) -> 1.3333333 | M13: =IFERROR(__xludf.DUMMYFUNCTION("""COMPUTED_VALUE"""),"Sean") -> Sean | N13: =IFERROR(__xludf.DUMMYFUNCTION("""COMPUTED_VALUE"""),0.40584415584415584) -> 0.40584416 | O13: =IFERROR(__xludf.DUMMYFUNCTION("""COMPUTED_VALUE"""),"Dli") -> Dli | P13: =IFERROR(__xludf.DUMMYFUNCTION("""COMPUTED_VALUE"""),19.841235337104962) -> 19.841235 | Q13: =IFERROR(__xludf.DUMMYFUNCTION("""COMPUTED_VALUE"""),"Lucas") -> Lucas | R13: {=xlookup(Q13, 'Player Season Stats'!A:A, 'Player Season Stats'!B:B)} -> 6
A14: =A13+1 -> 13 | B14: =IFERROR(__xludf.DUMMYFUNCTION("""COMPUTED_VALUE"""),18.59285714285714) -> 18.592857 | C14: =IFERROR(__xludf.DUMMYFUNCTION("""COMPUTED_VALUE"""),"Dli") -> Dli | D14: =IFERROR(__xludf.DUMMYFUNCTION("""COMPUTED_VALUE"""),17.6) -> 17.6 | E14: =IFERROR(__xludf.DUMMYFUNCTION("""COMPUTED_VALUE"""),"Vishal") -> Vishal | F14: =IFERROR(__xludf.DUMMYFUNCTION("""COMPUTED_VALUE"""),8.428571428571429) -> 8.4285714 | G14: =IFERROR(__xludf.DUMMYFUNCTION("""COMPUTED_VALUE"""),"Arnav") -> Arnav | H14: =IFERROR(__xludf.DUMMYFUNCTION("""COMPUTED_VALUE"""),1.4285714285714286) -> 1.4285714 | I14: =IFERROR(__xludf.DUMMYFUNCTION("""COMPUTED_VALUE"""),"Yost") -> Yost | J14: =IFERROR(__xludf.DUMMYFUNCTION("""COMPUTED_VALUE"""),7.571428571428571) -> 7.5714286 | K14: =IFERROR(__xludf.DUMMYFUNCTION("""COMPUTED_VALUE"""),"Arnav") -> Arnav | L14: =IFERROR(__xludf.DUMMYFUNCTION("""COMPUTED_VALUE"""),1.0) -> 1 | M14: =IFERROR(__xludf.DUMMYFUNCTION("""COMPUTED_VALUE"""),"Porco") -> Porco | N14: =IFERROR(__xludf.DUMMYFUNCTION("""COMPUTED_VALUE"""),0.40074906367041196) -> 0.40074906 | O14: =IFERROR(__xludf.DUMMYFUNCTION("""COMPUTED_VALUE"""),"Lucas") -> Lucas | P14: =IFERROR(__xludf.DUMMYFUNCTION("""COMPUTED_VALUE"""),19.441222201406774) -> 19.441222 | Q14: =IFERROR(__xludf.DUMMYFUNCTION("""COMPUTED_VALUE"""),"Dli") -> Dli | R14: {=xlookup(Q14, 'Player Season Stats'!A:A, 'Player Season Stats'!B:B)} -> 7
A15: =A14+1 -> 14 | B15: =IFERROR(__xludf.DUMMYFUNCTION("""COMPUTED_VALUE"""),18.425000000000004) -> 18.425 | C15: =IFERROR(__xludf.DUMMYFUNCTION("""COMPUTED_VALUE"""),"Dave") -> Dave | D15: =IFERROR(__xludf.DUMMYFUNCTION("""COMPUTED_VALUE"""),17.0) -> 17 | E15: =IFERROR(__xludf.DUMMYFUNCTION("""COMPUTED_VALUE"""),"Dave") -> Dave | F15: =IFERROR(__xludf.DUMMYFUNCTION("""COMPUTED_VALUE"""),8.285714285714286) -> 8.2857143 | G15: =IFERROR(__xludf.DUMMYFUNCTION("""COMPUTED_VALUE"""),"Pasha") -> Pasha | H15: =IFERROR(__xludf.DUMMYFUNCTION("""COMPUTED_VALUE"""),1.3333333333333333) -> 1.3333333 | I15: =IFERROR(__xludf.DUMMYFUNCTION("""COMPUTED_VALUE"""),"Lucas") -> Lucas | J15: =IFERROR(__xludf.DUMMYFUNCTION("""COMPUTED_VALUE"""),7.5) -> 7.5 | K15: =IFERROR(__xludf.DUMMYFUNCTION("""COMPUTED_VALUE"""),"KZ") -> KZ | L15: =IFERROR(__xludf.DUMMYFUNCTION("""COMPUTED_VALUE"""),1.0) -> 1 | M15: =IFERROR(__xludf.DUMMYFUNCTION("""COMPUTED_VALUE"""),"James") -> James | N15: =IFERROR(__xludf.DUMMYFUNCTION("""COMPUTED_VALUE"""),0.4) -> 0.4 | O15: =IFERROR(__xludf.DUMMYFUNCTION("""COMPUTED_VALUE"""),"Dave") -> Dave | P15: =IFERROR(__xludf.DUMMYFUNCTION("""COMPUTED_VALUE"""),18.988279814868218) -> 18.98828 | Q15: =IFERROR(__xludf.DUMMYFUNCTION("""COMPUTED_VALUE"""),"Dave") -> Dave | R15: {=xlookup(Q15, 'Player Season Stats'!A:A, 'Player Season Stats'!B:B)} -> 6
A16: =A15+1 -> 15 | B16: =IFERROR(__xludf.DUMMYFUNCTION("""COMPUTED_VALUE"""),18.0) -> 18 | C16: =IFERROR(__xludf.DUMMYFUNCTION("""COMPUTED_VALUE"""),"Yost") -> Yost | D16: =IFERROR(__xludf.DUMMYFUNCTION("""COMPUTED_VALUE"""),16.714285714285715) -> 16.714286 | E16: =IFERROR(__xludf.DUMMYFUNCTION("""COMPUTED_VALUE"""),"Samos") -> Samos | F16: =IFERROR(__xludf.DUMMYFUNCTION("""COMPUTED_VALUE"""),8.25) -> 8.25 | G16: =IFERROR(__xludf.DUMMYFUNCTION("""COMPUTED_VALUE"""),"Dji") -> Dji | H16: =IFERROR(__xludf.DUMMYFUNCTION("""COMPUTED_VALUE"""),1.1428571428571428) -> 1.1428571 | I16: =IFERROR(__xludf.DUMMYFUNCTION("""COMPUTED_VALUE"""),"Cole") -> Cole | J16: =IFERROR(__xludf.DUMMYFUNCTION("""COMPUTED_VALUE"""),7.333333333333333) -> 7.3333333 | K16: =IFERROR(__xludf.DUMMYFUNCTION("""COMPUTED_VALUE"""),"Schmid") -> Schmid | L16: =IFERROR(__xludf.DUMMYFUNCTION("""COMPUTED_VALUE"""),1.0) -> 1 | M16: =IFERROR(__xludf.DUMMYFUNCTION("""COMPUTED_VALUE"""),"Cole") -> Cole | N16: =IFERROR(__xludf.DUMMYFUNCTION("""COMPUTED_VALUE"""),0.3958333333333333) -> 0.39583333 | O16: =IFERROR(__xludf.DUMMYFUNCTION("""COMPUTED_VALUE"""),"Haldar") -> Haldar | P16: =IFERROR(__xludf.DUMMYFUNCTION("""COMPUTED_VALUE"""),18.808718505733623) -> 18.808719 | Q16: =IFERROR(__xludf.DUMMYFUNCTION("""COMPUTED_VALUE"""),"Dannegger") -> Dannegger | R16: {=xlookup(Q16, 'Player Season Stats'!A:A, 'Player Season Stats'!B:B)} -> 7
A17: =A16+1 -> 16 | B17: =IFERROR(__xludf.DUMMYFUNCTION("""COMPUTED_VALUE"""),17.825) -> 17.825 | C17: =IFERROR(__xludf.DUMMYFUNCTION("""COMPUTED_VALUE"""),"Andy Yu") -> Andy Yu | D17: =IFERROR(__xludf.DUMMYFUNCTION("""COMPUTED_VALUE"""),16.714285714285715) -> 16.714286 | E17: =IFERROR(__xludf.DUMMYFUNCTION("""COMPUTED_VALUE"""),"TC") -> TC | F17: =IFERROR(__xludf.DUMMYFUNCTION("""COMPUTED_VALUE"""),8.166666666666666) -> 8.1666667 | G17: =IFERROR(__xludf.DUMMYFUNCTION("""COMPUTED_VALUE"""),"DC") -> DC | H17: =IFERROR(__xludf.DUMMYFUNCTION("""COMPUTED_VALUE"""),1.0) -> 1 | I17: =IFERROR(__xludf.DUMMYFUNCTION("""COMPUTED_VALUE"""),"Tyler") -> Tyler | J17: =IFERROR(__xludf.DUMMYFUNCTION("""COMPUTED_VALUE"""),6.833333333333333) -> 6.8333333 | K17: =IFERROR(__xludf.DUMMYFUNCTION("""COMPUTED_VALUE"""),"Porco") -> Porco | L17: =IFERROR(__xludf.DUMMYFUNCTION("""COMPUTED_VALUE"""),1.0) -> 1 | M17: =IFERROR(__xludf.DUMMYFUNCTION("""COMPUTED_VALUE"""),"Adi") -> Adi | N17: =IFERROR(__xludf.DUMMYFUNCTION("""COMPUTED_VALUE"""),0.3951367781155016) -> 0.39513678 | O17: =IFERROR(__xludf.DUMMYFUNCTION("""COMPUTED_VALUE"""),"Pasha") -> Pasha | P17: =IFERROR(__xludf.DUMMYFUNCTION("""COMPUTED_VALUE"""),18.4113922368117) -> 18.411392 | Q17: =IFERROR(__xludf.DUMMYFUNCTION("""COMPUTED_VALUE"""),"TC") -> TC | R17: {=xlookup(Q17, 'Player Season Stats'!A:A, 'Player Season Stats'!B:B)} -> 7
A18: =A17+1 -> 17 | B18: =IFERROR(__xludf.DUMMYFUNCTION("""COMPUTED_VALUE"""),17.62142857142857) -> 17.621429 | C18: =IFERROR(__xludf.DUMMYFUNCTION("""COMPUTED_VALUE"""),"Dannegger") -> Dannegger | D18: =IFERROR(__xludf.DUMMYFUNCTION("""COMPUTED_VALUE"""),16.666666666666668) -> 16.666667 | E18: =IFERROR(__xludf.DUMMYFUNCTION("""COMPUTED_VALUE"""),"Andy Yu") -> Andy Yu | F18: =IFERROR(__xludf.DUMMYFUNCTION("""COMPUTED_VALUE"""),7.857142857142857) -> 7.8571429 | G18: =IFERROR(__xludf.DUMMYFUNCTION("""COMPUTED_VALUE"""),"Guel") -> Guel | H18: =IFERROR(__xludf.DUMMYFUNCTION("""COMPUTED_VALUE"""),1.0) -> 1 | I18: =IFERROR(__xludf.DUMMYFUNCTION("""COMPUTED_VALUE"""),"Raymond") -> Raymond | J18: =IFERROR(__xludf.DUMMYFUNCTION("""COMPUTED_VALUE"""),6.833333333333333) -> 6.8333333 | K18: =IFERROR(__xludf.DUMMYFUNCTION("""COMPUTED_VALUE"""),"Andy Yu") -> Andy Yu | L18: =IFERROR(__xludf.DUMMYFUNCTION("""COMPUTED_VALUE"""),1.0) -> 1 | M18: =IFERROR(__xludf.DUMMYFUNCTION("""COMPUTED_VALUE"""),"Haldar") -> Haldar | N18: =IFERROR(__xludf.DUMMYFUNCTION("""COMPUTED_VALUE"""),0.3884297520661157) -> 0.38842975 | O18: =IFERROR(__xludf.DUMMYFUNCTION("""COMPUTED_VALUE"""),"Raymond") -> Raymond | P18: =IFERROR(__xludf.DUMMYFUNCTION("""COMPUTED_VALUE"""),17.528565760718916) -> 17.528566 | Q18: =IFERROR(__xludf.DUMMYFUNCTION("""COMPUTED_VALUE"""),"Andy Yu") -> Andy Yu | R18: {=xlookup(Q18, 'Player Season Stats'!A:A, 'Player Season Stats'!B:B)} -> 6
A19: =A18+1 -> 18 | B19: =IFERROR(__xludf.DUMMYFUNCTION("""COMPUTED_VALUE"""),17.40714285714286) -> 17.407143 | C19: =IFERROR(__xludf.DUMMYFUNCTION("""COMPUTED_VALUE"""),"TC") -> TC | D19: =IFERROR(__xludf.DUMMYFUNCTION("""COMPUTED_VALUE"""),16.571428571428573) -> 16.571429 | E19: =IFERROR(__xludf.DUMMYFUNCTION("""COMPUTED_VALUE"""),"Dannegger") -> Dannegger | F19: =IFERROR(__xludf.DUMMYFUNCTION("""COMPUTED_VALUE"""),7.8) -> 7.8 | G19: =IFERROR(__xludf.DUMMYFUNCTION("""COMPUTED_VALUE"""),"Matvey") -> Matvey | H19: =IFERROR(__xludf.DUMMYFUNCTION("""COMPUTED_VALUE"""),0.8571428571428571) -> 0.85714286 | I19: =IFERROR(__xludf.DUMMYFUNCTION("""COMPUTED_VALUE"""),"Samos") -> Samos | J19: =IFERROR(__xludf.DUMMYFUNCTION("""COMPUTED_VALUE"""),6.6) -> 6.6 | K19: =IFERROR(__xludf.DUMMYFUNCTION("""COMPUTED_VALUE"""),"Vishal") -> Vishal | L19: =IFERROR(__xludf.DUMMYFUNCTION("""COMPUTED_VALUE"""),1.0) -> 1 | M19: =IFERROR(__xludf.DUMMYFUNCTION("""COMPUTED_VALUE"""),"DC") -> DC | N19: =IFERROR(__xludf.DUMMYFUNCTION("""COMPUTED_VALUE"""),0.38793103448275856) -> 0.38793103 | O19: =IFERROR(__xludf.DUMMYFUNCTION("""COMPUTED_VALUE"""),"Schmid") -> Schmid | P19: =IFERROR(__xludf.DUMMYFUNCTION("""COMPUTED_VALUE"""),17.07804193467504) -> 17.078042 | Q19: =IFERROR(__xludf.DUMMYFUNCTION("""COMPUTED_VALUE"""),"Yost") -> Yost | R19: {=xlookup(Q19, 'Player Season Stats'!A:A, 'Player Season Stats'!B:B)} -> 7
A20: =A19+1 -> 19 | B20: =IFERROR(__xludf.DUMMYFUNCTION("""COMPUTED_VALUE"""),17.200000000000003) -> 17.2 | C20: =IFERROR(__xludf.DUMMYFUNCTION("""COMPUTED_VALUE"""),"Samos") -> Samos | D20: =IFERROR(__xludf.DUMMYFUNCTION("""COMPUTED_VALUE"""),16.571428571428573) -> 16.571429 | E20: =IFERROR(__xludf.DUMMYFUNCTION("""COMPUTED_VALUE"""),"Yost") -> Yost | F20: =IFERROR(__xludf.DUMMYFUNCTION("""COMPUTED_VALUE"""),7.666666666666667) -> 7.6666667 | G20: =IFERROR(__xludf.DUMMYFUNCTION("""COMPUTED_VALUE"""),"Gavin") -> Gavin | H20: =IFERROR(__xludf.DUMMYFUNCTION("""COMPUTED_VALUE"""),0.8) -> 0.8 | I20: =IFERROR(__xludf.DUMMYFUNCTION("""COMPUTED_VALUE"""),"Neo") -> Neo | J20: =IFERROR(__xludf.DUMMYFUNCTION("""COMPUTED_VALUE"""),6.571428571428571) -> 6.5714286 | K20: =IFERROR(__xludf.DUMMYFUNCTION("""COMPUTED_VALUE"""),"Dannegger") -> Dannegger | L20: =IFERROR(__xludf.DUMMYFUNCTION("""COMPUTED_VALUE"""),0.8571428571428571) -> 0.85714286 | M20: =IFERROR(__xludf.DUMMYFUNCTION("""COMPUTED_VALUE"""),"Eric") -> Eric | N20: =IFERROR(__xludf.DUMMYFUNCTION("""COMPUTED_VALUE"""),0.38461538461538464) -> 0.38461538 | O20: =IFERROR(__xludf.DUMMYFUNCTION("""COMPUTED_VALUE"""),"Eric") -> Eric | P20: =IFERROR(__xludf.DUMMYFUNCTION("""COMPUTED_VALUE"""),16.56275618664605) -> 16.562756 | Q20: =IFERROR(__xludf.DUMMYFUNCTION("""COMPUTED_VALUE"""),"Eric") -> Eric | R20: {=xlookup(Q20, 'Player Season Stats'!A:A, 'Player Season Stats'!B:B)} -> 7
A21: =A20+1 -> 20 | B21: =IFERROR(__xludf.DUMMYFUNCTION("""COMPUTED_VALUE"""),16.714285714285715) -> 16.714286 | C21: =IFERROR(__xludf.DUMMYFUNCTION("""COMPUTED_VALUE"""),"Eric") -> Eric | D21: =IFERROR(__xludf.DUMMYFUNCTION("""COMPUTED_VALUE"""),16.0) -> 16 | E21: =IFERROR(__xludf.DUMMYFUNCTION("""COMPUTED_VALUE"""),"Steven") -> Steven | F21: =IFERROR(__xludf.DUMMYFUNCTION("""COMPUTED_VALUE"""),7.2) -> 7.2 | G21: =IFERROR(__xludf.DUMMYFUNCTION("""COMPUTED_VALUE"""),"Vishal") -> Vishal | H21: =IFERROR(__xludf.DUMMYFUNCTION("""COMPUTED_VALUE"""),0.8) -> 0.8 | I21: =IFERROR(__xludf.DUMMYFUNCTION("""COMPUTED_VALUE"""),"Matvey") -> Matvey | J21: =IFERROR(__xludf.DUMMYFUNCTION("""COMPUTED_VALUE"""),6.571428571428571) -> 6.5714286 | K21: =IFERROR(__xludf.DUMMYFUNCTION("""COMPUTED_VALUE"""),"Guel") -> Guel | L21: =IFERROR(__xludf.DUMMYFUNCTION("""COMPUTED_VALUE"""),0.6666666666666666) -> 0.66666667 | M21: =IFERROR(__xludf.DUMMYFUNCTION("""COMPUTED_VALUE"""),"Steven") -> Steven | N21: =IFERROR(__xludf.DUMMYFUNCTION("""COMPUTED_VALUE"""),0.38421052631578945) -> 0.38421053 | O21: =IFERROR(__xludf.DUMMYFUNCTION("""COMPUTED_VALUE"""),"Adi") -> Adi | P21: =IFERROR(__xludf.DUMMYFUNCTION("""COMPUTED_VALUE"""),16.512118460725095) -> 16.512118 | Q21: =IFERROR(__xludf.DUMMYFUNCTION("""COMPUTED_VALUE"""),"Samos") -> Samos | R21: {=xlookup(Q21, 'Player Season Stats'!A:A, 'Player Season Stats'!B:B)} -> 7

Sheet Player Game Stats
A1: =Draft!B24 -> Gargantuan | B1: Game Played | C1: Result | D1: FGM | E1: Bottom | F1: Bottom ISO | G1: Top | H1: Top ISO | I1: Misses | J1: FG% | K1: =Draft!C24 -> Team C | L1: Game Played | M1: Result | N1: FGM | O1: Bottom | P1: Bottom ISO | Q1: Top | R1: Top ISO | S1: Misses | T1: FG% | U1: =Draft!D24 -> Candice? | V1: Game Played | W1: Result | X1: FGM | Y1: Bottom | Z1: Bottom ISO | AA1: Top | AB1: Top ISO | AC1: Misses | AD1: FG% | AE1: =Draft!E24 -> Team E | AF1: Game Played | AG1: Result | AH1: FGM | AI1: Bottom | AJ1: Bottom ISO | AK1: Top | AL1: Top ISO | AM1: Misses | AN1: FG% | AO1: =Draft!F24 -> Migos | AP1: Game Played | AQ1: Result | AR1: FGM | AS1: Bottom | AT1: Bottom ISO | AU1: Top | AV1: Top ISO | AW1: Misses | AX1: FG% | AY1: =Draft!G24 -> Team F | AZ1: Game Played | BA1: Result | BB1: FGM | BC1: Bottom | BD1: Bottom ISO | BE1: Top | BF1: Top ISO | BG1: Misses | BH1: FG%
A2: =Draft!B46 -> Tyler | B2: =B12 -> 4 | C2: =C12 -> 0.25 | D2: =D12 -> 10.75 | E2: =E12 -> 5.75 | F2: =F12 -> 1 | G2: =G12 -> 4 | H2: =H12 -> 0 | I2: =I12 -> 30.75 | J2: =J12 -> 0.25903614 | K2: =Draft!C46 -> Du | L2: =L12 -> 7 | M2: =M12 -> 0.42857143 | N2: =N12 -> 14 | O2: =O12 -> 5.4285714 | P2: =P12 -> 0.71428571 | Q2: =Q12 -> 7.5714286 | R2: =R12 -> 0.28571429 | S2: =S12 -> 26.142857 | T2: =T12 -> 0.34875445 | U2: =Draft!D46 -> John | V2: =V12 -> 7 | W2: =W12 -> 0.42857143 | X2: =X12 -> 20.428571 | Y2: =Y12 -> 9.5714286 | Z2: =Z12 -> 3.2857143 | AA2: =AA12 -> 5.1428571 | AB2: =AB12 -> 2.4285714 | AC2: =AC12 -> 22 | AD2: =AD12 -> 0.48148148 | AE2: =Draft!E46 -> Guel | AF2: =AF12 -> 7 | AG2: =AG12 -> 0.42857143 | AH2: =AH12 -> 19.857143 | AI2: =AI12 -> 7.8571429 | AJ2: =AJ12 -> 3.2857143 | AK2: =AK12 -> 6.5714286 | AL2: =AL12 -> 2.1428571 | AM2: =AM12 -> 27.857143 | AN2: =AN12 -> 0.41616766 | AO2: =Draft!F46 -> Arnav | AP2: =AP12 -> 7 | AQ2: =AQ12 -> 0.85714286 | AR2: =AR12 -> 22.285714 | AS2: =AS12 -> 8.4285714 | AT2: =AT12 -> 2 | AU2: =AU12 -> 7.5714286 | AV2: =AV12 -> 4.2857143 | AW2: =AW12 -> 21.571429 | AX2: =AX12 -> 0.50814332 | AY2: =Draft!G46 -> Jay | AZ2: =AZ12 -> 7 | BA2: =BA12 -> 0.42857143 | BB2: =BB12 -> 17.857143 | BC2: =BC12 -> 6.5714286 | BD2: =BD12 -> 0.71428571 | BE2: =BE12 -> 9.1428571 | BF2: =BF12 -> 1.4285714 | BG2: =BG12 -> 24.142857 | BH2: =BH12 -> 0.42517007
A3: Game 1 | B3: =ifna(if(I3<>"", "Yes", ""), "") -> Yes | C3: {=ifna(xlookup(A2, 'Week 1'!$A:$A, 'Week 1'!$B:$B), "")} -> Loss | D3: {=ifna(xlookup(A2, 'Week 1'!$A:$A, 'Week 1'!$D:$D), "")} -> 10 | E3: {=ifna(xlookup(A2, 'Week 1'!$A:$A, 'Week 1'!$G:$G), "")} -> 1 | F3: {=ifna(xlookup(A2, 'Week 1'!$A:$A, 'Week 1'!$H:$H), "")} -> 1 | G3: {=ifna(xlookup(A2, 'Week 1'!$A:$A, 'Week 1'!$E:$E), "")} -> 8 | H3: {=ifna(xlookup(A2, 'Week 1'!$A:$A, 'Week 1'!$F:$F), "")} -> 0 | I3: {=ifna(xlookup(A2, 'Week 1'!$A:$A, 'Week 1'!$I:$I), "")} -> 41 | J3: =iferror(IF(D3>0, (D3/(D3+I3)), ""),"") -> 0.19607843 | K3: Game 1 | L3: =ifna(if(S3<>"", "Yes", ""), "") -> Yes | M3: {=ifna(xlookup(K2, 'Week 1'!$A:$A, 'Week 1'!$B:$B), "")} -> Loss | N3: {=ifna(xlookup(K2, 'Week 1'!$A:$A, 'Week 1'!$D:$D), "")} -> 14 | O3: {=ifna(xlookup(K2, 'Week 1'!$A:$A, 'Week 1'!$G:$G), "")} -> 1 | P3: {=ifna(xlookup(K2, 'Week 1'!$A:$A, 'Week 1'!$H:$H), "")} -> 0 | Q3: {=ifna(xlookup(K2, 'Week 1'!$A:$A, 'Week 1'!$E:$E), "")} -> 12 | R3: {=ifna(xlookup(K2, 'Week 1'!$A:$A, 'Week 1'!$F:$F), "")} -> 1 | S3: {=ifna(xlookup(K2, 'Week 1'!$A:$A, 'Week 1'!$I:$I), "")} -> 22 | T3: =iferror(IF(N3>0, (N3/(N3+S3)), ""),"") -> 0.38888889 | U3: Game 1 | V3: =ifna(if(AC3<>"", "Yes", ""), "") -> Yes | W3: {=ifna(xlookup(U2, 'Week 1'!$A:$A, 'Week 1'!$B:$B), "")} -> Win | X3: {=ifna(xlookup(U2, 'Week 1'!$A:$A, 'Week 1'!$D:$D), "")} -> 22 | Y3: {=ifna(xlookup(U2, 'Week 1'!$A:$A, 'Week 1'!$G:$G), "")} -> 7 | Z3: {=ifna(xlookup(U2, 'Week 1'!$A:$A, 'Week 1'!$H:$H), "")} -> 6 | AA3: {=ifna(xlookup(U2, 'Week 1'!$A:$A, 'Week 1'!$E:$E), "")} -> 6 | AB3: {=ifna(xlookup(U2, 'Week 1'!$A:$A, 'Week 1'!$F:$F), "")} -> 3 | AC3: {=ifna(xlookup(U2, 'Week 1'!$A:$A, 'Week 1'!$I:$I), "")} -> 23 | AD3: =iferror(IF(X3>0, (X3/(X3+AC3)), ""),"") -> 0.48888889 | AE3: Game 1 | AF3: =ifna(if(AM3<>"", "Yes", ""), "") -> Yes | AG3: {=ifna(xlookup(AE2, 'Week 1'!$A:$A, 'Week 1'!$B:$B), "")} -> Win | AH3: {=ifna(xlookup(AE2, 'Week 1'!$A:$A, 'Week 1'!$D:$D), "")} -> 20 | AI3: {=ifna(xlookup(AE2, 'Week 1'!$A:$A, 'Week 1'!$G:$G), "")} -> 11 | AJ3: {=ifna(xlookup(AE2, 'Week 1'!$A:$A, 'Week 1'!$H:$H), "")} -> 5 | AK3: {=ifna(xlookup(AE2, 'Week 1'!$A:$A, 'Week 1'!$E:$E), "")} -> 4 | AL3: {=ifna(xlookup(AE2, 'Week 1'!$A:$A, 'Week 1'!$F:$F), "")} -> 0 | AM3: {=ifna(xlookup(AE2, 'Week 1'!$A:$A, 'Week 1'!$I:$I), "")} -> 40 | AN3: =iferror(IF(AH3>0, (AH3/(AH3+AM3)), ""),"") -> 0.33333333 | AO3: Game 1 | AP3: =ifna(if(AW3<>"", "Yes", ""), "") -> Yes | AQ3: {=ifna(xlookup(AO2, 'Week 1'!$A:$A, 'Week 1'!$B:$B), "")} -> Loss | AR3: {=ifna(xlookup(AO2, 'Week 1'!$A:$A, 'Week 1'!$D:$D), "")} -> 18 | AS3: {=ifna(xlookup(AO2, 'Week 1'!$A:$A, 'Week 1'!$G:$G), "")} -> 3 | AT3: {=ifna(xlookup(AO2, 'Week 1'!$A:$A, 'Week 1'!$H:$H), "")} -> 2 | AU3: {=ifna(xlookup(AO2, 'Week 1'!$A:$A, 'Week 1'!$E:$E), "")} -> 8 | AV3: {=ifna(xlookup(AO2, 'Week 1'!$A:$A, 'Week 1'!$F:$F), "")} -> 5 | AW3: {=ifna(xlookup(AO2, 'Week 1'!$A:$A, 'Week 1'!$I:$I), "")} -> 24 | AX3: =iferror(IF(AR3>0, (AR3/(AR3+AW3)), ""),"") -> 0.42857143 | AY3: Game 1 | AZ3: =ifna(if(BG3<>"", "Yes", ""), "") -> Yes | BA3: {=ifna(xlookup(AY2, 'Week 1'!$A:$A, 'Week 1'!$B:$B), "")} -> Win | BB3: {=ifna(xlookup(AY2, 'Week 1'!$A:$A, 'Week 1'!$D:$D), "")} -> 22 | BC3: {=ifna(xlookup(AY2, 'Week 1'!$A:$A, 'Week 1'!$G:$G), "")} -> 7 | BD3: {=ifna(xlookup(AY2, 'Week 1'!$A:$A, 'Week 1'!$H:$H), "")} -> 2 | BE3: {=ifna(xlookup(AY2, 'Week 1'!$A:$A, 'Week 1'!$E:$E), "")} -> 11 | BF3: {=ifna(xlookup(AY2, 'Week 1'!$A:$A, 'Week 1'!$F:$F), "")} -> 2 | BG3: {=ifna(xlookup(AY2, 'Week 1'!$A:$A, 'Week 1'!$I:$I), "")} -> 21 | BH3: =iferror(IF(BB3>0, (BB3/(BB3+BG3)), ""),"") -> 0.51162791
A4: Game 2 | B4: =ifna(if(I4<>"", "Yes", ""), "") -> Yes | C4: {=ifna(xlookup(A2, 'Week 2'!$A:$A, 'Week 2'!$B:$B), "")} -> Loss | D4: {=ifna(xlookup(A2, 'Week 2'!$A:$A, 'Week 2'!$D:$D), "")} -> 11 | E4: {=ifna(xlookup(A2, 'Week 2'!$A:$A, 'Week 2'!$G:$G), "")} -> 5 | F4: {=ifna(xlookup(A2, 'Week 2'!$A:$A, 'Week 2'!$H:$H), "")} -> 2 | G4: {=ifna(xlookup(A2, 'Week 2'!$A:$A, 'Week 2'!$E:$E), "")} -> 4 | H4: {=ifna(xlookup(A2, 'Week 2'!$A:$A, 'Week 2'!$F:$F), "")} -> 0 | I4: {=ifna(xlookup(A2, 'Week 2'!$A:$A, 'Week 2'!$I:$I), "")} -> 24 | J4: =iferror(IF(D4>0, (D4/(D4+I4)), ""),"") -> 0.31428571 | K4: Game 2 | L4: =ifna(if(S4<>"", "Yes", ""), "") -> Yes | M4: {=ifna(xlookup(K2, 'Week 2'!$A:$A, 'Week 2'!$B:$B), "")} -> Loss | N4: {=ifna(xlookup(K2, 'Week 2'!$A:$A, 'Week 2'!$D:$D), "")} -> 12 | O4: {=ifna(xlookup(K2, 'Week 2'!$A:$A, 'Week 2'!$G:$G), "")} -> 4 | P4: {=ifna(xlookup(K2, 'Week 2'!$A:$A, 'Week 2'!$H:$H), "")} -> 0 | Q4: {=ifna(xlookup(K2, 'Week 2'!$A:$A, 'Week 2'!$E:$E), "")} -> 8 | R4: {=ifna(xlookup(K2, 'Week 2'!$A:$A, 'Week 2'!$F:$F), "")} -> 0 | S4: {=ifna(xlookup(K2, 'Week 2'!$A:$A, 'Week 2'!$I:$I), "")} -> 23 | T4: =iferror(IF(N4>0, (N4/(N4+S4)), ""),"") -> 0.34285714 | U4: Game 2 | V4: =ifna(if(AC4<>"", "Yes", ""), "") -> Yes | W4: {=ifna(xlookup(U2, 'Week 2'!$A:$A, 'Week 2'!$B:$B), "")} -> Win | X4: {=ifna(xlookup(U2, 'Week 2'!$A:$A, 'Week 2'!$D:$D), "")} -> 20 | Y4: {=ifna(xlookup(U2, 'Week 2'!$A:$A, 'Week 2'!$G:$G), "")} -> 15 | Z4: {=ifna(xlookup(U2, 'Week 2'!$A:$A, 'Week 2'!$H:$H), "")} -> 1 | AA4: {=ifna(xlookup(U2, 'Week 2'!$A:$A, 'Week 2'!$E:$E), "")} -> 3 | AB4: {=ifna(xlookup(U2, 'Week 2'!$A:$A, 'Week 2'!$F:$F), "")} -> 1 | AC4: {=ifna(xlookup(U2, 'Week 2'!$A:$A, 'Week 2'!$I:$I), "")} -> 24 | AD4: =iferror(IF(X4>0, (X4/(X4+AC4)), ""),"") -> 0.45454545 | AE4: Game 2 | AF4: =ifna(if(AM4<>"", "Yes", ""), "") -> Yes | AG4: {=ifna(xlookup(AE2, 'Week 2'!$A:$A, 'Week 2'!$B:$B), "")} -> Loss | AH4: {=ifna(xlookup(AE2, 'Week 2'!$A:$A, 'Week 2'!$D:$D), "")} -> 20 | AI4: {=ifna(xlookup(AE2, 'Week 2'!$A:$A, 'Week 2'!$G:$G), "")} -> 6 | AJ4: {=ifna(xlookup(AE2, 'Week 2'!$A:$A, 'Week 2'!$H:$H), "")} -> 5 | AK4: {=ifna(xlookup(AE2, 'Week 2'!$A:$A, 'Week 2'!$E:$E), "")} -> 6 | AL4: {=ifna(xlookup(AE2, 'Week 2'!$A:$A, 'Week 2'!$F:$F), "")} -> 3 | AM4: {=ifna(xlookup(AE2, 'Week 2'!$A:$A, 'Week 2'!$I:$I), "")} -> 21 | AN4: =iferror(IF(AH4>0, (AH4/(AH4+AM4)), ""),"") -> 0.48780488 | AO4: Game 2 | AP4: =ifna(if(AW4<>"", "Yes", ""), "") -> Yes | AQ4: {=ifna(xlookup(AO2, 'Week 2'!$A:$A, 'Week 2'!$B:$B), "")} -> Win | AR4: {=ifna(xlookup(AO2, 'Week 2'!$A:$A, 'Week 2'!$D:$D), "")} -> 20 | AS4: {=ifna(xlookup(AO2, 'Week 2'!$A:$A, 'Week 2'!$G:$G), "")} -> 13 | AT4: {=ifna(xlookup(AO2, 'Week 2'!$A:$A, 'Week 2'!$H:$H), "")} -> 0 | AU4: {=ifna(xlookup(AO2, 'Week 2'!$A:$A, 'Week 2'!$E:$E), "")} -> 6 | AV4: {=ifna(xlookup(AO2, 'Week 2'!$A:$A, 'Week 2'!$F:$F), "")} -> 1 | AW4: {=ifna(xlookup(AO2, 'Week 2'!$A:$A, 'Week 2'!$I:$I), "")} -> 21 | AX4: =iferror(IF(AR4>0, (AR4/(AR4+AW4)), ""),"") -> 0.48780488 | AY4: Game 2 | AZ4: =ifna(if(BG4<>"", "Yes", ""), "") -> Yes | BA4: {=ifna(xlookup(AY2, 'Week 2'!$A:$A, 'Week 2'!$B:$B), "")} -> Win | BB4: {=ifna(xlookup(AY2, 'Week 2'!$A:$A, 'Week 2'!$D:$D), "")} -> 24 | BC4: {=ifna(xlookup(AY2, 'Week 2'!$A:$A, 'Week 2'!$G:$G), "")} -> 14 | BD4: {=ifna(xlookup(AY2, 'Week 2'!$A:$A, 'Week 2'!$H:$H), "")} -> 0 | BE4: {=ifna(xlookup(AY2, 'Week 2'!$A:$A, 'Week 2'!$E:$E), "")} -> 8 | BF4: {=ifna(xlookup(AY2, 'Week 2'!$A:$A, 'Week 2'!$F:$F), "")} -> 2 | BG4: {=ifna(xlookup(AY2, 'Week 2'!$A:$A, 'Week 2'!$I:$I), "")} -> 19 | BH4: =iferror(IF(BB4>0, (BB4/(BB4+BG4)), ""),"") -> 0.55813953
A5: Game 3 | B5: =ifna(if(I5<>"", "Yes", ""), "") -> Yes | C5: {=ifna(xlookup(A2, 'Week 3'!$A:$A, 'Week 3'!$B:$B), "")} -> Loss | D5: {=ifna(xlookup(A2, 'Week 3'!$A:$A, 'Week 3'!$D:$D), "")} -> 12 | E5: {=ifna(xlookup(A2, 'Week 3'!$A:$A, 'Week 3'!$G:$G), "")} -> 10 | F5: {=ifna(xlookup(A2, 'Week 3'!$A:$A, 'Week 3'!$H:$H), "")} -> 0 | G5: {=ifna(xlookup(A2, 'Week 3'!$A:$A, 'Week 3'!$E:$E), "")} -> 2 | H5: {=ifna(xlookup(A2, 'Week 3'!$A:$A, 'Week 3'!$F:$F), "")} -> 0 | I5: {=ifna(xlookup(A2, 'Week 3'!$A:$A, 'Week 3'!$I:$I), "")} -> 29 | J5: =iferror(IF(D5>0, (D5/(D5+I5)), ""),"") -> 0.29268293 | K5: Game 3 | L5: =ifna(if(S5<>"", "Yes", ""), "") -> Yes | M5: {=ifna(xlookup(K2, 'Week 3'!$A:$A, 'Week 3'!$B:$B), "")} -> Win | N5: {=ifna(xlookup(K2, 'Week 3'!$A:$A, 'Week 3'!$D:$D), "")} -> 22 | O5: {=ifna(xlookup(K2, 'Week 3'!$A:$A, 'Week 3'!$G:$G), "")} -> 6 | P5: {=ifna(xlookup(K2, 'Week 3'!$A:$A, 'Week 3'!$H:$H), "")} -> 0 | Q5: {=ifna(xlookup(K2, 'Week 3'!$A:$A, 'Week 3'!$E:$E), "")} -> 16 | R5: {=ifna(xlookup(K2, 'Week 3'!$A:$A, 'Week 3'!$F:$F), "")} -> 0 | S5: {=ifna(xlookup(K2, 'Week 3'!$A:$A, 'Week 3'!$I:$I), "")} -> 28 | T5: =iferror(IF(N5>0, (N5/(N5+S5)), ""),"") -> 0.44 | U5: Game 3 | V5: =ifna(if(AC5<>"", "Yes", ""), "") -> Yes | W5: {=ifna(xlookup(U2, 'Week 3'!$A:$A, 'Week 3'!$B:$B), "")} -> Win | X5: {=ifna(xlookup(U2, 'Week 3'!$A:$A, 'Week 3'!$D:$D), "")} -> 19 | Y5: {=ifna(xlookup(U2, 'Week 3'!$A:$A, 'Week 3'!$G:$G), "")} -> 9 | Z5: {=ifna(xlookup(U2, 'Week 3'!$A:$A, 'Week 3'!$H:$H), "")} -> 3 | AA5: {=ifna(xlookup(U2, 'Week 3'!$A:$A, 'Week 3'!$E:$E), "")} -> 4 | AB5: {=ifna(xlookup(U2, 'Week 3'!$A:$A, 'Week 3'!$F:$F), "")} -> 3 | AC5: {=ifna(xlookup(U2, 'Week 3'!$A:$A, 'Week 3'!$I:$I), "")} -> 21 | AD5: =iferror(IF(X5>0, (X5/(X5+AC5)), ""),"") -> 0.475 | AE5: Game 3 | AF5: =ifna(if(AM5<>"", "Yes", ""), "") -> Yes | AG5: {=ifna(xlookup(AE2, 'Week 3'!$A:$A, 'Week 3'!$B:$B), "")} -> Loss | AH5: {=ifna(xlookup(AE2, 'Week 3'!$A:$A, 'Week 3'!$D:$D), "")} -> 17 | AI5: {=ifna(xlookup(AE2, 'Week 3'!$A:$A, 'Week 3'!$G:$G), "")} -> 5 | AJ5: {=ifna(xlookup(AE2, 'Week 3'!$A:$A, 'Week 3'!$H:$H), "")} -> 3 | AK5: {=ifna(xlookup(AE2, 'Week 3'!$A:$A, 'Week 3'!$E:$E), "")} -> 8 | AL5: {=ifna(xlookup(AE2, 'Week 3'!$A:$A, 'Week 3'!$F:$F), "")} -> 1 | AM5: {=ifna(xlookup(AE2, 'Week 3'!$A:$A, 'Week 3'!$I:$I), "")} -> 30 | AN5: =iferror(IF(AH5>0, (AH5/(AH5+AM5)), ""),"") -> 0.36170213 | AO5: Game 3 | AP5: =ifna(if(AW5<>"", "Yes", ""), "") -> Yes | AQ5: {=ifna(xlookup(AO2, 'Week 3'!$A:$A, 'Week 3'!$B:$B), "")} -> Win | AR5: {=ifna(xlookup(AO2, 'Week 3'!$A:$A, 'Week 3'!$D:$D), "")} -> 24 | AS5: {=ifna(xlookup(AO2, 'Week 3'!$A:$A, 'Week 3'!$G:$G), "")} -> 5 | AT5: {=ifna(xlookup(AO2, 'Week 3'!$A:$A, 'Week 3'!$H:$H), "")} -> 4 | AU5: {=ifna(xlookup(AO2, 'Week 3'!$A:$A, 'Week 3'!$E:$E), "")} -> 12 | AV5: {=ifna(xlookup(AO2, 'Week 3'!$A:$A, 'Week 3'!$F:$F), "")} -> 3 | AW5: {=ifna(xlookup(AO2, 'Week 3'!$A:$A, 'Week 3'!$I:$I), "")} -> 24 | AX5: =iferror(IF(AR5>0, (AR5/(AR5+AW5)), ""),"") -> 0.5 | AY5: Game 3 | AZ5: =ifna(if(BG5<>"", "Yes", ""), "") -> Yes | BA5: {=ifna(xlookup(AY2, 'Week 3'!$A:$A, 'Week 3'!$B:$B), "")} -> Loss | BB5: {=ifna(xlookup(AY2, 'Week 3'!$A:$A, 'Week 3'!$D:$D), "")} -> 14 | BC5: {=ifna(xlookup(AY2, 'Week 3'!$A:$A, 'Week 3'!$G:$G), "")} -> 1 | BD5: {=ifna(xlookup(AY2, 'Week 3'!$A:$A, 'Week 3'!$H:$H), "")} -> 0 | BE5: {=ifna(xlookup(AY2, 'Week 3'!$A:$A, 'Week 3'!$E:$E), "")} -> 13 | BF5: {=ifna(xlookup(AY2, 'Week 3'!$A:$A, 'Week 3'!$F:$F), "")} -> 0 | BG5: {=ifna(xlookup(AY2, 'Week 3'!$A:$A, 'Week 3'!$I:$I), "")} -> 24 | BH5: =iferror(IF(BB5>0, (BB5/(BB5+BG5)), ""),"") -> 0.36842105
A6: Game 4 | B6: =ifna(if(I6<>"", "Yes", ""), "") | C6: {=ifna(xlookup(A2, 'Week 4'!$A:$A, 'Week 4'!$B:$B), "")} -> Win | D6: {=ifna(xlookup(A2, 'Week 4'!$A:$A, 'Week 4'!$D:$D), "")} | E6: {=ifna(xlookup(A2, 'Week 4'!$A:$A, 'Week 4'!$G:$G), "")} | F6: {=ifna(xlookup(A2, 'Week 4'!$A:$A, 'Week 4'!$H:$H), "")} | G6: {=ifna(xlookup(A2, 'Week 4'!$A:$A, 'Week 4'!$E:$E), "")} | H6: {=ifna(xlookup(A2, 'Week 4'!$A:$A, 'Week 4'!$F:$F), "")} | I6: {=ifna(xlookup(A2, 'Week 4'!$A:$A, 'Week 4'!$I:$I), "")} | J6: =iferror(IF(D6>0, (D6/(D6+I6)), ""),"") | K6: Game 4 | L6: =ifna(if(S6<>"", "Yes", ""), "") -> Yes | M6: {=ifna(xlookup(K2, 'Week 4'!$A:$A, 'Week 4'!$B:$B), "")} -> Loss | N6: {=ifna(xlookup(K2, 'Week 4'!$A:$A, 'Week 4'!$D:$D), "")} -> 15 | O6: {=ifna(xlookup(K2, 'Week 4'!$A:$A, 'Week 4'!$G:$G), "")} -> 7 | P6: {=ifna(xlookup(K2, 'Week 4'!$A:$A, 'Week 4'!$H:$H), "")} -> 2 | Q6: {=ifna(xlookup(K2, 'Week 4'!$A:$A, 'Week 4'!$E:$E), "")} -> 6 | R6: {=ifna(xlookup(K2, 'Week 4'!$A:$A, 'Week 4'!$F:$F), "")} -> 0 | S6: {=ifna(xlookup(K2, 'Week 4'!$A:$A, 'Week 4'!$I:$I), "")} -> 30 | T6: =iferror(IF(N6>0, (N6/(N6+S6)), ""),"") -> 0.33333333 | U6: Game 4 | V6: =ifna(if(AC6<>"", "Yes", ""), "") -> Yes | W6: {=ifna(xlookup(U2, 'Week 4'!$A:$A, 'Week 4'!$B:$B), "")} -> Loss | X6: {=ifna(xlookup(U2, 'Week 4'!$A:$A, 'Week 4'!$D:$D), "")} -> 15 | Y6: {=ifna(xlookup(U2, 'Week 4'!$A:$A, 'Week 4'!$G:$G), "")} -> 9 | Z6: {=ifna(xlookup(U2, 'Week 4'!$A:$A, 'Week 4'!$H:$H), "")} -> 1 | AA6: {=ifna(xlookup(U2, 'Week 4'!$A:$A, 'Week 4'!$E:$E), "")} -> 5 | AB6: {=ifna(xlookup(U2, 'Week 4'!$A:$A, 'Week 4'!$F:$F), "")} -> 0 | AC6: {=ifna(xlookup(U2, 'Week 4'!$A:$A, 'Week 4'!$I:$I), "")} -> 20 | AD6: =iferror(IF(X6>0, (X6/(X6+AC6)), ""),"") -> 0.42857143 | AE6: Game 4 | AF6: =ifna(if(AM6<>"", "Yes", ""), "") -> Yes | AG6: {=ifna(xlookup(AE2, 'Week 4'!$A:$A, 'Week 4'!$B:$B), "")} -> Win | AH6: {=ifna(xlookup(AE2, 'Week 4'!$A:$A, 'Week 4'!$D:$D), "")} -> 25 | AI6: {=ifna(xlookup(AE2, 'Week 4'!$A:$A, 'Week 4'!$G:$G), "")} -> 9 | AJ6: {=ifna(xlookup(AE2, 'Week 4'!$A:$A, 'Week 4'!$H:$H), "")} -> 4 | AK6: {=ifna(xlookup(AE2, 'Week 4'!$A:$A, 'Week 4'!$E:$E), "")} -> 9 | AL6: {=ifna(xlookup(AE2, 'Week 4'!$A:$A, 'Week 4'!$F:$F), "")} -> 3 | AM6: {=ifna(xlookup(AE2, 'Week 4'!$A:$A, 'Week 4'!$I:$I), "")} -> 25 | AN6: =iferror(IF(AH6>0, (AH6/(AH6+AM6)), ""),"") -> 0.5 | AO6: Game 4 | AP6: =ifna(if(AW6<>"", "Yes", ""), "") -> Yes | AQ6: {=ifna(xlookup(AO2, 'Week 4'!$A:$A, 'Week 4'!$B:$B), "")} -> Win | AR6: {=ifna(xlookup(AO2, 'Week 4'!$A:$A, 'Week 4'!$D:$D), "")} -> 27 | AS6: {=ifna(xlookup(AO2, 'Week 4'!$A:$A, 'Week 4'!$G:$G), "")} -> 10 | AT6: {=ifna(xlookup(AO2, 'Week 4'!$A:$A, 'Week 4'!$H:$H), "")} -> 3 | AU6: {=ifna(xlookup(AO2, 'Week 4'!$A:$A, 'Week 4'!$E:$E), "")} -> 9 | AV6: {=ifna(xlookup(AO2, 'Week 4'!$A:$A, 'Week 4'!$F:$F), "")} -> 5 | AW6: {=ifna(xlookup(AO2, 'Week 4'!$A:$A, 'Week 4'!$I:$I), "")} -> 20 | AX6: =iferror(IF(AR6>0, (AR6/(AR6+AW6)), ""),"") -> 0.57446809 | AY6: Game 4 | AZ6: =ifna(if(BG6<>"", "Yes", ""), "") -> Yes | BA6: {=ifna(xlookup(AY2, 'Week 4'!$A:$A, 'Week 4'!$B:$B), "")} -> Loss | BB6: {=ifna(xlookup(AY2, 'Week 4'!$A:$A, 'Week 4'!$D:$D), "")} -> 11 | BC6: {=ifna(xlookup(AY2, 'Week 4'!$A:$A, 'Week 4'!$G:$G), "")} -> 4 | BD6: {=ifna(xlookup(AY2, 'Week 4'!$A:$A, 'Week 4'!$H:$H), "")} -> 2 | BE6: {=ifna(xlookup(AY2, 'Week 4'!$A:$A, 'Week 4'!$E:$E), "")} -> 5 | BF6: {=ifna(xlookup(AY2, 'Week 4'!$A:$A, 'Week 4'!$F:$F), "")} -> 0 | BG6: {=ifna(xlookup(AY2, 'Week 4'!$A:$A, 'Week 4'!$I:$I), "")} -> 24 | BH6: =iferror(IF(BB6>0, (BB6/(BB6+BG6)), ""),"") -> 0.31428571
A7: Game 5 | B7: =ifna(if(I7<>"", "Yes", ""), "") | C7: {=ifna(xlookup(A2, 'Week 5'!$A:$A, 'Week 5'!$B:$B), "")} -> Loss | D7: {=ifna(xlookup(A2, 'Week 5'!$A:$A, 'Week 5'!$D:$D), "")} | E7: {=ifna(xlookup(A2, 'Week 5'!$A:$A, 'Week 5'!$G:$G), "")} | F7: {=ifna(xlookup(A2, 'Week 5'!$A:$A, 'Week 5'!$H:$H), "")} | G7: {=ifna(xlookup(A2, 'Week 5'!$A:$A, 'Week 5'!$E:$E), "")} | H7: {=ifna(xlookup(A2, 'Week 5'!$A:$A, 'Week 5'!$F:$F), "")} | I7: {=ifna(xlookup(A2, 'Week 5'!$A:$A, 'Week 5'!$I:$I), "")} | J7: =iferror(IF(D7>0, (D7/(D7+I7)), ""),"") | K7: Game 5 | L7: =ifna(if(S7<>"", "Yes", ""), "") -> Yes | M7: {=ifna(xlookup(K2, 'Week 5'!$A:$A, 'Week 5'!$B:$B), "")} -> Win | N7: {=ifna(xlookup(K2, 'Week 5'!$A:$A, 'Week 5'!$D:$D), "")} -> 16 | O7: {=ifna(xlookup(K2, 'Week 5'!$A:$A, 'Week 5'!$G:$G), "")} -> 7 | P7: {=ifna(xlookup(K2, 'Week 5'!$A:$A, 'Week 5'!$H:$H), "")} -> 2 | Q7: {=ifna(xlookup(K2, 'Week 5'!$A:$A, 'Week 5'!$E:$E), "")} -> 6 | R7: {=ifna(xlookup(K2, 'Week 5'!$A:$A, 'Week 5'!$F:$F), "")} -> 1 | S7: {=ifna(xlookup(K2, 'Week 5'!$A:$A, 'Week 5'!$I:$I), "")} -> 33 | T7: =iferror(IF(N7>0, (N7/(N7+S7)), ""),"") -> 0.32653061 | U7: Game 5 | V7: =ifna(if(AC7<>"", "Yes", ""), "") -> Yes | W7: {=ifna(xlookup(U2, 'Week 5'!$A:$A, 'Week 5'!$B:$B), "")} -> Loss | X7: {=ifna(xlookup(U2, 'Week 5'!$A:$A, 'Week 5'!$D:$D), "")} -> 18 | Y7: {=ifna(xlookup(U2, 'Week 5'!$A:$A, 'Week 5'!$G:$G), "")} -> 7 | Z7: {=ifna(xlookup(U2, 'Week 5'!$A:$A, 'Week 5'!$H:$H), "")} -> 6 | AA7: {=ifna(xlookup(U2, 'Week 5'!$A:$A, 'Week 5'!$E:$E), "")} -> 4 | AB7: {=ifna(xlookup(U2, 'Week 5'!$A:$A, 'Week 5'!$F:$F), "")} -> 1 | AC7: {=ifna(xlookup(U2, 'Week 5'!$A:$A, 'Week 5'!$I:$I), "")} -> 27 | AD7: =iferror(IF(X7>0, (X7/(X7+AC7)), ""),"") -> 0.4 | AE7: Game 5 | AF7: =ifna(if(AM7<>"", "Yes", ""), "") -> Yes | AG7: {=ifna(xlookup(AE2, 'Week 5'!$A:$A, 'Week 5'!$B:$B), "")} -> Win | AH7: {=ifna(xlookup(AE2, 'Week 5'!$A:$A, 'Week 5'!$D:$D), "")} -> 23 | AI7: {=ifna(xlookup(AE2, 'Week 5'!$A:$A, 'Week 5'!$G:$G), "")} -> 8 | AJ7: {=ifna(xlookup(AE2, 'Week 5'!$A:$A, 'Week 5'!$H:$H), "")} -> 4 | AK7: {=ifna(xlookup(AE2, 'Week 5'!$A:$A, 'Week 5'!$E:$E), "")} -> 7 | AL7: {=ifna(xlookup(AE2, 'Week 5'!$A:$A, 'Week 5'!$F:$F), "")} -> 4 | AM7: {=ifna(xlookup(AE2, 'Week 5'!$A:$A, 'Week 5'!$I:$I), "")} -> 26 | AN7: =iferror(IF(AH7>0, (AH7/(AH7+AM7)), ""),"") -> 0.46938776 | AO7: Game 5 | AP7: =ifna(if(AW7<>"", "Yes", ""), "") -> Yes | AQ7: {=ifna(xlookup(AO2, 'Week 5'!$A:$A, 'Week 5'!$B:$B), "")} -> Win | AR7: {=ifna(xlookup(AO2, 'Week 5'!$A:$A, 'Week 5'!$D:$D), "")} -> 26 | AS7: {=ifna(xlookup(AO2, 'Week 5'!$A:$A, 'Week 5'!$G:$G), "")} -> 11 | AT7: {=ifna(xlookup(AO2, 'Week 5'!$A:$A, 'Week 5'!$H:$H), "")} -> 3 | AU7: {=ifna(xlookup(AO2, 'Week 5'!$A:$A, 'Week 5'!$E:$E), "")} -> 6 | AV7: {=ifna(xlookup(AO2, 'Week 5'!$A:$A, 'Week 5'!$F:$F), "")} -> 6 | AW7: {=ifna(xlookup(AO2, 'Week 5'!$A:$A, 'Week 5'!$I:$I), "")} -> 20 | AX7: =iferror(IF(AR7>0, (AR7/(AR7+AW7)), ""),"") -> 0.56521739 | AY7: Game 5 | AZ7: =ifna(if(BG7<>"", "Yes", ""), "") -> Yes | BA7: {=ifna(xlookup(AY2, 'Week 5'!$A:$A, 'Week 5'!$B:$B), "")} -> Loss | BB7: {=ifna(xlookup(AY2, 'Week 5'!$A:$A, 'Week 5'!$D:$D), "")} -> 22 | BC7: {=ifna(xlookup(AY2, 'Week 5'!$A:$A, 'Week 5'!$G:$G), "")} -> 8 | BD7: {=ifna(xlookup(AY2, 'Week 5'!$A:$A, 'Week 5'!$H:$H), "")} -> 1 | BE7: {=ifna(xlookup(AY2, 'Week 5'!$A:$A, 'Week 5'!$E:$E), "")} -> 11 | BF7: {=ifna(xlookup(AY2, 'Week 5'!$A:$A, 'Week 5'!$F:$F), "")} -> 2 | BG7: {=ifna(xlookup(AY2, 'Week 5'!$A:$A, 'Week 5'!$I:$I), "")} -> 29 | BH7: =iferror(IF(BB7>0, (BB7/(BB7+BG7)), ""),"") -> 0.43137255
A8: Game 6 | B8: =ifna(if(I8<>"", "Yes", ""), "") | C8: {=ifna(xlookup(A2, 'Week 6'!$A:$A, 'Week 6'!$B:$B), "")} -> Win | D8: {=ifna(xlookup(A2, 'Week 6'!$A:$A, 'Week 6'!$D:$D), "")} | E8: {=ifna(xlookup(A2, 'Week 6'!$A:$A, 'Week 6'!$G:$G), "")} | F8: {=ifna(xlookup(A2, 'Week 6'!$A:$A, 'Week 6'!$H:$H), "")} | G8: {=ifna(xlookup(A2, 'Week 6'!$A:$A, 'Week 6'!$E:$E), "")} | H8: {=ifna(xlookup(A2, 'Week 6'!$A:$A, 'Week 6'!$F:$F), "")} | I8: {=ifna(xlookup(A2, 'Week 6'!$A:$A, 'Week 6'!$I:$I), "")} | J8: =iferror(IF(D8>0, (D8/(D8+I8)), ""),"") | K8: Game 6 | L8: =ifna(if(S8<>"", "Yes", ""), "") -> Yes | M8: {=ifna(xlookup(K2, 'Week 6'!$A:$A, 'Week 6'!$B:$B), "")} -> Loss | N8: {=ifna(xlookup(K2, 'Week 6'!$A:$A, 'Week 6'!$D:$D), "")} -> 7 | O8: {=ifna(xlookup(K2, 'Week 6'!$A:$A, 'Week 6'!$G:$G), "")} -> 5 | P8: {=ifna(xlookup(K2, 'Week 6'!$A:$A, 'Week 6'!$H:$H), "")} -> 1 | Q8: {=ifna(xlookup(K2, 'Week 6'!$A:$A, 'Week 6'!$E:$E), "")} -> 1 | R8: {=ifna(xlookup(K2, 'Week 6'!$A:$A, 'Week 6'!$F:$F), "")} -> 0 | S8: {=ifna(xlookup(K2, 'Week 6'!$A:$A, 'Week 6'!$I:$I), "")} -> 25 | T8: =iferror(IF(N8>0, (N8/(N8+S8)), ""),"") -> 0.21875 | U8: Game 6 | V8: =ifna(if(AC8<>"", "Yes", ""), "") -> Yes | W8: {=ifna(xlookup(U2, 'Week 6'!$A:$A, 'Week 6'!$B:$B), "")} -> Loss | X8: {=ifna(xlookup(U2, 'Week 6'!$A:$A, 'Week 6'!$D:$D), "")} -> 27 | Y8: {=ifna(xlookup(U2, 'Week 6'!$A:$A, 'Week 6'!$G:$G), "")} -> 9 | Z8: {=ifna(xlookup(U2, 'Week 6'!$A:$A, 'Week 6'!$H:$H), "")} -> 4 | AA8: {=ifna(xlookup(U2, 'Week 6'!$A:$A, 'Week 6'!$E:$E), "")} -> 10 | AB8: {=ifna(xlookup(U2, 'Week 6'!$A:$A, 'Week 6'!$F:$F), "")} -> 4 | AC8: {=ifna(xlookup(U2, 'Week 6'!$A:$A, 'Week 6'!$I:$I), "")} -> 20 | AD8: =iferror(IF(X8>0, (X8/(X8+AC8)), ""),"") -> 0.57446809 | AE8: Game 6 | AF8: =ifna(if(AM8<>"", "Yes", ""), "") -> Yes | AG8: {=ifna(xlookup(AE2, 'Week 6'!$A:$A, 'Week 6'!$B:$B), "")} -> Loss | AH8: {=ifna(xlookup(AE2, 'Week 6'!$A:$A, 'Week 6'!$D:$D), "")} -> 23 | AI8: {=ifna(xlookup(AE2, 'Week 6'!$A:$A, 'Week 6'!$G:$G), "")} -> 13 | AJ8: {=ifna(xlookup(AE2, 'Week 6'!$A:$A, 'Week 6'!$H:$H), "")} -> 2 | AK8: {=ifna(xlookup(AE2, 'Week 6'!$A:$A, 'Week 6'!$E:$E), "")} -> 6 | AL8: {=ifna(xlookup(AE2, 'Week 6'!$A:$A, 'Week 6'!$F:$F), "")} -> 2 | AM8: {=ifna(xlookup(AE2, 'Week 6'!$A:$A, 'Week 6'!$I:$I), "")} -> 25 | AN8: =iferror(IF(AH8>0, (AH8/(AH8+AM8)), ""),"") -> 0.47916667 | AO8: Game 6 | AP8: =ifna(if(AW8<>"", "Yes", ""), "") -> Yes | AQ8: {=ifna(xlookup(AO2, 'Week 6'!$A:$A, 'Week 6'!$B:$B), "")} -> Win | AR8: {=ifna(xlookup(AO2, 'Week 6'!$A:$A, 'Week 6'!$D:$D), "")} -> 17 | AS8: {=ifna(xlookup(AO2, 'Week 6'!$A:$A, 'Week 6'!$G:$G), "")} -> 8 | AT8: {=ifna(xlookup(AO2, 'Week 6'!$A:$A, 'Week 6'!$H:$H), "")} -> 1 | AU8: {=ifna(xlookup(AO2, 'Week 6'!$A:$A, 'Week 6'!$E:$E), "")} -> 5 | AV8: {=ifna(xlookup(AO2, 'Week 6'!$A:$A, 'Week 6'!$F:$F), "")} -> 3 | AW8: {=ifna(xlookup(AO2, 'Week 6'!$A:$A, 'Week 6'!$I:$I), "")} -> 20 | AX8: =iferror(IF(AR8>0, (AR8/(AR8+AW8)), ""),"") -> 0.45945946 | AY8: Game 6 | AZ8: =ifna(if(BG8<>"", "Yes", ""), "") -> Yes | BA8: {=ifna(xlookup(AY2, 'Week 6'!$A:$A, 'Week 6'!$B:$B), "")} -> Win | BB8: {=ifna(xlookup(AY2, 'Week 6'!$A:$A, 'Week 6'!$D:$D), "")} -> 20 | BC8: {=ifna(xlookup(AY2, 'Week 6'!$A:$A, 'Week 6'!$G:$G), "")} -> 7 | BD8: {=ifna(xlookup(AY2, 'Week 6'!$A:$A, 'Week 6'!$H:$H), "")} -> 0 | BE8: {=ifna(xlookup(AY2, 'Week 6'!$A:$A, 'Week 6'!$E:$E), "")} -> 11 | BF8: {=ifna(xlookup(AY2, 'Week 6'!$A:$A, 'Week 6'!$F:$F), "")} -> 2 | BG8: {=ifna(xlookup(AY2, 'Week 6'!$A:$A, 'Week 6'!$I:$I), "")} -> 24 | BH8: =iferror(IF(BB8>0, (BB8/(BB8+BG8)), ""),"") -> 0.45454545
A9: Game 7 | B9: =ifna(if(I9<>"", "Yes", ""), "") -> Yes | C9: {=ifna(xlookup(A2, 'Week 7'!$A:$A, 'Week 7'!$B:$B), "")} -> Win | D9: {=ifna(xlookup(A2, 'Week 7'!$A:$A, 'Week 7'!$D:$D), "")} -> 10 | E9: {=ifna(xlookup(A2, 'Week 7'!$A:$A, 'Week 7'!$G:$G), "")} -> 7 | F9: {=ifna(xlookup(A2, 'Week 7'!$A:$A, 'Week 7'!$H:$H), "")} -> 1 | G9: {=ifna(xlookup(A2, 'Week 7'!$A:$A, 'Week 7'!$E:$E), "")} -> 2 | H9: {=ifna(xlookup(A2, 'Week 7'!$A:$A, 'Week 7'!$F:$F), "")} -> 0 | I9: {=ifna(xlookup(A2, 'Week 7'!$A:$A, 'Week 7'!$I:$I), "")} -> 29 | J9: =iferror(IF(D9>0, (D9/(D9+I9)), ""),"") -> 0.25641026 | K9: Game 7 | L9: =ifna(if(S9<>"", "Yes", ""), "") -> Yes | M9: {=ifna(xlookup(K2, 'Week 7'!$A:$A, 'Week 7'!$B:$B), "")} -> Win | N9: {=ifna(xlookup(K2, 'Week 7'!$A:$A, 'Week 7'!$D:$D), "")} -> 12 | O9: {=ifna(xlookup(K2, 'Week 7'!$A:$A, 'Week 7'!$G:$G), "")} -> 8 | P9: {=ifna(xlookup(K2, 'Week 7'!$A:$A, 'Week 7'!$H:$H), "")} -> 0 | Q9: {=ifna(xlookup(K2, 'Week 7'!$A:$A, 'Week 7'!$E:$E), "")} -> 4 | R9: {=ifna(xlookup(K2, 'Week 7'!$A:$A, 'Week 7'!$F:$F), "")} -> 0 | S9: {=ifna(xlookup(K2, 'Week 7'!$A:$A, 'Week 7'!$I:$I), "")} -> 22 | T9: =iferror(IF(N9>0, (N9/(N9+S9)), ""),"") -> 0.35294118 | U9: Game 7 | V9: =ifna(if(AC9<>"", "Yes", ""), "") -> Yes | W9: {=ifna(xlookup(U2, 'Week 7'!$A:$A, 'Week 7'!$B:$B), "")} -> Loss | X9: {=ifna(xlookup(U2, 'Week 7'!$A:$A, 'Week 7'!$D:$D), "")} -> 22 | Y9: {=ifna(xlookup(U2, 'Week 7'!$A:$A, 'Week 7'!$G:$G), "")} -> 11 | Z9: {=ifna(xlookup(U2, 'Week 7'!$A:$A, 'Week 7'!$H:$H), "")} -> 2 | AA9: {=ifna(xlookup(U2, 'Week 7'!$A:$A, 'Week 7'!$E:$E), "")} -> 4 | AB9: {=ifna(xlookup(U2, 'Week 7'!$A:$A, 'Week 7'!$F:$F), "")} -> 5 | AC9: {=ifna(xlookup(U2, 'Week 7'!$A:$A, 'Week 7'!$I:$I), "")} -> 19 | AD9: =iferror(IF(X9>0, (X9/(X9+AC9)), ""),"") -> 0.53658537 | AE9: Game 7 | AF9: =ifna(if(AM9<>"", "Yes", ""), "") -> Yes | AG9: {=ifna(xlookup(AE2, 'Week 7'!$A:$A, 'Week 7'!$B:$B), "")} -> Loss | AH9: {=ifna(xlookup(AE2, 'Week 7'!$A:$A, 'Week 7'!$D:$D), "")} -> 11 | AI9: {=ifna(xlookup(AE2, 'Week 7'!$A:$A, 'Week 7'!$G:$G), "")} -> 3 | AJ9: {=ifna(xlookup(AE2, 'Week 7'!$A:$A, 'Week 7'!$H:$H), "")} -> 0 | AK9: {=ifna(xlookup(AE2, 'Week 7'!$A:$A, 'Week 7'!$E:$E), "")} -> 6 | AL9: {=ifna(xlookup(AE2, 'Week 7'!$A:$A, 'Week 7'!$F:$F), "")} -> 2 | AM9: {=ifna(xlookup(AE2, 'Week 7'!$A:$A, 'Week 7'!$I:$I), "")} -> 28 | AN9: =iferror(IF(AH9>0, (AH9/(AH9+AM9)), ""),"") -> 0.28205128 | AO9: Game 7 | AP9: =ifna(if(AW9<>"", "Yes", ""), "") -> Yes | AQ9: {=ifna(xlookup(AO2, 'Week 7'!$A:$A, 'Week 7'!$B:$B), "")} -> Win | AR9: {=ifna(xlookup(AO2, 'Week 7'!$A:$A, 'Week 7'!$D:$D), "")} -> 24 | AS9: {=ifna(xlookup(AO2, 'Week 7'!$A:$A, 'Week 7'!$G:$G), "")} -> 9 | AT9: {=ifna(xlookup(AO2, 'Week 7'!$A:$A, 'Week 7'!$H:$H), "")} -> 1 | AU9: {=ifna(xlookup(AO2, 'Week 7'!$A:$A, 'Week 7'!$E:$E), "")} -> 7 | AV9: {=ifna(xlookup(AO2, 'Week 7'!$A:$A, 'Week 7'!$F:$F), "")} -> 7 | AW9: {=ifna(xlookup(AO2, 'Week 7'!$A:$A, 'Week 7'!$I:$I), "")} -> 22 | AX9: =iferror(IF(AR9>0, (AR9/(AR9+AW9)), ""),"") -> 0.52173913 | AY9: Game 7 | AZ9: =ifna(if(BG9<>"", "Yes", ""), "") -> Yes | BA9: {=ifna(xlookup(AY2, 'Week 7'!$A:$A, 'Week 7'!$B:$B), "")} -> Loss | BB9: {=ifna(xlookup(AY2, 'Week 7'!$A:$A, 'Week 7'!$D:$D), "")} -> 12 | BC9: {=ifna(xlookup(AY2, 'Week 7'!$A:$A, 'Week 7'!$G:$G), "")} -> 5 | BD9: {=ifna(xlookup(AY2, 'Week 7'!$A:$A, 'Week 7'!$H:$H), "")} -> 0 | BE9: {=ifna(xlookup(AY2, 'Week 7'!$A:$A, 'Week 7'!$E:$E), "")} -> 5 | BF9: {=ifna(xlookup(AY2, 'Week 7'!$A:$A, 'Week 7'!$F:$F), "")} -> 2 | BG9: {=ifna(xlookup(AY2, 'Week 7'!$A:$A, 'Week 7'!$I:$I), "")} -> 28 | BH9: =iferror(IF(BB9>0, (BB9/(BB9+BG9)), ""),"") -> 0.3
A10: Game 8 | K10: Game 8 | U10: Game 8 | AE10: Game 8 | AO10: Game 8 | AY10: Game 8
A11: Game 9 | K11: Game 9 | U11: Game 9 | AE11: Game 9 | AO11: Game 9 | AY11: Game 9
A12: average | B12: =countif(B3:B11, "Yes") -> 4 | C12: =IFERROR( COUNTIFS(B3:B9,"Yes", C3:C9,"Win") / COUNTIF(B3:B9,"Yes"), "") -> 0.25 | D12: =if(B12>0, average(D3:D11), "") -> 10.75 | E12: =if(B12>0, average(E3:E11), "") -> 5.75 | F12: =if(B12>0, average(F3:F11), "") -> 1 | G12: =if(B12>0, average(G3:G11), "") -> 4 | H12: =if(B12>0, average(H3:H11), "") -> 0 | I12: =if(B12>0, average(I3:I11), "") -> 30.75 | J12: =if(B12>0, D12/(I12+D12), "") -> 0.25903614 | K12: average | L12: =countif(L3:L11, "Yes") -> 7 | M12: =IFERROR( COUNTIFS(L3:L9,"Yes", M3:M9,"Win") / COUNTIF(L3:L9,"Yes"), "") -> 0.42857143 | N12: =if(L12>0, average(N3:N11), "") -> 14 | O12: =if(L12>0, average(O3:O11), "") -> 5.4285714 | P12: =if(L12>0, average(P3:P11), "") -> 0.71428571 | Q12: =if(L12>0, average(Q3:Q11), "") -> 7.5714286 | R12: =if(L12>0, average(R3:R11), "") -> 0.28571429 | S12: =if(L12>0, average(S3:S11), "") -> 26.142857 | T12: =if(L12>0, N12/(S12+N12), "") -> 0.34875445 | U12: average | V12: =countif(V3:V11, "Yes") -> 7 | W12: =IFERROR( COUNTIFS(V3:V9,"Yes", W3:W9,"Win") / COUNTIF(V3:V9,"Yes"), "") -> 0.42857143 | X12: =if(V12>0, average(X3:X11), "") -> 20.428571 | Y12: =if(V12>0, average(Y3:Y11), "") -> 9.5714286 | Z12: =if(V12>0, average(Z3:Z11), "") -> 3.2857143 | AA12: =if(V12>0, average(AA3:AA11), "") -> 5.1428571 | AB12: =if(V12>0, average(AB3:AB11), "") -> 2.4285714 | AC12: =if(V12>0, average(AC3:AC11), "") -> 22 | AD12: =if(V12>0, X12/(AC12+X12), "") -> 0.48148148 | AE12: average | AF12: =countif(AF3:AF11, "Yes") -> 7 | AG12: =IFERROR( COUNTIFS(AF3:AF9,"Yes", AG3:AG9,"Win") / COUNTIF(AF3:AF9,"Yes"), "") -> 0.42857143 | AH12: =if(AF12>0, average(AH3:AH11), "") -> 19.857143 | AI12: =if(AF12>0, average(AI3:AI11), "") -> 7.8571429 | AJ12: =if(AF12>0, average(AJ3:AJ11), "") -> 3.2857143 | AK12: =if(AF12>0, average(AK3:AK11), "") -> 6.5714286 | AL12: =if(AF12>0, average(AL3:AL11), "") -> 2.1428571 | AM12: =if(AF12>0, average(AM3:AM11), "") -> 27.857143 | AN12: =if(AF12>0, AH12/(AM12+AH12), "") -> 0.41616766 | AO12: average | AP12: =countif(AP3:AP11, "Yes") -> 7 | AQ12: =IFERROR( COUNTIFS(AP3:AP9,"Yes", AQ3:AQ9,"Win") / COUNTIF(AP3:AP9,"Yes"), "") -> 0.85714286 | AR12: =if(AP12>0, average(AR3:AR11), "") -> 22.285714 | AS12: =if(AP12>0, average(AS3:AS11), "") -> 8.4285714 | AT12: =if(AP12>0, average(AT3:AT11), "") -> 2 | AU12: =if(AP12>0, average(AU3:AU11), "") -> 7.5714286 | AV12: =if(AP12>0, average(AV3:AV11), "") -> 4.2857143 | AW12: =if(AP12>0, average(AW3:AW11), "") -> 21.571429 | AX12: =if(AP12>0, AR12/(AW12+AR12), "") -> 0.50814332 | AY12: average | AZ12: =countif(AZ3:AZ11, "Yes") -> 7 | BA12: =IFERROR( COUNTIFS(AZ3:AZ9,"Yes", BA3:BA9,"Win") / COUNTIF(AZ3:AZ9,"Yes"), "") -> 0.42857143 | BB12: =if(AZ12>0, average(BB3:BB11), "") -> 17.857143 | BC12: =if(AZ12>0, average(BC3:BC11), "") -> 6.5714286 | BD12: =if(AZ12>0, average(BD3:BD11), "") -> 0.71428571 | BE12: =if(AZ12>0, average(BE3:BE11), "") -> 9.1428571 | BF12: =if(AZ12>0, average(BF3:BF11), "") -> 1.4285714 | BG12: =if(AZ12>0, average(BG3:BG11), "") -> 24.142857 | BH12: =if(AZ12>0, BB12/(BG12+BB12), "") -> 0.42517007
A13: =Draft!B48 -> Lucas | B13: =B23 -> 6 | C13: =C23 -> 0.33333333 | D13: =D23 -> 17.833333 | E13: =E23 -> 5.1666667 | F13: =F23 -> 1.3333333 | G13: =G23 -> 9.5 | H13: =H23 -> 1.8333333 | I13: =I23 -> 26.666667 | J13: =J23 -> 0.40074906 | K13: =Draft!C48 -> Neo | L13: =L23 -> 5 | M13: =M23 -> 0.4 | N13: =N23 -> 11 | O13: =O23 -> 6.6 | P13: =P23 -> 0.8 | Q13: =Q23 -> 3.4 | R13: =R23 -> 0.2 | S13: =S23 -> 27.2 | T13: =T23 -> 0.28795812 | U13: =Draft!D48 -> Cole | V13: =V23 -> 7 | W13: =W23 -> 0.42857143 | X13: =X23 -> 19.857143 | Y13: =Y23 -> 9.4285714 | Z13: =Z23 -> 1.1428571 | AA13: =AA23 -> 8.2857143 | AB13: =AB23 -> 1 | AC13: =AC23 -> 22.571429 | AD13: =AD23 -> 0.46801347 | AE13: =Draft!E48 -> Pasha | AF13: =AF23 -> 7 | AG13: =AG23 -> 0.42857143 | AH13: =AH23 -> 18.571429 | AI13: =AI23 -> 8.2857143 | AJ13: =AJ23 -> 0 | AK13: =AK23 -> 10 | AL13: =AL23 -> 0.28571429 | AM13: =AM23 -> 28.428571 | AN13: =AN23 -> 0.39513678 | AO13: =Draft!F48 -> Blark | AP13: =AP23 -> 0 | AQ13: =AQ23 | AR13: =AR23 | AS13: =AS23 | AT13: =AT23 | AU13: =AU23 | AV13: =AV23 | AW13: =AW23 | AX13: =AX23 | AY13: =Draft!G48 -> Schmid | AZ13: =AZ23 -> 3 | BA13: =BA23 -> 0.66666667 | BB13: =BB23 -> 15 | BC13: =BC23 -> 6 | BD13: =BD23 -> 1.6666667 | BE13: =BE23 -> 7.3333333 | BF13: =BF23 -> 0 | BG13: =BG23 -> 23.666667 | BH13: =BH23 -> 0.38793103
A14: Game 1 | B14: =ifna(if(I14<>"", "Yes", ""), "") -> Yes | C14: {=ifna(xlookup(A13, 'Week 1'!$A:$A, 'Week 1'!$B:$B), "")} -> Loss | D14: {=ifna(xlookup(A13, 'Week 1'!$A:$A, 'Week 1'!$D:$D), "")} -> 18 | E14: {=ifna(xlookup(A13, 'Week 1'!$A:$A, 'Week 1'!$G:$G), "")} -> 6 | F14: {=ifna(xlookup(A13, 'Week 1'!$A:$A, 'Week 1'!$H:$H), "")} -> 1 | G14: {=ifna(xlookup(A13, 'Week 1'!$A:$A, 'Week 1'!$E:$E), "")} -> 8 | H14: {=ifna(xlookup(A13, 'Week 1'!$A:$A, 'Week 1'!$F:$F), "")} -> 3 | I14: {=ifna(xlookup(A13, 'Week 1'!$A:$A, 'Week 1'!$I:$I), "")} -> 38 | J14: =iferror(IF(D14>0, (D14/(D14+I14)), ""),"") -> 0.32142857 | K14: Game 1 | L14: =ifna(if(S14<>"", "Yes", ""), "") -> Yes | M14: {=ifna(xlookup(K13, 'Week 1'!$A:$A, 'Week 1'!$B:$B), "")} -> Loss | N14: {=ifna(xlookup(K13, 'Week 1'!$A:$A, 'Week 1'!$D:$D), "")} -> 15 | O14: {=ifna(xlookup(K13, 'Week 1'!$A:$A, 'Week 1'!$G:$G), "")} -> 9 | P14: {=ifna(xlookup(K13, 'Week 1'!$A:$A, 'Week 1'!$H:$H), "")} -> 0 | Q14: {=ifna(xlookup(K13, 'Week 1'!$A:$A, 'Week 1'!$E:$E), "")} -> 5 | R14: {=ifna(xlookup(K13, 'Week 1'!$A:$A, 'Week 1'!$F:$F), "")} -> 1 | S14: {=ifna(xlookup(K13, 'Week 1'!$A:$A, 'Week 1'!$I:$I), "")} -> 21 | T14: =iferror(IF(N14>0, (N14/(N14+S14)), ""),"") -> 0.41666667 | U14: Game 1 | V14: =ifna(if(AC14<>"", "Yes", ""), "") -> Yes | W14: {=ifna(xlookup(U13, 'Week 1'!$A:$A, 'Week 1'!$B:$B), "")} -> Win | X14: {=ifna(xlookup(U13, 'Week 1'!$A:$A, 'Week 1'!$D:$D), "")} -> 15 | Y14: {=ifna(xlookup(U13, 'Week 1'!$A:$A, 'Week 1'!$G:$G), "")} -> 7 | Z14: {=ifna(xlookup(U13, 'Week 1'!$A:$A, 'Week 1'!$H:$H), "")} -> 1 | AA14: {=ifna(xlookup(U13, 'Week 1'!$A:$A, 'Week 1'!$E:$E), "")} -> 7 | AB14: {=ifna(xlookup(U13, 'Week 1'!$A:$A, 'Week 1'!$F:$F), "")} -> 0 | AC14: {=ifna(xlookup(U13, 'Week 1'!$A:$A, 'Week 1'!$I:$I), "")} -> 25 | AD14: =iferror(IF(X14>0, (X14/(X14+AC14)), ""),"") -> 0.375 | AE14: Game 1 | AF14: =ifna(if(AM14<>"", "Yes", ""), "") -> Yes | AG14: {=ifna(xlookup(AE13, 'Week 1'!$A:$A, 'Week 1'!$B:$B), "")} -> Win | AH14: {=ifna(xlookup(AE13, 'Week 1'!$A:$A, 'Week 1'!$D:$D), "")} -> 17 | AI14: {=ifna(xlookup(AE13, 'Week 1'!$A:$A, 'Week 1'!$G:$G), "")} -> 9 | AJ14: {=ifna(xlookup(AE13, 'Week 1'!$A:$A, 'Week 1'!$H:$H), "")} -> 0 | AK14: {=ifna(xlookup(AE13, 'Week 1'!$A:$A, 'Week 1'!$E:$E), "")} -> 8 | AL14: {=ifna(xlookup(AE13, 'Week 1'!$A:$A, 'Week 1'!$F:$F), "")} -> 0 | AM14: {=ifna(xlookup(AE13, 'Week 1'!$A:$A, 'Week 1'!$I:$I), "")} -> 38 | AN14: =iferror(IF(AH14>0, (AH14/(AH14+AM14)), ""),"") -> 0.30909091 | AO14: Game 1 | AP14: =ifna(if(AW14<>"", "Yes", ""), "") | AQ14: {=ifna(xlookup(AO13, 'Week 1'!$A:$A, 'Week 1'!$B:$B), "")} | AR14: {=ifna(xlookup(AO13, 'Week 1'!$A:$A, 'Week 1'!$D:$D), "")} | AS14: {=ifna(xlookup(AO13, 'Week 1'!$A:$A, 'Week 1'!$G:$G), "")} | AT14: {=ifna(xlookup(AO13, 'Week 1'!$A:$A, 'Week 1'!$H:$H), "")} | AU14: {=ifna(xlookup(AO13, 'Week 1'!$A:$A, 'Week 1'!$E:$E), "")} | AV14: {=ifna(xlookup(AO13, 'Week 1'!$A:$A, 'Week 1'!$F:$F), "")} | AW14: {=ifna(xlookup(AO13, 'Week 1'!$A:$A, 'Week 1'!$I:$I), "")} | AX14: =iferror(IF(AR14>0, (AR14/(AR14+AW14)), ""),"") | AY14: Game 1 | AZ14: =ifna(if(BG14<>"", "Yes", ""), "") -> Yes | BA14: {=ifna(xlookup(AY13, 'Week 1'!$A:$A, 'Week 1'!$B:$B), "")} -> Win | BB14: {=ifna(xlookup(AY13, 'Week 1'!$A:$A, 'Week 1'!$D:$D), "")} -> 17 | BC14: {=ifna(xlookup(AY13, 'Week 1'!$A:$A, 'Week 1'!$G:$G), "")} -> 13 | BD14: {=ifna(xlookup(AY13, 'Week 1'!$A:$A, 'Week 1'!$H:$H), "")} -> 2 | BE14: {=ifna(xlookup(AY13, 'Week 1'!$A:$A, 'Week 1'!$E:$E), "")} -> 2 | BF14: {=ifna(xlookup(AY13, 'Week 1'!$A:$A, 'Week 1'!$F:$F), "")} -> 0 | BG14: {=ifna(xlookup(AY13, 'Week 1'!$A:$A, 'Week 1'!$I:$I), "")} -> 23 | BH14: =iferror(IF(BB14>0, (BB14/(BB14+BG14)), ""),"") -> 0.425
A15: Game 2 | B15: =ifna(if(I15<>"", "Yes", ""), "") -> Yes | C15: {=ifna(xlookup(A13, 'Week 2'!$A:$A, 'Week 2'!$B:$B), "")} -> Loss | D15: {=ifna(xlookup(A13, 'Week 2'!$A:$A, 'Week 2'!$D:$D), "")} -> 19 | E15: {=ifna(xlookup(A13, 'Week 2'!$A:$A, 'Week 2'!$G:$G), "")} -> 4 | F15: {=ifna(xlookup(A13, 'Week 2'!$A:$A, 'Week 2'!$H:$H), "")} -> 0 | G15: {=ifna(xlookup(A13, 'Week 2'!$A:$A, 'Week 2'!$E:$E), "")} -> 13 | H15: {=ifna(xlookup(A13, 'Week 2'!$A:$A, 'Week 2'!$F:$F), "")} -> 2 | I15: {=ifna(xlookup(A13, 'Week 2'!$A:$A, 'Week 2'!$I:$I), "")} -> 24 | J15: =iferror(IF(D15>0, (D15/(D15+I15)), ""),"") -> 0.44186047 | K15: Game 2 | L15: =ifna(if(S15<>"", "Yes", ""), "") -> Yes | M15: {=ifna(xlookup(K13, 'Week 2'!$A:$A, 'Week 2'!$B:$B), "")} -> Loss | N15: {=ifna(xlookup(K13, 'Week 2'!$A:$A, 'Week 2'!$D:$D), "")} -> 8 | O15: {=ifna(xlookup(K13, 'Week 2'!$A:$A, 'Week 2'!$G:$G), "")} -> 5 | P15: {=ifna(xlookup(K13, 'Week 2'!$A:$A, 'Week 2'!$H:$H), "")} -> 0 | Q15: {=ifna(xlookup(K13, 'Week 2'!$A:$A, 'Week 2'!$E:$E), "")} -> 3 | R15: {=ifna(xlookup(K13, 'Week 2'!$A:$A, 'Week 2'!$F:$F), "")} -> 0 | S15: {=ifna(xlookup(K13, 'Week 2'!$A:$A, 'Week 2'!$I:$I), "")} -> 23 | T15: =iferror(IF(N15>0, (N15/(N15+S15)), ""),"") -> 0.25806452 | U15: Game 2 | V15: =ifna(if(AC15<>"", "Yes", ""), "") -> Yes | W15: {=ifna(xlookup(U13, 'Week 2'!$A:$A, 'Week 2'!$B:$B), "")} -> Win | X15: {=ifna(xlookup(U13, 'Week 2'!$A:$A, 'Week 2'!$D:$D), "")} -> 13 | Y15: {=ifna(xlookup(U13, 'Week 2'!$A:$A, 'Week 2'!$G:$G), "")} -> 3 | Z15: {=ifna(xlookup(U13, 'Week 2'!$A:$A, 'Week 2'!$H:$H), "")} -> 0 | AA15: {=ifna(xlookup(U13, 'Week 2'!$A:$A, 'Week 2'!$E:$E), "")} -> 9 | AB15: {=ifna(xlookup(U13, 'Week 2'!$A:$A, 'Week 2'!$F:$F), "")} -> 1 | AC15: {=ifna(xlookup(U13, 'Week 2'!$A:$A, 'Week 2'!$I:$I), "")} -> 24 | AD15: =iferror(IF(X15>0, (X15/(X15+AC15)), ""),"") -> 0.35135135 | AE15: Game 2 | AF15: =ifna(if(AM15<>"", "Yes", ""), "") -> Yes | AG15: {=ifna(xlookup(AE13, 'Week 2'!$A:$A, 'Week 2'!$B:$B), "")} -> Loss | AH15: {=ifna(xlookup(AE13, 'Week 2'!$A:$A, 'Week 2'!$D:$D), "")} -> 23 | AI15: {=ifna(xlookup(AE13, 'Week 2'!$A:$A, 'Week 2'!$G:$G), "")} -> 10 | AJ15: {=ifna(xlookup(AE13, 'Week 2'!$A:$A, 'Week 2'!$H:$H), "")} -> 0 | AK15: {=ifna(xlookup(AE13, 'Week 2'!$A:$A, 'Week 2'!$E:$E), "")} -> 13 | AL15: {=ifna(xlookup(AE13, 'Week 2'!$A:$A, 'Week 2'!$F:$F), "")} -> 0 | AM15: {=ifna(xlookup(AE13, 'Week 2'!$A:$A, 'Week 2'!$I:$I), "")} -> 21 | AN15: =iferror(IF(AH15>0, (AH15/(AH15+AM15)), ""),"") -> 0.52272727 | AO15: Game 2 | AP15: =ifna(if(AW15<>"", "Yes", ""), "") | AQ15: {=ifna(xlookup(AO13, 'Week 2'!$A:$A, 'Week 2'!$B:$B), "")} | AR15: {=ifna(xlookup(AO13, 'Week 2'!$A:$A, 'Week 2'!$D:$D), "")} | AS15: {=ifna(xlookup(AO13, 'Week 2'!$A:$A, 'Week 2'!$G:$G), "")} | AT15: {=ifna(xlookup(AO13, 'Week 2'!$A:$A, 'Week 2'!$H:$H), "")} | AU15: {=ifna(xlookup(AO13, 'Week 2'!$A:$A, 'Week 2'!$E:$E), "")} | AV15: {=ifna(xlookup(AO13, 'Week 2'!$A:$A, 'Week 2'!$F:$F), "")} | AW15: {=ifna(xlookup(AO13, 'Week 2'!$A:$A, 'Week 2'!$I:$I), "")} | AX15: =iferror(IF(AR15>0, (AR15/(AR15+AW15)), ""),"") | AY15: Game 2 | AZ15: =ifna(if(BG15<>"", "Yes", ""), "") -> Yes | BA15: {=ifna(xlookup(AY13, 'Week 2'!$A:$A, 'Week 2'!$B:$B), "")} -> Win | BB15: {=ifna(xlookup(AY13, 'Week 2'!$A:$A, 'Week 2'!$D:$D), "")} -> 18 | BC15: {=ifna(xlookup(AY13, 'Week 2'!$A:$A, 'Week 2'!$G:$G), "")} -> 4 | BD15: {=ifna(xlookup(AY13, 'Week 2'!$A:$A, 'Week 2'!$H:$H), "")} -> 1 | BE15: {=ifna(xlookup(AY13, 'Week 2'!$A:$A, 'Week 2'!$E:$E), "")} -> 13 | BF15: {=ifna(xlookup(AY13, 'Week 2'!$A:$A, 'Week 2'!$F:$F), "")} -> 0 | BG15: {=ifna(xlookup(AY13, 'Week 2'!$A:$A, 'Week 2'!$I:$I), "")} -> 20 | BH15: =iferror(IF(BB15>0, (BB15/(BB15+BG15)), ""),"") -> 0.47368421
A16: Game 3 | B16: =ifna(if(I16<>"", "Yes", ""), "") -> Yes | C16: {=ifna(xlookup(A13, 'Week 3'!$A:$A, 'Week 3'!$B:$B), "")} -> Loss | D16: {=ifna(xlookup(A13, 'Week 3'!$A:$A, 'Week 3'!$D:$D), "")} -> 13 | E16: {=ifna(xlookup(A13, 'Week 3'!$A:$A, 'Week 3'!$G:$G), "")} -> 7 | F16: {=ifna(xlookup(A13, 'Week 3'!$A:$A, 'Week 3'!$H:$H), "")} -> 1 | G16: {=ifna(xlookup(A13, 'Week 3'!$A:$A, 'Week 3'!$E:$E), "")} -> 4 | H16: {=ifna(xlookup(A13, 'Week 3'!$A:$A, 'Week 3'!$F:$F), "")} -> 1 | I16: {=ifna(xlookup(A13, 'Week 3'!$A:$A, 'Week 3'!$I:$I), "")} -> 27 | J16: =iferror(IF(D16>0, (D16/(D16+I16)), ""),"") -> 0.325 | K16: Game 3 | L16: =ifna(if(S16<>"", "Yes", ""), "") -> Yes | M16: {=ifna(xlookup(K13, 'Week 3'!$A:$A, 'Week 3'!$B:$B), "")} -> Win | N16: {=ifna(xlookup(K13, 'Week 3'!$A:$A, 'Week 3'!$D:$D), "")} -> 10 | O16: {=ifna(xlookup(K13, 'Week 3'!$A:$A, 'Week 3'!$G:$G), "")} -> 5 | P16: {=ifna(xlookup(K13, 'Week 3'!$A:$A, 'Week 3'!$H:$H), "")} -> 2 | Q16: {=ifna(xlookup(K13, 'Week 3'!$A:$A, 'Week 3'!$E:$E), "")} -> 3 | R16: {=ifna(xlookup(K13, 'Week 3'!$A:$A, 'Week 3'!$F:$F), "")} -> 0 | S16: {=ifna(xlookup(K13, 'Week 3'!$A:$A, 'Week 3'!$I:$I), "")} -> 34 | T16: =iferror(IF(N16>0, (N16/(N16+S16)), ""),"") -> 0.22727273 | U16: Game 3 | V16: =ifna(if(AC16<>"", "Yes", ""), "") -> Yes | W16: {=ifna(xlookup(U13, 'Week 3'!$A:$A, 'Week 3'!$B:$B), "")} -> Win | X16: {=ifna(xlookup(U13, 'Week 3'!$A:$A, 'Week 3'!$D:$D), "")} -> 23 | Y16: {=ifna(xlookup(U13, 'Week 3'!$A:$A, 'Week 3'!$G:$G), "")} -> 15 | Z16: {=ifna(xlookup(U13, 'Week 3'!$A:$A, 'Week 3'!$H:$H), "")} -> 1 | AA16: {=ifna(xlookup(U13, 'Week 3'!$A:$A, 'Week 3'!$E:$E), "")} -> 5 | AB16: {=ifna(xlookup(U13, 'Week 3'!$A:$A, 'Week 3'!$F:$F), "")} -> 2 | AC16: {=ifna(xlookup(U13, 'Week 3'!$A:$A, 'Week 3'!$I:$I), "")} -> 22 | AD16: =iferror(IF(X16>0, (X16/(X16+AC16)), ""),"") -> 0.51111111 | AE16: Game 3 | AF16: =ifna(if(AM16<>"", "Yes", ""), "") -> Yes | AG16: {=ifna(xlookup(AE13, 'Week 3'!$A:$A, 'Week 3'!$B:$B), "")} -> Loss | AH16: {=ifna(xlookup(AE13, 'Week 3'!$A:$A, 'Week 3'!$D:$D), "")} -> 20 | AI16: {=ifna(xlookup(AE13, 'Week 3'!$A:$A, 'Week 3'!$G:$G), "")} -> 12 | AJ16: {=ifna(xlookup(AE13, 'Week 3'!$A:$A, 'Week 3'!$H:$H), "")} -> 0 | AK16: {=ifna(xlookup(AE13, 'Week 3'!$A:$A, 'Week 3'!$E:$E), "")} -> 8 | AL16: {=ifna(xlookup(AE13, 'Week 3'!$A:$A, 'Week 3'!$F:$F), "")} -> 0 | AM16: {=ifna(xlookup(AE13, 'Week 3'!$A:$A, 'Week 3'!$I:$I), "")} -> 31 | AN16: =iferror(IF(AH16>0, (AH16/(AH16+AM16)), ""),"") -> 0.39215686 | AO16: Game 3 | AP16: =ifna(if(AW16<>"", "Yes", ""), "") | AQ16: {=ifna(xlookup(AO13, 'Week 3'!$A:$A, 'Week 3'!$B:$B), "")} | AR16: {=ifna(xlookup(AO13, 'Week 3'!$A:$A, 'Week 3'!$D:$D), "")} | AS16: {=ifna(xlookup(AO13, 'Week 3'!$A:$A, 'Week 3'!$G:$G), "")} | AT16: {=ifna(xlookup(AO13, 'Week 3'!$A:$A, 'Week 3'!$H:$H), "")} | AU16: {=ifna(xlookup(AO13, 'Week 3'!$A:$A, 'Week 3'!$E:$E), "")} | AV16: {=ifna(xlookup(AO13, 'Week 3'!$A:$A, 'Week 3'!$F:$F), "")} | AW16: {=ifna(xlookup(AO13, 'Week 3'!$A:$A, 'Week 3'!$I:$I), "")} | AX16: =iferror(IF(AR16>0, (AR16/(AR16+AW16)), ""),"") | AY16: Game 3 | AZ16: =ifna(if(BG16<>"", "Yes", ""), "") -> Yes | BA16: {=ifna(xlookup(AY13, 'Week 3'!$A:$A, 'Week 3'!$B:$B), "")} -> Loss | BB16: {=ifna(xlookup(AY13, 'Week 3'!$A:$A, 'Week 3'!$D:$D), "")} -> 10 | BC16: {=ifna(xlookup(AY13, 'Week 3'!$A:$A, 'Week 3'!$G:$G), "")} -> 1 | BD16: {=ifna(xlookup(AY13, 'Week 3'!$A:$A, 'Week 3'!$H:$H), "")} -> 2 | BE16: {=ifna(xlookup(AY13, 'Week 3'!$A:$A, 'Week 3'!$E:$E), "")} -> 7 | BF16: {=ifna(xlookup(AY13, 'Week 3'!$A:$A, 'Week 3'!$F:$F), "")} -> 0 | BG16: {=ifna(xlookup(AY13, 'Week 3'!$A:$A, 'Week 3'!$I:$I), "")} -> 28 | BH16: =iferror(IF(BB16>0, (BB16/(BB16+BG16)), ""),"") -> 0.26315789
A17: Game 4 | B17: =ifna(if(I17<>"", "Yes", ""), "") -> Yes | C17: {=ifna(xlookup(A13, 'Week 4'!$A:$A, 'Week 4'!$B:$B), "")} -> Win | D17: {=ifna(xlookup(A13, 'Week 4'!$A:$A, 'Week 4'!$D:$D), "")} -> 17 | E17: {=ifna(xlookup(A13, 'Week 4'!$A:$A, 'Week 4'!$G:$G), "")} -> 4 | F17: {=ifna(xlookup(A13, 'Week 4'!$A:$A, 'Week 4'!$H:$H), "")} -> 3 | G17: {=ifna(xlookup(A13, 'Week 4'!$A:$A, 'Week 4'!$E:$E), "")} -> 9 | H17: {=ifna(xlookup(A13, 'Week 4'!$A:$A, 'Week 4'!$F:$F), "")} -> 1 | I17: {=ifna(xlookup(A13, 'Week 4'!$A:$A, 'Week 4'!$I:$I), "")} -> 20 | J17: =iferror(IF(D17>0, (D17/(D17+I17)), ""),"") -> 0.45945946 | K17: Game 4 | L17: =ifna(if(S17<>"", "Yes", ""), "") | M17: {=ifna(xlookup(K13, 'Week 4'!$A:$A, 'Week 4'!$B:$B), "")} -> Loss | N17: {=ifna(xlookup(K13, 'Week 4'!$A:$A, 'Week 4'!$D:$D), "")} | O17: {=ifna(xlookup(K13, 'Week 4'!$A:$A, 'Week 4'!$G:$G), "")} | P17: {=ifna(xlookup(K13, 'Week 4'!$A:$A, 'Week 4'!$H:$H), "")} | Q17: {=ifna(xlookup(K13, 'Week 4'!$A:$A, 'Week 4'!$E:$E), "")} | R17: {=ifna(xlookup(K13, 'Week 4'!$A:$A, 'Week 4'!$F:$F), "")} | S17: {=ifna(xlookup(K13, 'Week 4'!$A:$A, 'Week 4'!$I:$I), "")} | T17: =iferror(IF(N17>0, (N17/(N17+S17)), ""),"") | U17: Game 4 | V17: =ifna(if(AC17<>"", "Yes", ""), "") -> Yes | W17: {=ifna(xlookup(U13, 'Week 4'!$A:$A, 'Week 4'!$B:$B), "")} -> Loss | X17: {=ifna(xlookup(U13, 'Week 4'!$A:$A, 'Week 4'!$D:$D), "")} -> 24 | Y17: {=ifna(xlookup(U13, 'Week 4'!$A:$A, 'Week 4'!$G:$G), "")} -> 11 | Z17: {=ifna(xlookup(U13, 'Week 4'!$A:$A, 'Week 4'!$H:$H), "")} -> 3 | AA17: {=ifna(xlookup(U13, 'Week 4'!$A:$A, 'Week 4'!$E:$E), "")} -> 8 | AB17: {=ifna(xlookup(U13, 'Week 4'!$A:$A, 'Week 4'!$F:$F), "")} -> 2 | AC17: {=ifna(xlookup(U13, 'Week 4'!$A:$A, 'Week 4'!$I:$I), "")} -> 19 | AD17: =iferror(IF(X17>0, (X17/(X17+AC17)), ""),"") -> 0.55813953 | AE17: Game 4 | AF17: =ifna(if(AM17<>"", "Yes", ""), "") -> Yes | AG17: {=ifna(xlookup(AE13, 'Week 4'!$A:$A, 'Week 4'!$B:$B), "")} -> Win | AH17: {=ifna(xlookup(AE13, 'Week 4'!$A:$A, 'Week 4'!$D:$D), "")} -> 18 | AI17: {=ifna(xlookup(AE13, 'Week 4'!$A:$A, 'Week 4'!$G:$G), "")} -> 8 | AJ17: {=ifna(xlookup(AE13, 'Week 4'!$A:$A, 'Week 4'!$H:$H), "")} -> 0 | AK17: {=ifna(xlookup(AE13, 'Week 4'!$A:$A, 'Week 4'!$E:$E), "")} -> 9 | AL17: {=ifna(xlookup(AE13, 'Week 4'!$A:$A, 'Week 4'!$F:$F), "")} -> 1 | AM17: {=ifna(xlookup(AE13, 'Week 4'!$A:$A, 'Week 4'!$I:$I), "")} -> 29 | AN17: =iferror(IF(AH17>0, (AH17/(AH17+AM17)), ""),"") -> 0.38297872 | AO17: Game 4 | AP17: =ifna(if(AW17<>"", "Yes", ""), "") | AQ17: {=ifna(xlookup(AO13, 'Week 4'!$A:$A, 'Week 4'!$B:$B), "")} | AR17: {=ifna(xlookup(AO13, 'Week 4'!$A:$A, 'Week 4'!$D:$D), "")} | AS17: {=ifna(xlookup(AO13, 'Week 4'!$A:$A, 'Week 4'!$G:$G), "")} | AT17: {=ifna(xlookup(AO13, 'Week 4'!$A:$A, 'Week 4'!$H:$H), "")} | AU17: {=ifna(xlookup(AO13, 'Week 4'!$A:$A, 'Week 4'!$E:$E), "")} | AV17: {=ifna(xlookup(AO13, 'Week 4'!$A:$A, 'Week 4'!$F:$F), "")} | AW17: {=ifna(xlookup(AO13, 'Week 4'!$A:$A, 'Week 4'!$I:$I), "")} | AX17: =iferror(IF(AR17>0, (AR17/(AR17+AW17)), ""),"") | AY17: Game 4 | AZ17: =ifna(if(BG17<>"", "Yes", ""), "") | BA17: {=ifna(xlookup(AY13, 'Week 4'!$A:$A, 'Week 4'!$B:$B), "")} -> Loss | BB17: {=ifna(xlookup(AY13, 'Week 4'!$A:$A, 'Week 4'!$D:$D), "")} | BC17: {=ifna(xlookup(AY13, 'Week 4'!$A:$A, 'Week 4'!$G:$G), "")} | BD17: {=ifna(xlookup(AY13, 'Week 4'!$A:$A, 'Week 4'!$H:$H), "")} | BE17: {=ifna(xlookup(AY13, 'Week 4'!$A:$A, 'Week 4'!$E:$E), "")} | BF17: {=ifna(xlookup(AY13, 'Week 4'!$A:$A, 'Week 4'!$F:$F), "")} | BG17: {=ifna(xlookup(AY13, 'Week 4'!$A:$A, 'Week 4'!$I:$I), "")} | BH17: =iferror(IF(BB17>0, (BB17/(BB17+BG17)), ""),"")
A18: Game 5 | B18: =ifna(if(I18<>"", "Yes", ""), "") -> Yes | C18: {=ifna(xlookup(A13, 'Week 5'!$A:$A, 'Week 5'!$B:$B), "")} -> Loss | D18: {=ifna(xlookup(A13, 'Week 5'!$A:$A, 'Week 5'!$D:$D), "")} -> 18 | E18: {=ifna(xlookup(A13, 'Week 5'!$A:$A, 'Week 5'!$G:$G), "")} -> 6 | F18: {=ifna(xlookup(A13, 'Week 5'!$A:$A, 'Week 5'!$H:$H), "")} -> 1 | G18: {=ifna(xlookup(A13, 'Week 5'!$A:$A, 'Week 5'!$E:$E), "")} -> 10 | H18: {=ifna(xlookup(A13, 'Week 5'!$A:$A, 'Week 5'!$F:$F), "")} -> 1 | I18: {=ifna(xlookup(A13, 'Week 5'!$A:$A, 'Week 5'!$I:$I), "")} -> 23 | J18: =iferror(IF(D18>0, (D18/(D18+I18)), ""),"") -> 0.43902439 | K18: Game 5 | L18: =ifna(if(S18<>"", "Yes", ""), "") -> Yes | M18: {=ifna(xlookup(K13, 'Week 5'!$A:$A, 'Week 5'!$B:$B), "")} -> Win | N18: {=ifna(xlookup(K13, 'Week 5'!$A:$A, 'Week 5'!$D:$D), "")} -> 13 | O18: {=ifna(xlookup(K13, 'Week 5'!$A:$A, 'Week 5'!$G:$G), "")} -> 5 | P18: {=ifna(xlookup(K13, 'Week 5'!$A:$A, 'Week 5'!$H:$H), "")} -> 2 | Q18: {=ifna(xlookup(K13, 'Week 5'!$A:$A, 'Week 5'!$E:$E), "")} -> 6 | R18: {=ifna(xlookup(K13, 'Week 5'!$A:$A, 'Week 5'!$F:$F), "")} -> 0 | S18: {=ifna(xlookup(K13, 'Week 5'!$A:$A, 'Week 5'!$I:$I), "")} -> 33 | T18: =iferror(IF(N18>0, (N18/(N18+S18)), ""),"") -> 0.2826087 | U18: Game 5 | V18: =ifna(if(AC18<>"", "Yes", ""), "") -> Yes | W18: {=ifna(xlookup(U13, 'Week 5'!$A:$A, 'Week 5'!$B:$B), "")} -> Loss | X18: {=ifna(xlookup(U13, 'Week 5'!$A:$A, 'Week 5'!$D:$D), "")} -> 16 | Y18: {=ifna(xlookup(U13, 'Week 5'!$A:$A, 'Week 5'!$G:$G), "")} -> 10 | Z18: {=ifna(xlookup(U13, 'Week 5'!$A:$A, 'Week 5'!$H:$H), "")} -> 0 | AA18: {=ifna(xlookup(U13, 'Week 5'!$A:$A, 'Week 5'!$E:$E), "")} -> 6 | AB18: {=ifna(xlookup(U13, 'Week 5'!$A:$A, 'Week 5'!$F:$F), "")} -> 0 | AC18: {=ifna(xlookup(U13, 'Week 5'!$A:$A, 'Week 5'!$I:$I), "")} -> 28 | AD18: =iferror(IF(X18>0, (X18/(X18+AC18)), ""),"") -> 0.36363636 | AE18: Game 5 | AF18: =ifna(if(AM18<>"", "Yes", ""), "") -> Yes | AG18: {=ifna(xlookup(AE13, 'Week 5'!$A:$A, 'Week 5'!$B:$B), "")} -> Win | AH18: {=ifna(xlookup(AE13, 'Week 5'!$A:$A, 'Week 5'!$D:$D), "")} -> 13 | AI18: {=ifna(xlookup(AE13, 'Week 5'!$A:$A, 'Week 5'!$G:$G), "")} -> 5 | AJ18: {=ifna(xlookup(AE13, 'Week 5'!$A:$A, 'Week 5'!$H:$H), "")} -> 0 | AK18: {=ifna(xlookup(AE13, 'Week 5'!$A:$A, 'Week 5'!$E:$E), "")} -> 8 | AL18: {=ifna(xlookup(AE13, 'Week 5'!$A:$A, 'Week 5'!$F:$F), "")} -> 0 | AM18: {=ifna(xlookup(AE13, 'Week 5'!$A:$A, 'Week 5'!$I:$I), "")} -> 28 | AN18: =iferror(IF(AH18>0, (AH18/(AH18+AM18)), ""),"") -> 0.31707317 | AO18: Game 5 | AP18: =ifna(if(AW18<>"", "Yes", ""), "") | AQ18: {=ifna(xlookup(AO13, 'Week 5'!$A:$A, 'Week 5'!$B:$B), "")} | AR18: {=ifna(xlookup(AO13, 'Week 5'!$A:$A, 'Week 5'!$D:$D), "")} | AS18: {=ifna(xlookup(AO13, 'Week 5'!$A:$A, 'Week 5'!$G:$G), "")} | AT18: {=ifna(xlookup(AO13, 'Week 5'!$A:$A, 'Week 5'!$H:$H), "")} | AU18: {=ifna(xlookup(AO13, 'Week 5'!$A:$A, 'Week 5'!$E:$E), "")} | AV18: {=ifna(xlookup(AO13, 'Week 5'!$A:$A, 'Week 5'!$F:$F), "")} | AW18: {=ifna(xlookup(AO13, 'Week 5'!$A:$A, 'Week 5'!$I:$I), "")} | AX18: =iferror(IF(AR18>0, (AR18/(AR18+AW18)), ""),"") | AY18: Game 5 | AZ18: =ifna(if(BG18<>"", "Yes", ""), "") | BA18: {=ifna(xlookup(AY13, 'Week 5'!$A:$A, 'Week 5'!$B:$B), "")} -> Loss | BB18: {=ifna(xlookup(AY13, 'Week 5'!$A:$A, 'Week 5'!$D:$D), "")} | BC18: {=ifna(xlookup(AY13, 'Week 5'!$A:$A, 'Week 5'!$G:$G), "")} | BD18: {=ifna(xlookup(AY13, 'Week 5'!$A:$A, 'Week 5'!$H:$H), "")} | BE18: {=ifna(xlookup(AY13, 'Week 5'!$A:$A, 'Week 5'!$E:$E), "")} | BF18: {=ifna(xlookup(AY13, 'Week 5'!$A:$A, 'Week 5'!$F:$F), "")} | BG18: {=ifna(xlookup(AY13, 'Week 5'!$A:$A, 'Week 5'!$I:$I), "")} | BH18: =iferror(IF(BB18>0, (BB18/(BB18+BG18)), ""),"")
A19: Game 6 | B19: =ifna(if(I19<>"", "Yes", ""), "") | C19: {=ifna(xlookup(A13, 'Week 6'!$A:$A, 'Week 6'!$B:$B), "")} -> Win | D19: {=ifna(xlookup(A13, 'Week 6'!$A:$A, 'Week 6'!$D:$D), "")} | E19: {=ifna(xlookup(A13, 'Week 6'!$A:$A, 'Week 6'!$G:$G), "")} | F19: {=ifna(xlookup(A13, 'Week 6'!$A:$A, 'Week 6'!$H:$H), "")} | G19: {=ifna(xlookup(A13, 'Week 6'!$A:$A, 'Week 6'!$E:$E), "")} | H19: {=ifna(xlookup(A13, 'Week 6'!$A:$A, 'Week 6'!$F:$F), "")} | I19: {=ifna(xlookup(A13, 'Week 6'!$A:$A, 'Week 6'!$I:$I), "")} | J19: =iferror(IF(D19>0, (D19/(D19+I19)), ""),"") | K19: Game 6 | L19: =ifna(if(S19<>"", "Yes", ""), "") -> Yes | M19: {=ifna(xlookup(K13, 'Week 6'!$A:$A, 'Week 6'!$B:$B), "")} -> Loss | N19: {=ifna(xlookup(K13, 'Week 6'!$A:$A, 'Week 6'!$D:$D), "")} -> 9 | O19: {=ifna(xlookup(K13, 'Week 6'!$A:$A, 'Week 6'!$G:$G), "")} -> 9 | P19: {=ifna(xlookup(K13, 'Week 6'!$A:$A, 'Week 6'!$H:$H), "")} -> 0 | Q19: {=ifna(xlookup(K13, 'Week 6'!$A:$A, 'Week 6'!$E:$E), "")} -> 0 | R19: {=ifna(xlookup(K13, 'Week 6'!$A:$A, 'Week 6'!$F:$F), "")} -> 0 | S19: {=ifna(xlookup(K13, 'Week 6'!$A:$A, 'Week 6'!$I:$I), "")} -> 25 | T19: =iferror(IF(N19>0, (N19/(N19+S19)), ""),"") -> 0.26470588 | U19: Game 6 | V19: =ifna(if(AC19<>"", "Yes", ""), "") -> Yes | W19: {=ifna(xlookup(U13, 'Week 6'!$A:$A, 'Week 6'!$B:$B), "")} -> Loss | X19: {=ifna(xlookup(U13, 'Week 6'!$A:$A, 'Week 6'!$D:$D), "")} -> 22 | Y19: {=ifna(xlookup(U13, 'Week 6'!$A:$A, 'Week 6'!$G:$G), "")} -> 8 | Z19: {=ifna(xlookup(U13, 'Week 6'!$A:$A, 'Week 6'!$H:$H), "")} -> 0 | AA19: {=ifna(xlookup(U13, 'Week 6'!$A:$A, 'Week 6'!$E:$E), "")} -> 12 | AB19: {=ifna(xlookup(U13, 'Week 6'!$A:$A, 'Week 6'!$F:$F), "")} -> 2 | AC19: {=ifna(xlookup(U13, 'Week 6'!$A:$A, 'Week 6'!$I:$I), "")} -> 20 | AD19: =iferror(IF(X19>0, (X19/(X19+AC19)), ""),"") -> 0.52380952 | AE19: Game 6 | AF19: =ifna(if(AM19<>"", "Yes", ""), "") -> Yes | AG19: {=ifna(xlookup(AE13, 'Week 6'!$A:$A, 'Week 6'!$B:$B), "")} -> Loss | AH19: {=ifna(xlookup(AE13, 'Week 6'!$A:$A, 'Week 6'!$D:$D), "")} -> 19 | AI19: {=ifna(xlookup(AE13, 'Week 6'!$A:$A, 'Week 6'!$G:$G), "")} -> 6 | AJ19: {=ifna(xlookup(AE13, 'Week 6'!$A:$A, 'Week 6'!$H:$H), "")} -> 0 | AK19: {=ifna(xlookup(AE13, 'Week 6'!$A:$A, 'Week 6'!$E:$E), "")} -> 12 | AL19: {=ifna(xlookup(AE13, 'Week 6'!$A:$A, 'Week 6'!$F:$F), "")} -> 1 | AM19: {=ifna(xlookup(AE13, 'Week 6'!$A:$A, 'Week 6'!$I:$I), "")} -> 25 | AN19: =iferror(IF(AH19>0, (AH19/(AH19+AM19)), ""),"") -> 0.43181818 | AO19: Game 6 | AP19: =ifna(if(AW19<>"", "Yes", ""), "") | AQ19: {=ifna(xlookup(AO13, 'Week 6'!$A:$A, 'Week 6'!$B:$B), "")} | AR19: {=ifna(xlookup(AO13, 'Week 6'!$A:$A, 'Week 6'!$D:$D), "")} | AS19: {=ifna(xlookup(AO13, 'Week 6'!$A:$A, 'Week 6'!$G:$G), "")} | AT19: {=ifna(xlookup(AO13, 'Week 6'!$A:$A, 'Week 6'!$H:$H), "")} | AU19: {=ifna(xlookup(AO13, 'Week 6'!$A:$A, 'Week 6'!$E:$E), "")} | AV19: {=ifna(xlookup(AO13, 'Week 6'!$A:$A, 'Week 6'!$F:$F), "")} | AW19: {=ifna(xlookup(AO13, 'Week 6'!$A:$A, 'Week 6'!$I:$I), "")} | AX19: =iferror(IF(AR19>0, (AR19/(AR19+AW19)), ""),"") | AY19: Game 6 | AZ19: =ifna(if(BG19<>"", "Yes", ""), "") | BA19: {=ifna(xlookup(AY13, 'Week 6'!$A:$A, 'Week 6'!$B:$B), "")} -> Win | BB19: {=ifna(xlookup(AY13, 'Week 6'!$A:$A, 'Week 6'!$D:$D), "")} | BC19: {=ifna(xlookup(AY13, 'Week 6'!$A:$A, 'Week 6'!$G:$G), "")} | BD19: {=ifna(xlookup(AY13, 'Week 6'!$A:$A, 'Week 6'!$H:$H), "")} | BE19: {=ifna(xlookup(AY13, 'Week 6'!$A:$A, 'Week 6'!$E:$E), "")} | BF19: {=ifna(xlookup(AY13, 'Week 6'!$A:$A, 'Week 6'!$F:$F), "")} | BG19: {=ifna(xlookup(AY13, 'Week 6'!$A:$A, 'Week 6'!$I:$I), "")} | BH19: =iferror(IF(BB19>0, (BB19/(BB19+BG19)), ""),"")
A20: Game 7 | B20: =ifna(if(I20<>"", "Yes", ""), "") -> Yes | C20: {=ifna(xlookup(A13, 'Week 7'!$A:$A, 'Week 7'!$B:$B), "")} -> Win | D20: {=ifna(xlookup(A13, 'Week 7'!$A:$A, 'Week 7'!$D:$D), "")} -> 22 | E20: {=ifna(xlookup(A13, 'Week 7'!$A:$A, 'Week 7'!$G:$G), "")} -> 4 | F20: {=ifna(xlookup(A13, 'Week 7'!$A:$A, 'Week 7'!$H:$H), "")} -> 2 | G20: {=ifna(xlookup(A13, 'Week 7'!$A:$A, 'Week 7'!$E:$E), "")} -> 13 | H20: {=ifna(xlookup(A13, 'Week 7'!$A:$A, 'Week 7'!$F:$F), "")} -> 3 | I20: {=ifna(xlookup(A13, 'Week 7'!$A:$A, 'Week 7'!$I:$I), "")} -> 28 | J20: =iferror(IF(D20>0, (D20/(D20+I20)), ""),"") -> 0.44 | K20: Game 7 | L20: =ifna(if(S20<>"", "Yes", ""), "") | M20: {=ifna(xlookup(K13, 'Week 7'!$A:$A, 'Week 7'!$B:$B), "")} -> Win | N20: {=ifna(xlookup(K13, 'Week 7'!$A:$A, 'Week 7'!$D:$D), "")} | O20: {=ifna(xlookup(K13, 'Week 7'!$A:$A, 'Week 7'!$G:$G), "")} | P20: {=ifna(xlookup(K13, 'Week 7'!$A:$A, 'Week 7'!$H:$H), "")} | Q20: {=ifna(xlookup(K13, 'Week 7'!$A:$A, 'Week 7'!$E:$E), "")} | R20: {=ifna(xlookup(K13, 'Week 7'!$A:$A, 'Week 7'!$F:$F), "")} | S20: {=ifna(xlookup(K13, 'Week 7'!$A:$A, 'Week 7'!$I:$I), "")} | T20: =iferror(IF(N20>0, (N20/(N20+S20)), ""),"") | U20: Game 7 | V20: =ifna(if(AC20<>"", "Yes", ""), "") -> Yes | W20: {=ifna(xlookup(U13, 'Week 7'!$A:$A, 'Week 7'!$B:$B), "")} -> Loss | X20: {=ifna(xlookup(U13, 'Week 7'!$A:$A, 'Week 7'!$D:$D), "")} -> 26 | Y20: {=ifna(xlookup(U13, 'Week 7'!$A:$A, 'Week 7'!$G:$G), "")} -> 12 | Z20: {=ifna(xlookup(U13, 'Week 7'!$A:$A, 'Week 7'!$H:$H), "")} -> 3 | AA20: {=ifna(xlookup(U13, 'Week 7'!$A:$A, 'Week 7'!$E:$E), "")} -> 11 | AB20: {=ifna(xlookup(U13, 'Week 7'!$A:$A, 'Week 7'!$F:$F), "")} -> 0 | AC20: {=ifna(xlookup(U13, 'Week 7'!$A:$A, 'Week 7'!$I:$I), "")} -> 20 | AD20: =iferror(IF(X20>0, (X20/(X20+AC20)), ""),"") -> 0.56521739 | AE20: Game 7 | AF20: =ifna(if(AM20<>"", "Yes", ""), "") -> Yes | AG20: {=ifna(xlookup(AE13, 'Week 7'!$A:$A, 'Week 7'!$B:$B), "")} -> Loss | AH20: {=ifna(xlookup(AE13, 'Week 7'!$A:$A, 'Week 7'!$D:$D), "")} -> 20 | AI20: {=ifna(xlookup(AE13, 'Week 7'!$A:$A, 'Week 7'!$G:$G), "")} -> 8 | AJ20: {=ifna(xlookup(AE13, 'Week 7'!$A:$A, 'Week 7'!$H:$H), "")} -> 0 | AK20: {=ifna(xlookup(AE13, 'Week 7'!$A:$A, 'Week 7'!$E:$E), "")} -> 12 | AL20: {=ifna(xlookup(AE13, 'Week 7'!$A:$A, 'Week 7'!$F:$F), "")} -> 0 | AM20: {=ifna(xlookup(AE13, 'Week 7'!$A:$A, 'Week 7'!$I:$I), "")} -> 27 | AN20: =iferror(IF(AH20>0, (AH20/(AH20+AM20)), ""),"") -> 0.42553191 | AO20: Game 7 | AP20: =ifna(if(AW20<>"", "Yes", ""), "") | AQ20: {=ifna(xlookup(AO13, 'Week 7'!$A:$A, 'Week 7'!$B:$B), "")} | AR20: {=ifna(xlookup(AO13, 'Week 7'!$A:$A, 'Week 7'!$D:$D), "")} | AS20: {=ifna(xlookup(AO13, 'Week 7'!$A:$A, 'Week 7'!$G:$G), "")} | AT20: {=ifna(xlookup(AO13, 'Week 7'!$A:$A, 'Week 7'!$H:$H), "")} | AU20: {=ifna(xlookup(AO13, 'Week 7'!$A:$A, 'Week 7'!$E:$E), "")} | AV20: {=ifna(xlookup(AO13, 'Week 7'!$A:$A, 'Week 7'!$F:$F), "")} | AW20: {=ifna(xlookup(AO13, 'Week 7'!$A:$A, 'Week 7'!$I:$I), "")} | AX20: =iferror(IF(AR20>0, (AR20/(AR20+AW20)), ""),"") | AY20: Game 7 | AZ20: =ifna(if(BG20<>"", "Yes", ""), "") | BA20: {=ifna(xlookup(AY13, 'Week 7'!$A:$A, 'Week 7'!$B:$B), "")} -> Loss | BB20: {=ifna(xlookup(AY13, 'Week 7'!$A:$A, 'Week 7'!$D:$D), "")} | BC20: {=ifna(xlookup(AY13, 'Week 7'!$A:$A, 'Week 7'!$G:$G), "")} | BD20: {=ifna(xlookup(AY13, 'Week 7'!$A:$A, 'Week 7'!$H:$H), "")} | BE20: {=ifna(xlookup(AY13, 'Week 7'!$A:$A, 'Week 7'!$E:$E), "")} | BF20: {=ifna(xlookup(AY13, 'Week 7'!$A:$A, 'Week 7'!$F:$F), "")} | BG20: {=ifna(xlookup(AY13, 'Week 7'!$A:$A, 'Week 7'!$I:$I), "")} | BH20: =iferror(IF(BB20>0, (BB20/(BB20+BG20)), ""),"")
